Merchant_Category,Merchant_ID,Card_Type,Is_Chip,Is_Pin_Used,Distance_From_Home,Device_Type,Amount_Mean_User,Fraud_Flag
7,3947,2,1,1,0.6124124038499158,2,-0.8621114654498747,0
7,6255,1,1,0,-0.6490289741408263,1,1.5374537357325782,0
2,1632,2,0,0,0.25111577349250197,1,-0.32719553643712107,0
9,4030,2,0,0,-0.882323369743042,2,1.6412983947591273,0
0,7529,1,1,0,-0.4694129350488548,0,-0.19486398530121582,0
7,7072,3,0,0,-0.9504535914675829,2,-0.2028138156573152,0
2,4884,1,1,0,0.005434064849460481,2,-0.3649572306285934,0
5,3344,1,0,0,-0.24644130031399367,0,-0.4412259156074225,0
1,5095,0,0,0,-0.7790957610694952,1,2.4550794667319313,0
5,2830,2,1,0,1.5249444645240695,0,0.3860533058241759,0
0,2802,3,0,0,2.214504890463362,1,1.1132971619415228,0
4,9367,2,1,1,0.005434064849460481,0,0.8659415028408036,0
6,4048,2,0,0,-0.7378047176000765,1,1.496710855157569,0
1,3131,0,1,0,-0.2546995090078774,2,1.2149887419132945,0
8,2100,0,0,0,0.3192459952170429,1,-0.8805368535147927,0
0,6311,0,1,0,0.32337509956398464,1,-0.7540848644130859,0
2,2129,2,0,0,-1.0020673958043562,0,-0.4280590090801328,0
1,1906,2,0,1,-0.9360017262532863,2,-0.6600118718659091,0
2,8199,3,1,0,-0.38683084811001733,2,-0.5403503628600375,0
5,7359,0,0,0,-0.7150946436918962,0,-0.9863689701303666,0
2,8560,0,0,0,-0.463219278528442,2,0.44948632720721937,0
8,1666,3,1,0,-0.5148330828652155,0,-0.3883098572996355,0
5,7681,1,0,0,0.9778381385542714,1,-0.8662105967272385,0
6,5179,1,0,1,-0.5726405437224016,1,0.39590778303642415,0
9,6502,3,0,0,1.6963022949221573,2,0.04147784632699057,0
9,1900,0,0,0,-0.26915137422217406,0,-0.4085984868542643,0
7,9454,3,1,0,-0.20102115249763314,2,-0.13764176888387497,0
9,5843,0,1,0,-0.8079994914980884,1,-0.12828415606888294,0
1,9477,0,0,0,-0.6180606915387622,1,-0.4254918763609757,0
1,5318,3,0,1,-0.47560659156926766,0,-0.5723981164830633,0
1,9724,1,1,0,0.472022856053892,2,1.0439017677914049,0
3,6554,0,0,0,-0.9938091871104726,2,-0.6189377483593954,0
0,3500,3,0,0,0.011627721369873341,0,-0.43551197503897604,0
8,7339,2,1,0,0.9138370211766722,1,-0.7800046238032852,0
0,9358,0,1,0,-0.5065748741713316,2,0.29405058159889996,0
2,9095,2,1,0,-0.4818002480896804,1,-0.597034309513684,0
2,8052,2,0,0,-0.981421874069647,0,2.264946024048554,0
5,4667,0,1,0,0.7073818038295786,2,1.7652660618745533,0
2,1515,0,0,1,-0.8389677741001523,1,-0.9418167958430593,0
6,4093,1,0,1,-0.4157345785386105,1,-0.5493353273770872,0
0,8166,1,0,1,0.21808293871696696,0,-0.8549483370560976,0
9,6584,2,0,1,0.9881608994216262,2,0.7716200780949987,0
0,1539,0,0,0,-0.8183222523654431,2,1.6498279002453593,0
2,5412,1,0,0,1.0955176124421149,2,-0.3228065675946911,0
2,8577,1,0,0,-0.44463830896720363,1,-1.0941057336020892,0
5,8827,3,0,0,-0.7027073306510705,2,0.03766855261469286,0
1,6710,0,0,0,-0.6552226306612391,2,-0.578608921448766,0
9,2072,0,0,0,-0.11018085686491186,1,-0.23593810880772956,0
3,2194,2,1,0,-0.6985782263041288,2,-0.017690422312937104,0
1,4286,3,0,0,-0.5499304698142213,0,0.3489126921292737,0
3,4857,3,1,0,-0.8802588175695711,0,-0.42350441877195083,0
2,9734,0,1,0,-0.7357401654266056,2,-0.4271480910184964,0
1,4695,3,1,0,-0.6077379306714075,1,0.6185030330072085,0
0,7450,0,0,0,1.2937146210953245,0,-0.09623640244585703,0
9,5028,3,0,0,-0.04824429166078381,0,0.8816755420872505,0
7,3830,3,0,0,0.4699583038804211,1,-0.5336426934970785,0
8,3063,3,0,0,-0.32076517855894743,1,-0.6155425083114779,0
8,4163,0,0,0,-0.8224513567123849,0,0.45635961803593017,0
8,8675,2,0,0,-0.44670286114067453,1,0.05505880651866034,0
4,9335,0,1,0,-0.9979382914574145,0,-0.11163919876079981,0
3,7333,0,0,0,-0.8947106827838677,1,2.546005651429819,0
9,4049,0,0,1,0.5339594212580201,1,-0.40694227219674367,0
2,8649,2,0,0,1.1079049254829405,0,-0.19088907012316608,0
7,3818,3,0,0,0.1602754778597807,1,1.5758779157870593,0
9,1880,0,0,0,-0.30424876117117994,2,-0.9353575586787285,0
6,9749,0,0,0,1.8428854992385932,1,-0.740255472022788,0
2,5457,2,0,0,1.766497068820169,2,1.4356793450279304,0
7,8229,3,0,0,0.15201726916589695,2,-0.35369497095745256,0
9,2819,3,0,0,-0.853419639314449,1,0.6340714507879033,0
0,8021,3,1,0,-0.5458013654672794,0,-0.5687544442365177,0
8,8393,3,0,0,-0.6799972567428904,2,-0.617944019564883,0
0,3082,3,0,0,-0.7667084480286697,0,2.395538549794062,0
6,2261,0,0,0,-0.8637424001818036,2,-0.1440181953153298,0
6,9742,1,0,0,0.12517809091077478,0,-0.8655481108642302,0
3,3719,2,0,1,-0.9009043393042804,2,-0.6861800634547366,0
2,5443,2,0,0,-0.8224513567123849,0,-0.3396999571014025,0
9,6524,1,1,0,0.7940929951153579,0,-0.9438042534320841,0
4,1119,2,1,0,0.13756540395160033,1,-0.40139395309404924,0
7,2680,2,0,0,0.1912437604618448,2,-0.9903438853084162,0
5,5606,1,0,0,0.09008070396176888,1,-0.9520025159868116,0
8,4329,0,1,0,0.6949944907887533,0,-0.4853640362303496,0
4,8367,0,0,0,-0.2423121959670519,1,1.8752387151339287,0
1,8293,2,0,1,1.9502422122590826,2,-0.4720315082373078,0
3,7291,1,0,0,2.5840597295146592,0,0.571135293802116,0
6,9733,0,1,0,1.3680384993402783,1,-0.11097671289779142,0
4,9856,1,1,0,-0.6965136741306578,1,-0.2775919074443756,0
6,4020,1,0,0,-1.0000028436308854,0,-0.5540969445174594,0
4,7969,1,0,0,1.8222399775038844,2,0.6608193175068627,0
7,7878,1,1,0,-0.8079994914980884,1,-0.025681658035474626,0
7,7443,2,0,0,0.42453815606406053,1,0.15683319722330857,0
9,7264,2,0,1,-0.7130300915184252,1,-0.5585687240927653,0
3,4861,1,1,0,-0.26502226987523214,1,0.7755949932730486,0
8,6765,2,0,0,-0.4838648002631514,0,-0.7484537345775155,0
9,8525,3,0,0,-0.5974151698040528,2,0.8871824558235067,0
9,5990,0,0,0,0.07975794309441425,1,1.67467112010817,0
4,6033,2,0,0,-0.7646438958551987,1,-0.9422308495074394,0
9,5733,2,0,0,-0.41779913071208136,0,-0.9610288858702996,0
7,3538,0,0,0,0.4369254691048861,2,0.10689832529905895,0
8,7186,1,1,0,-0.9380662784267574,1,-0.6386467027838919,0
1,9252,1,0,0,-0.6283834524061169,1,-0.6042802486403371,0
9,8328,0,1,0,-0.2794741350895287,2,-0.30011642678665734,0
0,2293,0,0,0,-1.0000028436308854,0,-0.9682334196305148,0
7,3183,0,0,0,-0.8348386697532105,0,-0.8915506809873055,0
1,7093,2,0,0,-0.9649054566818795,1,-0.23941615958852308,0
1,8639,1,0,1,-0.6841263610898322,0,0.402863884598011,0
6,3123,1,1,0,-0.9938091871104726,1,-0.754167675145962,0
9,1021,2,0,1,0.7755120255541196,0,-0.8596685488300317,0
1,5709,2,0,0,0.6268642690642122,0,-0.6080067316197587,0
6,9643,2,0,0,-0.6221897958857041,1,-1.0189135881506486,0
6,1952,2,0,0,-0.8059349393246173,0,-0.4946388383124656,0
5,8251,0,0,0,-0.5375431567733957,0,-0.6494949087906526,0
6,7986,3,0,0,-0.6015442741509948,1,-0.5541797552503355,0
3,2916,2,0,1,-0.6304480045795878,0,-0.26782024096500334,0
8,6423,1,0,0,1.120292238523766,1,-0.02940814101489614,0
1,1029,3,1,1,0.3626015908599325,1,0.26995265833197357,0
3,4329,1,1,0,-0.8018058349776755,1,-0.8337487894398324,0
4,7350,1,0,0,-0.8575487436613908,2,0.01754554452581632,0
9,1290,2,0,0,-0.2526349568344065,1,-0.29672118673873993,0
6,4552,3,0,0,1.6261075210241454,0,0.1703313466821024,0
1,4473,3,1,0,-0.6221897958857041,2,0.17886085216833408,0
9,1925,2,0,1,-0.2794741350895287,1,-0.640965403304421,0
7,6101,3,1,1,-0.2753450307425868,2,-0.4610176807647951,0
4,4446,0,0,0,0.8642877690133698,0,1.989103472838478,0
5,6774,1,1,0,-0.37237898289572086,1,1.7915998749291322,0
0,3945,2,0,0,-0.7089009871714834,0,1.0505266264214876,0
8,9318,1,0,0,0.6640262081866892,0,-0.8158616711386086,0
6,3240,1,1,0,-0.7089009871714834,1,-0.7516833531596809,0
8,7563,3,0,0,-0.5870924089366982,1,-0.9802409758975399,0
0,4218,2,1,0,1.3453284254320979,1,-0.5853165908117248,0
8,2077,1,0,1,-0.5003812176509189,0,0.5102694051382295,0
5,2398,3,1,0,2.7327074860045673,1,-0.6530557703043223,0
2,4620,0,1,0,-0.9566472479879957,0,-0.4370025682307446,0
6,6983,2,0,0,-0.9050334436512224,1,1.8124681796138937,0
6,7541,2,0,0,2.2681832469736065,1,0.26018099185260124,0
8,5819,3,0,0,0.8704814255337828,2,-0.8505593682136677,0
0,7105,2,0,0,-0.7770312088960243,0,-0.9657490976442336,0
5,7010,0,0,0,-0.7316110610796638,1,0.7615999794169983,0
4,7802,1,0,1,1.4588787949729995,0,-0.590368045517163,0
6,2257,1,0,0,0.21808293871696696,1,-0.8742432378162139,0
6,6393,1,1,1,-0.7935476262837918,1,-0.9496838154662827,0
2,6489,0,0,0,-0.752256582814373,1,0.06474766226515667,0
3,8889,3,0,0,-0.9215498610389898,0,0.05787437143644559,0
8,4141,1,1,0,0.03433779527805352,1,-0.5984006866061385,0
2,8736,3,1,0,1.1017112689625275,2,-0.29614151160860763,0
0,4678,0,1,0,-0.5189621872121573,2,-0.7660924206801113,0
2,7100,3,1,0,-0.09779354382408632,0,0.5220285292066267,0
2,4861,0,0,0,-0.820386804538914,2,1.1004614983457373,0
4,7756,3,0,0,-0.4425737567937326,1,1.1530463137220202,0
8,5482,2,0,0,-0.6159961393652913,1,0.16776421396294527,0
9,5765,0,0,1,-0.29599055247729616,2,-0.5117392546513669,0
2,2239,1,0,0,-0.9896800827635308,0,-0.5224632445588137,0
6,9309,1,0,0,-0.5334140524264538,1,-0.4851570093981595,0
2,2471,0,0,0,0.2593739821863857,2,1.3274457171589515,0
9,9291,3,0,0,-0.04824429166078381,1,-0.9579648887538862,0
3,6340,1,0,0,-0.09366443947714435,2,-0.34027963223153473,0
6,9761,0,0,0,-0.7790957610694952,1,-0.7781827876800123,0
3,3732,1,1,0,-0.9256789653859316,1,-1.0240478535889628,0
7,4698,3,0,0,-0.8596132958348617,1,0.7770027757319411,0
4,8092,3,0,0,0.21601838654349606,1,1.1891517932559714,0
6,7687,2,0,1,-0.9649054566818795,1,-0.7536708107487059,0
7,9927,1,0,0,1.7024959514425697,0,0.4231525141526399,0
3,3741,3,1,0,-0.7233528523857801,0,-0.5690856871680219,0
0,5296,3,0,0,-0.7873539697633789,1,0.5839709573979014,0
3,1643,1,1,0,-0.11224540903838294,1,-0.2982945906633846,0
4,8525,0,0,1,1.6281720731976164,0,0.5666635142268102,0
0,7379,1,0,0,-0.4508319654876164,0,-0.6200970986196599,0
6,2831,1,0,0,0.6351224777580959,2,-0.7603784801116646,0
3,2411,3,0,0,-0.9710991132022923,2,1.7612083359636275,0
5,7153,3,0,0,-0.31457152203853456,1,-0.6725162925301906,0
3,6566,1,1,0,-0.6696744958755356,0,-0.8515530970081802,0
5,2878,0,1,0,-0.9566472479879957,2,-0.05110455302841758,0
4,2740,3,1,0,-0.8781942653961002,1,-0.8955255961653552,0
9,6447,3,0,0,0.011627721369873341,1,-0.12455767308946136,0
4,4070,1,0,1,0.18505010394143195,2,-0.5617155319420547,0
6,4936,2,0,0,-0.915356204518577,0,-0.16472087853433878,0
1,6329,3,0,0,0.20363107350267035,2,-0.09354505362738584,0
6,4485,2,0,0,-0.6283834524061169,0,-0.30284918097156655,0
6,9858,0,0,0,-0.16385921337515633,1,0.2892889644585278,0
9,4303,2,0,0,-0.463219278528442,1,-0.49480445977821774,0
5,7038,3,0,1,-0.6552226306612391,0,-0.3531152958273204,0
6,5070,3,0,0,-0.886452474089984,1,0.2839476721880236,0
8,6978,2,0,0,-0.042050635140370954,1,-0.5775323819213775,0
9,7509,2,1,0,-0.5994797219775239,0,-0.3665306345532381,0
8,9741,0,1,0,-0.9298080697328737,0,-0.17076606203428932,0
3,4996,3,1,0,-0.5003812176509189,0,-0.3020210736428062,0
8,5578,3,0,0,-0.9649054566818795,0,2.489942785272743,0
6,7318,3,0,0,-0.7047718828245415,1,-0.41605145281310757,0
7,6357,3,0,0,-0.4983166654774479,0,0.6937779891915251,0
9,6747,2,0,1,-0.9380662784267574,2,-0.6740068857219593,0
3,9441,2,1,0,-0.8265804610593268,1,-0.495632567106978,0
4,8688,1,0,0,-0.3496689089875405,0,-0.05226390328868197,0
2,7570,2,0,1,-0.19689204815069125,1,-0.7493646526391519,0
2,4238,1,0,0,1.4836534210546506,0,-0.8758166417408587,0
4,5655,2,1,0,-0.59122151328364,1,-0.5107869312232926,0
6,9330,2,0,0,0.7878993385949453,1,0.786318983180495,0
3,5461,1,1,0,0.24905122131903087,1,-0.654794795694719,0
1,8264,2,0,1,0.4885392734416595,2,-0.7246042435092171,0
6,9823,3,0,0,0.42040905171711856,1,1.825717896874059,0
9,7584,2,1,0,-0.23405398727316815,2,-0.8798743676517844,0
9,4424,3,0,0,-0.3393461481201858,2,-0.3261604022761706,0
0,8919,3,0,0,-1.0000028436308854,2,-0.7661752314129872,0
0,3541,0,0,0,-0.050308843834254706,1,-0.40764616342619,0
2,3651,3,0,0,-0.7605147915082568,2,0.8369163409677531,0
6,9833,0,0,0,0.5649277038600842,1,-1.1120756626361892,0
9,6389,1,0,0,0.7631247125132942,2,-0.6251485533250981,0
2,5432,0,0,0,-0.9958737392839434,1,-0.7549129717418464,0
3,4344,0,0,1,-0.4983166654774479,1,-0.9220250306856866,0
1,5295,2,0,0,-0.7233528523857801,1,0.848716870402588,0
9,5796,1,1,1,-0.2774095829160578,0,-0.6528073381056941,0
4,2325,1,0,1,-0.719223748038838,1,-0.5653592041886002,0
6,8972,2,0,0,-0.4487674133141455,0,0.33148103285886826,0
1,3376,0,0,0,-0.9607763523349375,2,-1.0389537855066493,0
1,1156,0,0,1,1.248294473278964,1,0.07758332586094233,0
9,1943,2,0,0,-0.9318726219063446,2,-0.12435064625727128,0
1,8101,0,0,0,-0.5519950219876923,1,0.47888413737821195,0
5,6749,2,0,0,-0.1370200351200342,1,-0.9796613007674077,0
4,3970,1,0,1,0.3316333082578684,0,1.6432030416152763,0
8,8104,0,0,0,-0.33315249159977306,1,-0.66647110903024,0
3,2395,2,0,1,-0.8843879219165129,2,-0.5475548966202525,0
9,4331,2,0,1,2.4436701817186357,0,0.36083743766342286,0
5,4665,3,0,1,0.16440458220672266,1,-0.12902945266476729,0
4,7944,1,1,0,0.7878993385949453,0,0.4955290946862953,0
4,6834,0,0,0,-0.8575487436613908,2,0.6257075667674237,0
6,5548,3,0,0,-0.18450473510986562,2,0.4622391800701288,0
1,2165,3,1,0,-0.21134391336498778,0,-0.5374519872093761,0
5,4379,1,0,0,2.251666829585839,2,0.282705511194883,0
0,4163,1,0,0,-0.3971536089773721,1,-0.41431242742271085,0
2,2457,3,1,0,-0.65728718283471,0,-0.7433194691392013,0
9,9604,3,1,0,-0.6634808393551228,0,-0.9919172892330609,0
6,4564,0,0,0,-0.37031443072224984,1,-0.3797803518134039,0
5,3561,0,0,0,-0.7625793436817278,2,2.849672608886243,0
8,4715,2,0,0,2.0204369861570943,0,0.005041123861534746,0
6,4151,3,0,1,2.297086977402199,1,-0.47045810431266305,0
6,4853,0,1,0,-0.34141070029365683,0,-0.010361672453407801,0
3,4641,1,0,0,0.7404146386051137,2,0.2746728701059075,0
0,2861,1,0,0,-0.7316110610796638,0,-0.6947095689409682,0
5,7384,0,0,1,-0.8038703871511464,1,0.22548329477754225,0
3,7725,3,0,1,-0.042050635140370954,2,-0.6085035960170149,0
7,5627,2,0,0,-0.03585697861995828,2,-0.6334296266127017,0
7,2582,1,1,0,1.2648108906667317,0,1.6359156971221853,0
0,5555,3,0,0,-0.7729021045490825,1,-0.849068775021899,0
8,1022,1,0,0,-0.28360323943647053,2,-0.16811611858225622,0
9,6013,0,0,0,0.4348609169314152,1,0.7298006579926007,0
4,2987,3,1,0,2.0534698209326296,2,2.951115756659387,0
5,4492,3,0,1,-1.0082610523247693,0,-0.022866093117689376,0
0,2494,0,0,0,0.1747273430740773,2,0.6899686954792275,0
5,7499,0,1,1,0.06324152570664675,1,-0.3344000701973362,0
8,4386,3,0,0,-0.47767114374273856,1,-0.4144780488884629,0
3,6914,2,0,0,0.4678937517069502,2,-0.33986557856715455,0
0,7839,3,1,0,-0.08334167860978971,1,-0.13764176888387497,0
6,5825,2,0,0,2.9061298685761257,1,-0.030567491275160535,0
6,4202,1,0,0,-0.820386804538914,1,0.15782692601782106,0
5,2028,1,0,0,-0.23611853944663902,0,-0.3803600269435361,0
5,5092,1,0,1,0.5649277038600842,2,0.9694549189358485,0
4,9276,2,1,1,-0.41779913071208136,0,0.8660243135736796,0
3,9307,1,0,0,0.15201726916589695,0,-0.5640342324625837,0
6,7882,3,0,0,0.050854212665821026,1,-0.29961956238940113,0
3,3232,2,0,0,-0.3496689089875405,1,-0.7690736070636485,0
0,7437,0,0,0,-0.3104424176915927,1,-0.7433194691392013,0
2,5811,0,1,0,-0.820386804538914,1,-0.5126915780794414,0
3,8192,2,1,0,-0.9298080697328737,2,-0.6049427345033453,0
4,2399,2,0,0,-0.4879939046100933,1,0.4354085026182931,0
3,1760,3,0,0,-0.981421874069647,1,1.5991477317252254,0
2,9776,3,0,0,-0.45702562200802915,1,1.1637288982630285,0
3,3339,2,0,0,0.5277657647376074,1,-0.9967203117398711,0
2,2933,0,1,0,-0.9772927697227051,0,0.6399510128221019,0
6,2715,3,1,0,-0.3971536089773721,1,-0.3261189969097326,0
2,8865,1,0,1,-0.5251558437325701,1,-0.6106566750717918,0
7,4534,1,1,1,-0.8596132958348617,1,0.00015529062184860162,0
7,3967,0,1,0,-0.7914830741103208,1,-0.9698896342880354,0
9,7579,2,0,1,-0.07095436556896417,2,-0.9645069366510931,0
0,5491,3,0,0,-0.025534217752603634,1,-0.025184793638218392,0
9,7205,1,0,0,0.25111577349250197,0,2.0967574255773247,0
9,9982,2,0,1,0.8168030690235385,1,-1.0963416233897423,0
1,9331,1,0,0,0.39150532128852555,1,-0.40321578921732204,0
6,1667,2,1,1,-0.7852894175899081,0,-1.0740655362460887,0
7,9961,0,0,1,-0.5437368132938085,0,-0.2502643655952838,0
3,5733,3,0,0,0.08595159961482693,1,-0.6749178037835957,0
2,8218,1,0,0,-0.5664468872019888,0,-0.2128339143353155,0
3,1260,3,0,0,-0.9587118001614666,2,-0.6774021257698768,0
7,6458,3,0,1,0.47408740822736306,2,0.4665039328132447,0
8,5912,3,1,0,0.20569562567614122,2,0.37710974667356395,0
0,6743,1,1,0,0.5649277038600842,0,-0.05011082423390511,0
2,4689,0,1,0,0.23047025175779248,1,-0.5525235405928147,0
1,7471,1,0,0,0.800286651635771,1,-0.9915032355686807,0
8,7584,0,0,0,0.6062187473295029,1,-0.6499917731879089,0
7,3080,2,0,0,-0.5705759915489307,0,-0.717068466817498,0
1,2102,2,0,0,-0.004888696017894162,0,-0.28752919538949995,0
4,2979,2,0,0,0.17679189524754818,0,-0.22028688029415877,0
7,5382,3,0,0,-0.8286450132327977,0,-0.9519197052539357,0
7,4388,0,0,0,-0.47767114374273856,0,1.104353602790911,0
6,7315,2,1,0,-0.6593517350081809,2,0.19177932649699572,0
5,1102,2,0,0,-0.3827017437630755,2,-0.571735630620055,0
8,2953,1,0,0,-0.4983166654774479,2,0.4551174570427896,0
7,5433,3,1,1,0.017821377890286018,2,0.4298601835155988,0
1,6232,1,1,0,-0.2546995090078774,0,-0.15917255943164435,0
9,7882,1,0,1,-0.36824987854877894,2,-0.38781299290237936,0
2,1634,0,0,0,-0.5272203959060411,1,1.146338644359061,0
7,7251,3,0,0,0.6908653864418112,0,0.01000976783409685,0
3,4474,1,1,0,0.8498359037990735,2,-0.5966616612157418,0
6,8833,0,0,0,-0.1535364525078015,1,0.28432032048596567,0
0,3247,0,0,1,-0.8843879219165129,2,0.7940617867044044,0
6,1014,3,0,0,-0.37444353506919176,0,-0.7595503727829043,0
4,1024,3,0,0,-1.012390156671711,1,2.2845721677401745,0
7,5274,3,0,0,-0.23818309162011,0,1.2008281065914927,0
1,8232,3,0,0,-0.8699360567022165,1,-0.7112717155161755,0
3,7831,1,1,0,-0.6490289741408263,2,0.024253213888775133,0
3,3356,1,0,1,0.8477713516256022,0,-0.5078885555726314,0
3,7804,0,0,0,-0.12876182642615044,0,0.0567150211761812,0
4,4635,3,1,1,-0.22992488292622626,1,0.19244181236000388,0
6,1457,2,1,0,0.602089642982561,1,0.09364860803889326,0
5,7237,0,0,0,1.8181108731569426,1,0.4249743502759127,0
4,2875,0,0,0,0.9675153776869165,2,0.8697507965531014,0
6,7867,0,1,1,-0.7976767306307336,0,-0.9169735759802485,0
2,8187,3,0,0,2.367281751300211,0,1.84178317905201,0
9,8858,2,1,0,0.3646661430334034,1,2.2187376351037256,0
5,3645,1,0,0,0.5484112864723166,1,-0.028538628319697723,0
6,9968,0,0,1,0.32131054739051373,0,1.8932914549009046,0
9,2635,1,1,0,-0.8162577001919721,0,1.9061271184966901,0
3,7563,1,1,0,-0.7481274784674312,1,0.6100563382538527,0
1,7149,2,0,1,1.863531020973303,0,-0.5870556162021217,0
8,6729,3,0,0,-0.26915137422217406,0,-0.4765860985454898,0
7,1902,0,0,0,-0.9938091871104726,1,-0.984961187671474,0
8,3727,3,0,0,-0.7130300915184252,0,-0.6166190478388665,0
6,1304,2,1,0,-0.4879939046100933,1,-0.03744078210387161,0
4,4309,3,0,0,1.743786994911989,0,0.7589500359649656,0
0,9002,3,0,0,-0.09159988730367347,0,0.338023080756075,0
8,3281,2,0,0,-0.5829633045897563,2,0.4022842094678788,0
8,2357,3,0,0,-0.3620562220283661,1,0.23285345000350957,0
9,9132,1,0,0,0.9860963472481553,1,-0.06443708102145923,0
7,9763,0,1,0,-0.5375431567733957,0,-0.5450705746339715,0
4,5260,1,0,0,-0.41986368288555237,1,-1.0603189545886667,0
8,7228,3,0,0,-0.7708375523756115,1,-0.8654653001313543,0
5,8183,3,1,0,-0.2918614481303543,1,-0.3612307476491718,0
8,3449,0,0,0,0.3398915169517521,2,1.0835681088390257,0
7,7272,0,0,0,-0.5354786045999248,0,-0.47989852786053117,0
9,1543,0,1,1,-0.5086394263448025,1,-0.8527952580013208,0
9,7955,1,0,0,-0.7852894175899081,2,-0.34027963223153473,0
3,8520,0,0,1,-0.2815386872629997,0,-0.3098880932660297,0
4,3172,3,1,0,-0.820386804538914,0,-0.27949655430052445,0
8,4784,2,0,1,-0.9649054566818795,2,2.099490179762234,0
6,2574,1,0,0,-0.28566779160994155,0,-0.5761245994624848,0
8,3810,2,0,0,-1.0061965001512982,0,0.8690469053236549,0
4,3676,0,1,0,0.32131054739051373,1,-1.0211494779383015,0
6,5640,0,0,1,-0.6077379306714075,0,-0.3114614971906743,0
2,4608,1,1,0,-0.19689204815069125,0,-0.4604380056346628,0
0,3717,1,0,0,-0.8781942653961002,1,0.1825873351477556,0
2,1032,3,0,0,0.4513773343191827,1,-0.562709260736567,0
4,7913,0,0,0,-0.8926461306103967,2,-0.5505360830037898,0
3,8031,2,0,0,-0.2443767481405228,0,-0.17656281333561183,0
7,7898,2,0,0,1.3350056645647435,0,-0.8763135061381149,0
8,2927,3,0,1,0.5463467342988457,0,0.18797003278469798,0
0,1522,1,0,0,-0.3971536089773721,1,-0.8136257813509556,0
4,8210,1,0,0,-0.6325125567530587,0,-0.897347432288628,0
3,5835,2,0,0,1.0129355255032773,0,1.4361762094251866,0
6,4729,2,0,0,-0.59122151328364,2,-0.883683661364082,0
4,9089,3,0,1,0.5814441212478516,1,-0.6687898095507689,0
0,3166,2,0,0,-0.9029688914777515,2,-0.026716792196424977,0
3,9697,1,1,1,0.4224736038905897,1,-1.0623064121776913,0
7,2252,1,0,0,-0.7439983741204893,2,-0.5361270154833596,0
0,5818,1,1,0,-0.758450239334786,0,-0.2313835184995476,0
3,1961,1,0,1,-0.3476043568140696,0,-0.8234802585632041,0
5,6933,0,1,0,0.2263411474108507,1,0.7406488639993614,0
1,4560,2,0,0,0.12930719525771658,1,-0.12770448093875075,0
1,4146,2,1,0,-1.0041319479778272,0,-0.007132053871242517,0
5,8714,3,0,1,1.770626173167111,0,1.1696084602972272,0
8,3381,1,1,1,0.5153784516967816,0,-0.4465258025114888,0
4,8605,2,1,0,0.9819672429012132,2,-0.3591604793272709,0
3,9449,0,1,1,0.019885930063757093,0,-1.0411068645614263,0
0,8034,0,1,0,-0.02966332209954542,1,-0.1560257515823549,0
2,4269,1,1,0,-0.12050361773226669,2,1.5844074212732908,0
6,1332,3,0,0,-0.24644130031399367,0,-0.38739893923799923,0
7,6452,3,1,0,-0.5808987524162853,0,0.7195321271159721,0
2,7517,1,1,1,0.18711465611490283,0,-0.9283186463842654,0
5,3774,3,0,0,-0.4157345785386105,2,-0.3584151827313867,0
6,4787,2,0,0,-0.9938091871104726,0,-0.6423731857633136,0
7,1510,3,0,0,-0.4797356959162095,2,-0.8724214016929412,0
1,8346,1,0,0,0.25111577349250197,0,-0.29630713307435974,0
2,1705,2,1,1,-0.7439983741204893,0,0.5393359723777182,0
3,5485,1,0,0,0.6351224777580959,2,-0.16360293364051226,0
1,9181,2,1,1,0.5029911386559561,1,-0.8715104836313048,0
9,9974,1,1,0,-0.8658069523552745,0,2.2173298526448333,0
7,3865,0,0,1,-0.911227100171635,0,-0.8061728153921125,0
1,4190,0,0,0,1.2400362645850802,1,-0.7436507120707054,0
2,2129,0,0,0,-0.7233528523857801,1,0.19832137439420247,0
6,6976,2,0,1,-0.054437948181196676,0,-0.7311462914064241,0
7,6464,0,0,0,-0.2753450307425868,0,-0.8640575176724615,0
2,5459,0,0,0,0.5401530777784329,0,-0.904469155315967,0
0,6210,0,1,0,-0.5870924089366982,2,-0.8318441425836837,0
4,2114,0,0,0,0.003369512675989589,0,-0.29332594669082246,0
5,9170,0,1,1,1.853208260105948,1,-0.7566519971322431,0
0,7429,1,0,0,-0.41986368288555237,1,-0.6880847103108854,0
9,6622,1,1,0,-0.05650250035466756,1,-0.3082318786085089,0
7,7163,2,0,0,-0.9545826958145249,1,-1.0235509891917067,0
6,2452,1,0,0,-0.9504535914675829,0,-0.31535360163584797,0
1,5448,0,1,0,-0.2712159263956449,0,-0.4280590090801328,0
8,8236,1,0,1,-0.41779913071208136,0,-0.5721496842844351,0
7,6091,0,0,0,-0.9298080697328737,2,-0.8392971085425268,0
9,2080,3,1,0,-0.595350617630582,2,-0.8879070087407598,0
1,5932,1,1,1,1.5146217036567147,2,-0.8499796930835355,0
1,9737,2,0,1,-0.9339371740798154,1,-0.6168674800374946,0
8,1289,0,0,0,-0.6634808393551228,2,-0.28363709094432626,0
1,6972,1,0,1,0.12104898656383282,0,-0.15743353404124755,0
3,9164,0,0,0,-0.8720006088756873,0,1.1421981077152594,0
3,3557,2,1,0,1.409329542809697,1,-0.7598816157144086,0
4,8125,1,1,0,0.34195606912522303,0,-0.5986491188047666,0
5,4336,2,0,0,-0.2753450307425868,0,0.033610826703767256,0
0,5985,2,0,0,1.9791459426876752,1,-0.6419591320989334,0
9,1805,2,0,0,0.09420980830871067,1,0.17662496238068104,0
7,6774,0,0,0,-0.6366416611000006,1,-0.6646492729069672,0
6,5567,3,0,0,-0.7646438958551987,1,0.552916932569388,0
5,6002,3,1,0,0.09008070396176888,2,-0.5591483992228975,0
2,6118,3,0,0,-0.8451614306205653,0,-0.961774182466184,0
9,1871,3,0,1,-0.7254174045592509,1,0.5019055211177499,0
5,3043,1,0,0,0.9633862733399747,1,0.7525736095335105,0
8,3369,2,0,0,2.879290690321003,1,0.007773878046444033,0
5,7483,3,1,0,-0.5437368132938085,2,0.3903594639337296,0
2,9278,1,0,0,-0.9917446349370017,1,-0.46234265249081163,0
3,8129,2,0,0,-0.29805510465076707,1,-0.0710619396515422,0
0,6784,0,0,0,0.19950196915572854,1,-0.14964932515090018,0
0,6475,3,0,0,-0.690320017610245,2,-0.5502876508051616,0
7,8387,0,0,0,-0.8554841914879199,2,-1.0633001409722038,0
6,1632,2,0,0,-0.14114913946697596,0,-0.3747288971079657,0
7,5920,1,1,0,1.0150000776767483,2,0.26912455100321325,0
3,2819,0,0,0,1.8222399775038844,0,1.312871028172769,0
1,9450,1,1,0,0.009563169196402448,1,-1.1023868068896927,0
7,4485,1,1,0,-0.18244018293639475,1,0.2735963305785191,0
9,2581,1,0,0,-0.432250995926378,2,-0.6951236226053484,0
4,8913,2,1,0,-0.6820618089163613,1,-0.6032865198458246,0
4,8890,2,0,0,0.41008629084976395,1,1.167124138310946,0
6,6105,1,1,0,-0.32076517855894743,0,-0.9266624317267447,0
3,2270,0,0,0,-0.17624652641598187,0,2.3532222652944075,0
8,9313,3,0,0,-0.2629577177017612,2,-0.7403382827556639,0
9,2863,1,1,0,0.017821377890286018,0,-0.7212918141941758,0
5,2343,2,0,0,-0.6221897958857041,1,-0.5682575798392614,0
0,1797,3,0,0,-0.09159988730367347,0,-0.2155666685202248,0
4,6909,2,0,0,0.09008070396176888,2,0.2646527714279071,0
1,2444,0,1,0,-0.37031443072224984,1,-0.17681124553423996,0
8,8142,2,0,0,0.8188676211970094,2,0.6715847127807474,0
9,3927,0,0,0,0.1045325691760655,1,-0.9561430526306135,0
3,8723,3,1,0,-0.4343155480998489,1,-0.17838464945888463,0
5,8544,1,0,0,-0.7729021045490825,2,1.0768604394760668,0
9,9084,2,1,0,1.4113940949831678,0,-0.2753560176567227,0
3,9708,3,0,0,-0.8265804610593268,0,-0.3388304444062041,0
2,2876,1,1,0,0.767253816860236,0,-0.025930090234102508,0
0,5872,3,1,1,-0.5272203959060411,0,-0.650405826852289,0
7,3766,0,1,0,-0.882323369743042,2,1.8812010879010035,0
1,1409,3,0,1,-0.6779327045694193,0,1.7860515558264383,0
1,8783,3,0,0,-0.23198943509969716,1,0.1779499341066976,0
1,9149,3,0,0,-0.849290534967507,2,-1.010301271931541,0
6,7167,3,1,0,-0.1906983916302785,1,-0.12240459403468433,0
9,1745,3,1,0,-0.4343155480998489,2,1.060381103633736,0
7,8183,1,1,0,0.14788816481895514,2,-0.3486435162520144,0
2,5829,2,1,0,-0.015211456885248806,1,-0.4837078215728289,0
7,4894,2,0,1,0.06117697353317585,2,0.6002018610416046,0
7,4889,3,0,1,0.20569562567614122,1,-0.12621388774698206,0
0,3425,0,0,0,-0.595350617630582,2,-0.6909830859615467,0
8,1685,0,0,1,-0.4983166654774479,0,1.8888196753255988,0
8,5332,3,1,0,-0.8038703871511464,2,-0.7005063202422908,0
1,6281,0,0,0,-0.7130300915184252,1,-0.6115675931334282,0
2,9846,2,0,1,-0.5458013654672794,2,-0.8525468258026927,0
4,3840,1,1,1,1.3040373819626794,2,-0.9818143798221846,0
5,2201,0,0,0,1.5208153601771277,1,1.5785278592390923,0
7,9156,1,0,0,-0.8720006088756873,2,-1.0488910734517736,0
8,7118,0,1,0,-0.37444353506919176,2,1.2968885567276944,0
8,7642,0,1,0,-0.6428353176204133,2,-0.6952064333382245,0
6,4005,3,0,1,-0.5107039785182735,1,-0.37572262590247807,0
9,1597,3,0,1,0.18711465611490283,1,0.018870516251832867,0
4,3543,0,0,0,-0.7130300915184252,1,-0.3910426114845448,0
8,2761,0,0,0,-0.9607763523349375,2,-0.9091893670899011,0
7,7233,0,0,0,2.40857279476963,2,-0.9083612597611408,0
0,8440,2,1,0,1.0129355255032773,2,0.5765179914390584,0
2,8678,2,0,0,-0.3001196568242381,2,-0.8691089723778999,0
1,7592,1,1,0,1.7892071427283494,2,-0.6920596254889351,0
7,9006,3,0,1,-0.8885170262634549,0,1.3509639652957457,0
7,1012,3,0,0,-0.7832248654164372,0,-1.0672750561502538,0
2,1905,0,1,1,-0.8038703871511464,2,-1.0277743365683845,0
1,8669,0,0,0,-1.012390156671711,1,0.16163621973011855,0
8,3204,2,0,0,-0.17831107858945278,0,-0.9648381795825972,0
6,3079,1,1,0,-0.41779913071208136,1,-0.5595624528872777,0
2,5563,3,0,1,-0.529284948079512,1,1.0870461596198193,0
7,7224,0,0,0,0.9489344081256782,2,-0.9276561605212571,0
9,1849,1,1,1,-0.7439983741204893,0,-0.8648028142683459,0
3,5076,1,0,0,-0.6407707654469424,0,-0.045597639292161145,0
3,9854,3,0,0,-0.8038703871511464,0,1.6358328863893088,0
6,1624,2,0,0,-0.6696744958755356,0,-0.8208303151111709,0
5,2924,1,0,0,-0.5003812176509189,2,0.46215636933725285,0
4,4777,3,1,1,-1.01032560449824,2,-0.35336372802594845,0
0,3536,3,0,0,-0.19482749597722027,2,0.652289812020631,0
4,6415,0,0,0,0.2841486082680368,2,1.404708130932293,0
1,7962,0,0,0,0.4493127821457118,1,-0.615873751242982,0
5,8802,3,0,0,0.021950482237227984,1,-0.09764418490474977,0
5,4753,3,0,0,-0.046179739487312924,0,0.2577794805991963,0
1,8965,1,0,0,-0.011082352538307022,0,-0.8453422920424775,0
2,3572,0,0,0,-0.33315249159977306,0,0.6954342038490458,0
5,6427,3,0,0,0.8147385168500676,0,0.6214014086578697,0
7,5031,3,0,0,0.7445437429520554,2,-0.9146548754597196,0
8,8718,2,1,0,1.572429164513901,2,-0.054996657473591254,0
6,7165,0,1,0,-0.3248942829058893,2,-0.9562258633634896,0
3,8893,3,1,1,1.8573373644528899,0,0.9046969258267885,0
9,8974,2,0,0,-0.9421953827736992,1,0.1738093974628958,0
2,4230,2,0,0,-0.8265804610593268,2,-0.9289811322472736,0
0,2778,1,1,0,-0.9339371740798154,2,-0.7617862625705573,0
3,8033,3,0,1,-0.37031443072224984,0,0.5106006480697338,0
1,9753,0,0,0,-0.9380662784267574,2,-0.42561609246028975,0
0,2219,2,1,0,-0.20102115249763314,1,-0.21034959234903447,0
7,9304,1,0,1,-1.0061965001512982,1,-0.5485486254147649,0
6,8933,2,0,0,-0.9360017262532863,0,0.07816300099107451,0
7,7224,0,0,0,0.860158664666428,2,0.4134636584061436,0
3,3324,2,0,0,0.5360239734314911,2,-0.3722445751216845,0
0,6501,3,1,0,0.4699583038804211,1,-0.6249829318593461,0
8,3125,0,1,0,0.6619616560132183,2,0.3192664497596529,0
3,7456,0,0,0,0.5979605386356192,0,0.7293037935953445,0
2,3041,2,0,1,-0.34347525246712773,0,0.07451932874452896,0
9,2982,2,1,0,-0.5437368132938085,2,1.014421146887536,0
5,5249,2,0,1,0.09008070396176888,2,1.7153311899503034,0
9,8389,1,1,0,0.2428575647986182,1,0.06880538817608238,0
6,4775,1,0,0,-0.432250995926378,1,0.7688045131772137,0
0,3288,3,0,1,-0.9401308306002283,0,-0.14898683928789191,0
2,3317,2,0,1,0.4637646473600082,1,-0.6285437933730156,0
0,3087,1,0,0,-0.04824429166078381,2,-0.45704276558674534,0
1,1765,2,1,0,-0.7006427784775997,2,-0.9500150583977869,0
0,6622,3,0,0,-0.5540595741611632,0,0.48476369941241054,0
1,3005,2,1,1,1.3226183515239176,2,-0.2926634608278141,0
4,8634,3,0,0,-0.17418197424251097,1,-0.15536326571934664,0
6,7881,3,0,0,-0.7729021045490825,1,-0.7718063612485577,0
8,3193,3,1,0,-0.7089009871714834,0,-0.37290706098469295,0
0,1329,0,1,0,-0.8410323262736232,1,0.12006523182634868,0
2,1019,2,0,0,0.9592571689930329,1,-0.4639160564154563,0
5,4176,1,0,0,-0.9917446349370017,1,-0.8263372288474273,0
2,2847,0,1,0,0.4885392734416595,2,-0.3319157482110551,0
3,3148,0,1,0,-0.41779913071208136,2,0.7754293718072964,0
7,1712,0,1,1,-0.5168976350386864,0,0.19310429822301226,0
3,5356,2,0,0,1.1801642515544233,2,-0.3540262138889568,0
9,5785,3,1,0,-0.25057040466093555,2,0.0757614897376693,0
3,6629,2,1,0,-0.9731636653757633,2,2.455493520396312,0
4,2249,2,0,0,0.011627721369873341,1,1.2033952393106497,0
7,1959,2,1,0,-0.7832248654164372,1,-0.4969575388329946,0
3,5212,0,1,0,-0.7956121784572627,0,-0.6283781719072635,0
6,7643,3,0,0,-0.8699360567022165,1,0.7721997532251311,0
0,2582,0,0,1,-0.3765080872426627,2,-0.5214695157643012,0
5,1338,1,0,1,0.16440458220672266,2,-0.9008254830694215,0
7,3734,2,0,0,-0.4673483828753839,2,-0.5354645296203513,0
9,8269,3,0,0,-0.3269588350793602,0,-0.8883210624051401,0
8,3273,3,0,0,-0.9380662784267574,2,1.2512598429129982,0
4,5811,0,1,0,-0.9917446349370017,1,1.3625574678983905,0
3,5053,1,0,0,2.410637346943101,2,-0.8845117686928424,0
4,7068,3,0,0,-0.31663607421200557,2,-0.929726428843158,0
7,4959,1,1,0,-0.8781942653961002,0,0.08520191328553751,0
1,6363,0,0,0,0.042596003971937274,0,-1.1503342212249175,0
0,7674,0,0,0,-0.23198943509969716,2,-0.6752490467150998,0
5,5931,2,0,0,-0.8430968784470944,0,-0.09983866932596466,0
7,4707,3,1,1,-0.47147748722232574,2,2.7058303658805687,0
3,4148,2,0,1,-0.8513550871409781,2,-0.5654420149214763,0
1,8691,0,0,0,-0.37031443072224984,0,-0.11913357008608091,0
2,4825,3,0,0,-0.5168976350386864,2,0.21786470735294705,0
4,1495,1,0,0,-0.6304480045795878,1,0.24552349213354283,0
6,9223,2,1,0,1.5930746862486105,1,0.5281565234394534,0
0,8626,3,1,0,-0.205150256844575,1,-0.611070728736172,0
9,2622,0,0,0,-0.4136700263651395,0,0.428121158125202,0
7,4408,0,0,0,-0.9731636653757633,2,-0.8266270664124934,0
3,5756,1,0,0,-0.9256789653859316,0,-0.851221854076676,0
8,4152,2,1,0,-0.6201252437122332,2,-0.721788678591432,0
7,4423,2,0,0,-0.30424876117117994,1,1.3217317765905052,0
7,1942,1,1,0,2.2103757861164204,2,-0.278668446971764,0
1,8128,1,0,1,-0.9566472479879957,0,-0.9488557081375223,0
8,7304,2,1,0,-0.8348386697532105,1,0.03112650471748609,0
3,4126,2,0,0,0.0529187648392921,2,-0.5401019306614093,0
2,3243,3,0,0,-0.3104424176915927,2,-0.7392617432282755,0
7,7150,1,0,0,-0.9236144132124607,1,0.5398328367749744,0
9,9394,2,0,0,-0.7501920306409021,1,-0.8767275598024951,0
1,1464,0,0,1,0.18505010394143195,0,-0.8669558933231228,0
8,5951,0,0,0,0.9551280646460912,1,-0.8060071939263604,0
0,8874,3,0,0,-0.595350617630582,1,0.3347106514410335,0
8,3581,3,0,0,0.18711465611490283,2,-0.585647833743229,0
7,5903,0,1,1,0.5071202430028979,1,1.093256964585522,0
3,2582,2,1,1,-0.3950890568039011,1,-0.49037408556934975,0
8,7922,1,0,0,-0.3579271176814242,0,-0.6126441326608166,0
5,4834,1,1,1,-0.9752282175492342,0,-0.7955730415839799,0
5,2040,1,1,0,-0.013146904711777915,0,0.3452276145162902,0
4,5316,2,1,0,-0.6407707654469424,1,-0.5308271285792933,0
1,6820,0,0,0,1.347392977605569,2,2.0573395167283315,0
9,5660,1,0,0,-0.7646438958551987,1,-0.772551657844442,0
7,5015,1,1,0,-0.5354786045999248,1,-0.6808801765506701,0
6,8372,0,0,0,-0.5065748741713316,1,0.0016872891800552847,0
2,5067,3,0,1,-0.9958737392839434,0,-0.7113545262490514,0
1,9760,0,0,0,1.1368086559115334,2,-1.0305899014861697,0
5,9995,3,0,0,-0.3393461481201858,2,-0.6130581863251969,0
7,8626,0,0,0,-0.21134391336498778,1,0.7879337924715777,0
2,2328,2,0,0,-0.23198943509969716,0,0.06723198425143784,0
5,3168,1,1,0,-0.5189621872121573,0,0.5844678217951577,0
5,4657,1,0,0,-0.3310879394263021,1,-0.6418763213660573,0
1,1399,0,0,0,0.22221204306390874,2,-0.737936771502259,0
2,6591,2,1,0,2.0844381035346933,0,2.4768586894783287,0
4,6673,3,1,0,-0.7935476262837918,0,1.479486222719353,0
2,9792,3,0,0,1.7499806514324014,0,-0.7462178447898626,0
2,2010,2,0,0,1.2813273080544991,2,-0.8706823763025445,0
4,6369,1,1,0,0.8168030690235385,2,-0.2722920205403093,0
8,8951,1,0,0,-0.2732804785691159,2,-0.7231964610503246,0
4,6338,1,0,0,0.3976989778089384,2,-0.968978716226399,0
7,1212,2,0,0,0.003369512675989589,2,-0.5868899947363695,0
5,7130,1,1,0,-0.28360323943647053,1,0.3495337726258439,0
6,7285,2,0,0,-0.8658069523552745,2,-0.8806196642476687,0
0,2008,0,0,0,0.9448053037787364,0,0.9854373903809235,0
1,2366,3,0,1,0.2944713691353916,2,0.4349944489539131,0
8,4657,3,0,1,0.6805426255744567,1,0.7145634831434101,0
6,3164,2,1,0,0.10659712134953639,0,-0.19974981854090185,0
3,4543,1,1,0,-0.11637451338532472,1,-0.5213038942985491,0
4,8434,3,0,0,-0.463219278528442,2,0.2839476721880236,0
6,4062,3,0,0,-0.8162577001919721,2,0.19633391680517753,0
3,2976,1,0,0,-0.3950890568039011,2,-0.2558540900644162,0
3,3887,3,0,0,0.017821377890286018,0,-0.7120170121120598,0
5,1508,2,1,0,-0.24644130031399367,0,0.9004735784501104,0
3,1330,0,0,0,1.8883056470549544,0,-0.02717225122724321,0
5,9011,0,1,0,1.124421342870708,0,0.3375262163588188,0
1,4707,1,0,0,0.5876377777682645,0,-0.40114552089542116,0
6,2092,3,0,1,1.9172093774835477,1,1.2535785434335276,0
6,3643,3,0,0,0.021950482237227984,0,-0.028331601487507716,0
8,8044,3,1,0,-0.01727600905871988,1,-0.5446565209695913,0
7,3224,1,0,0,-0.6820618089163613,2,-0.6714397530028022,0
2,5020,1,0,0,0.4699583038804211,1,-0.7413320115501765,0
6,5655,0,1,0,0.42866726041100234,0,-0.7582254010568877,0
0,9223,0,1,0,-0.42605733940596513,1,0.2701182797977257,0
4,5718,2,0,0,-0.4673483828753839,2,0.30705186666043754,0
4,8100,2,0,0,-1.01032560449824,2,-0.6441122111537104,0
9,9461,2,0,0,-0.5540595741611632,2,-0.04439688366545865,0
1,8049,3,0,0,-0.7419338219470184,0,1.2285697021049649,0
8,3034,2,1,0,1.060420225493109,1,-0.3814365664709245,0
2,6303,3,0,0,-0.9876155305900597,2,-0.44677423471011685,0
3,7617,3,0,0,-0.42192823505902327,0,-0.2527486875815649,0
5,6018,2,0,0,0.37292435172728716,0,-0.5476377073531286,0
9,9275,2,0,0,2.873097033800591,2,-0.07760398754874896,0
3,3397,2,0,0,-0.9236144132124607,2,-0.07039945378853381,0
8,7307,0,0,0,-0.8926461306103967,2,0.887803536320077,0
0,7740,2,0,0,-0.5974151698040528,2,0.16345805585339132,0
7,4594,0,1,0,-1.01032560449824,1,-0.7929230981319467,0
7,7430,2,0,0,-0.6159961393652913,1,-0.2855417378004751,0
9,4829,3,0,0,-1.0041319479778272,0,-0.7393445539611515,0
0,7619,3,1,0,-0.03379242644648738,2,-0.2038075444518277,0
8,9756,3,0,0,-0.3021842089977089,0,-0.7581425903240118,0
4,6598,0,1,1,-0.8616778480083327,2,-0.7393445539611515,0
3,4498,3,0,1,0.04878966049235013,0,-0.10166050544923744,0
5,7813,2,0,1,-0.12256816990573757,1,0.30092387242761104,0
2,4793,1,1,0,0.5566694951662005,2,-0.41613426354598365,0
2,3501,2,1,0,-0.849290534967507,1,-0.7067171252079933,0
9,8707,1,1,0,-0.9442599349471701,2,0.7269850930748154,0
7,4958,1,0,1,-0.8245159088858558,0,1.328605067419216,0
8,9284,3,0,0,0.5566694951662005,1,1.5570798794241987,0
4,5357,2,0,0,0.25111577349250197,1,-0.9962234473426148,0
6,4850,2,0,0,-0.6221897958857041,0,0.6876499949586984,0
6,6016,1,0,0,-0.3579271176814242,2,-0.9284014571171415,0
6,5439,2,1,0,-0.9194853088655189,0,2.4818273334508913,0
9,9550,2,0,0,0.038466899624995485,0,-0.6103254321402877,0
7,1666,1,0,0,-0.8307095654062686,0,-0.7820334867587482,0
1,7974,0,0,0,1.2937146210953245,1,0.07195219602537183,0
5,9346,3,0,0,0.6268642690642122,1,0.39772961915969696,0
9,2886,0,0,1,0.24698666914556,1,0.5071640026553781,0
0,3357,1,1,0,-0.42192823505902327,0,-0.6503230161194131,0
2,3811,0,1,0,-0.9421953827736992,2,-0.9856236735344822,0
0,9976,2,0,0,-0.5705759915489307,1,1.1291140119208454,0
6,8649,3,0,0,-0.11637451338532472,2,0.043879357580395545,0
0,7121,1,0,0,-0.054437948181196676,2,-0.5317794520073676,0
9,7324,3,0,0,-0.8658069523552745,0,-0.44313056246357124,0
9,3290,0,1,0,0.16853368655366444,1,-0.7410007686186724,0
9,3890,2,0,1,1.995662360075443,2,-0.6513995556468015,0
1,8415,3,0,0,1.1368086559115334,1,-0.897430243021504,0
6,5624,3,1,0,1.2792627558810281,2,-0.8145366994125922,0
0,6620,2,0,0,-0.8472259827940362,1,0.2867632371058088,0
6,3600,3,0,1,0.2614385343598566,1,-0.2743622888622102,0
5,7103,2,0,0,-0.7233528523857801,0,0.2056087188872936,0
8,9772,0,0,0,-0.31870062638547647,2,-0.1940358779724554,0
3,5747,3,1,0,1.6219784166772033,0,-0.5366238798806158,0
0,2494,1,1,0,-0.9938091871104726,1,-0.4280590090801328,0
2,6009,1,0,0,-0.11843906555879562,2,0.15757849381919295,0
5,4437,2,1,0,0.1726627909006062,0,-0.4868546294221182,0
7,1891,3,0,0,0.16646913438019353,2,-0.5339325310621446,0
4,4785,3,1,1,-0.6036088263244657,2,-0.7684525265670781,0
9,8609,2,0,0,0.4678937517069502,1,0.07700365073080989,0
1,2324,1,0,0,-0.5251558437325701,1,0.7696326205059739,0
3,2750,1,0,0,1.4877825254015926,0,1.3817695579256313,0
1,9996,2,0,0,-0.8162577001919721,1,-0.4606036271004148,0
5,3173,1,0,0,-0.948389039294112,1,-0.32823067059807154,0
2,5281,1,0,0,2.8483224077189395,1,-0.9718770918770603,0
2,1019,0,0,0,0.5814441212478516,2,-0.9240952990075876,0
9,2936,0,0,0,-0.0028241438444232708,2,0.395742161570672,0
7,9881,2,0,1,-0.6717390480490066,2,0.8598963193408531,0
5,3758,3,1,0,-0.529284948079512,1,-0.22823671065025816,0
3,8810,2,1,0,-0.6985782263041288,1,0.08487067035403344,0
1,4898,0,0,1,0.04672510831887924,2,-0.7352040173173497,0
1,9355,3,0,0,0.6826071777479276,1,-0.09689888830886542,0
5,4719,3,1,0,-0.6965136741306578,0,-0.5756277350652287,0
0,4386,2,1,0,-0.21960212205887153,0,0.51151156613137,0
5,3196,3,0,0,0.7197691168704043,1,-0.9258343243979844,0
0,6948,0,0,1,0.7238982212173461,2,0.7872713066085696,0
4,7906,2,1,0,2.621221668637136,2,0.26904174027033706,0
7,8737,1,0,0,-0.47147748722232574,1,-0.13648241862361057,0
4,1791,0,0,0,-0.7708375523756115,1,-0.8849258223572226,0
9,3829,3,1,0,-0.8678715045287456,0,0.10549054284016621,0
5,7072,0,0,0,-0.5334140524264538,0,-0.6705288349411658,0
3,4125,1,0,1,0.734220982084701,2,-0.6808801765506701,0
5,5723,3,0,0,-0.02346966557913256,0,-0.16563179659597516,0
3,7230,1,0,0,-0.9401308306002283,0,-0.8781353422613877,0
5,7983,2,0,0,-0.6180606915387622,0,1.05193440888038,0
4,8366,3,0,0,1.2317780558911966,0,0.5189645320902133,0
1,8151,1,0,0,0.050854212665821026,2,1.3649589791517958,0
2,1610,2,0,1,-0.7997412828042045,1,0.21811313955157516,0
0,2194,0,0,0,-0.06888981339549329,2,0.05058702694335447,0
0,3074,3,0,1,1.7458515470854596,0,-0.8628153566793211,0
3,5057,1,1,0,-0.08953533513020258,2,-0.6823707697424388,0
0,3823,3,0,0,-0.8967752349573386,2,-0.7850560785087234,0
0,6746,3,1,1,-0.2072148090180459,0,-0.3955972017927267,0
9,9201,1,0,0,-0.31663607421200557,0,-0.12538578041822174,0
4,1258,3,0,0,-0.556124126334634,1,1.3288534996178438,0
2,6134,0,0,0,-0.8307095654062686,1,-0.03065030200803673,0
5,3600,0,1,0,-0.9917446349370017,1,-0.6493292873249006,0
6,8859,3,1,0,-0.6056733784979366,0,-0.6842754165985877,0
0,9166,3,0,0,-0.9607763523349375,0,0.10416557111414966,0
8,2915,1,1,0,0.05911242135970478,1,1.3000353645769838,0
7,4520,1,1,0,-0.8183222523654431,0,-0.9524165696511918,0
5,5881,1,0,0,0.8477713516256022,1,-0.5741371418734601,0
4,8571,0,0,0,2.668706368626968,1,0.015309654738163267,0
0,2547,1,0,0,0.5979605386356192,1,0.44509735836478925,0
6,4213,0,0,0,-0.820386804538914,2,-0.09623640244585703,0
8,5074,0,0,0,-0.35173346116101145,2,-0.05673568286398807,0
1,6932,1,0,0,-0.44463830896720363,0,0.22382708012002162,0
9,8843,3,0,0,0.24698666914556,0,-1.0049185742945985,0
8,4929,0,0,0,0.04466055614540835,1,2.363739228369664,0
8,2151,0,0,1,-0.3599916698548952,0,0.9239090158540287,0
1,7584,3,0,0,-0.7481274784674312,1,1.2891043478373472,0
6,6381,0,0,0,-0.3393461481201858,2,-0.031105761038854863,0
7,9103,2,1,1,-0.2815386872629997,0,-0.2958930794099795,0
2,7306,3,1,0,2.456057494759461,0,-0.08447727837746004,0
4,6349,0,0,0,-0.03792153079342917,2,-0.6069301920923702,0
1,5519,1,1,1,0.538088525604962,2,1.0154148756820485,0
5,2764,0,1,1,-0.15560100468127258,0,1.6820412753341372,0
6,5694,3,0,0,2.1566974296061763,1,2.1302957723921194,0
5,3473,1,0,0,-0.5251558437325701,2,0.45056286673460777,0
1,8485,3,0,1,-0.08334167860978971,2,-0.7130935516394482,0
4,2166,1,0,0,0.7032526994826369,2,0.8556729719641751,0
1,2116,2,0,0,1.9048220644427216,0,-0.9313826435006787,0
8,5349,1,1,0,-0.9256789653859316,2,-0.6385638920510159,0
5,7848,3,0,0,-0.12463272207920847,0,0.7629249511430151,0
7,5967,2,1,0,-1.0061965001512982,1,0.5751102089801656,0
8,1300,0,0,0,-0.8100640436715593,2,0.9581512538982695,0
6,4812,3,0,0,0.2655676387067984,2,2.3372397938493332,0
0,9848,2,0,0,-0.9009043393042804,0,-0.752014596091185,0
2,6458,1,0,0,-0.08747078295673168,1,-0.835156571898725,0
7,6484,0,1,0,1.737593338391576,1,1.799466894552356,0
6,6964,0,1,0,-0.011082352538307022,1,-0.5041620725932098,0
3,6551,2,1,0,1.572429164513901,0,0.3285826572082068,0
8,7226,3,0,1,-0.9360017262532863,0,0.30133792609199106,0
5,4230,3,1,0,1.797465351422233,0,-0.14948370368514816,0
0,4760,3,0,1,0.1602754778597807,1,2.294592266418174,0
5,2175,1,1,0,0.9716444820338587,1,1.1004614983457373,0
9,8708,2,1,0,-0.7378047176000765,1,-0.9964718795412429,0
5,5487,0,0,0,0.33576241260481016,2,-0.6192689912908995,0
7,8832,3,1,1,-0.8183222523654431,0,0.003467719936890083,0
0,1921,3,0,1,-0.8905815784369258,2,-0.10683617625398963,0
5,8135,3,1,1,2.899936212055713,1,-0.14054014453453617,0
3,7687,3,0,1,0.6082832995029738,0,-0.502340236469937,0
7,1443,1,0,0,-0.9380662784267574,0,0.13099624856598535,0
7,4840,3,1,0,-0.9649054566818795,1,-0.5686716335036417,0
4,5331,2,0,0,-0.6118670350183495,1,-0.8428579700561963,0
5,9226,2,0,0,0.7218336690438752,2,-0.6745865608520916,0
5,7347,3,0,0,-0.43638010027331986,0,-0.6806317443520422,0
5,3950,2,0,1,0.7631247125132942,1,-0.7822405135909382,0
6,4664,3,1,1,-0.19689204815069125,1,0.33264038311913263,0
7,4941,2,0,0,-0.6036088263244657,2,1.5729795401363977,0
5,1895,1,1,1,-0.6077379306714075,0,2.5692754673679854,0
4,7226,1,0,0,1.2627463384932607,2,-0.41282183423094215,0
7,9992,2,1,0,1.5827519253812556,0,-0.6259766606538585,0
9,8829,3,0,0,-0.2423121959670519,2,-0.5912789635787994,0
7,5913,3,0,0,1.1760351472074815,1,-0.2689795912252678,0
6,4322,2,1,1,-0.19689204815069125,2,0.381747147714622,0
0,3278,1,0,0,-0.4116054741916686,2,-0.655043227893347,0
7,2740,2,1,0,0.5360239734314911,1,2.452015469615518,0
2,9452,2,1,0,-0.820386804538914,2,-0.05259514622018628,0
7,3126,2,0,0,-0.8018058349776755,1,-0.5126915780794414,0
4,9994,0,0,0,-0.3125069698650637,2,-0.11056265923341138,0
4,3751,0,0,0,-0.560253230681576,0,0.3319778972561245,0
8,6612,2,0,0,-0.7481274784674312,1,-0.9695583913565313,0
6,5138,0,0,0,2.140181012218408,1,0.11443410199077819,0
2,9822,1,1,0,-0.3641207742018371,2,-0.6067645706266181,0
5,9406,3,0,0,-0.37031443072224984,2,-0.7967323918442444,0
1,2511,3,1,0,1.1347441037380626,0,2.0888075952212253,0
4,4269,1,0,0,-0.5932860654571109,2,-0.5777808141200056,0
5,4652,2,1,0,1.5497190906057206,0,-0.7533395678172016,0
4,1770,0,0,0,0.602089642982561,1,-0.7674173924061278,0
7,2534,3,0,0,-0.20102115249763314,1,-0.37497732930659383,0
5,6387,3,0,0,0.7073818038295786,1,0.06391955493639635,0
3,9275,3,0,0,-0.025534217752603634,1,0.3789315827968367,0
3,9133,2,0,0,-0.42812189157943614,1,0.292063124009875,0
7,2242,2,0,0,0.6413161342785086,2,-0.5612186675447984,0
8,5899,1,0,0,0.5876377777682645,1,-0.8907225736585451,0
5,6614,0,0,0,-0.1370200351200342,0,-0.8479094247616347,0
3,6444,0,1,0,-0.9938091871104726,2,0.16006281580547388,0
1,6652,3,1,1,-0.5210267393856282,2,-0.24065832058166356,0
4,4582,1,0,0,0.12104898656383282,2,1.0598014285036037,0
5,5585,0,1,0,-0.8018058349776755,1,-0.3467388693958655,0
3,2635,3,0,0,0.22221204306390874,1,-0.11296417048681635,0
6,4796,1,0,0,-0.8451614306205653,0,0.7866916314784373,0
6,6057,3,1,0,-0.37031443072224984,2,-0.6277984967771312,0
7,1821,3,0,1,-0.7873539697633789,1,-0.7598816157144086,0
9,2406,3,0,0,-0.3455398046405987,1,-0.4702096721140351,0
1,9083,1,0,0,-0.911227100171635,1,1.9627696597838986,0
5,3262,2,1,0,0.9055788124827887,1,-0.8595857380971557,0
9,7488,3,0,0,-0.29392600030382526,2,-0.7395929861597796,0
9,7056,2,1,0,-0.948389039294112,1,-0.7034046958929521,0
4,2967,0,0,0,0.280019503921095,1,-0.19569209262997614,0
3,7156,3,0,0,0.992290003768568,1,-0.9030613728570744,0
9,7103,3,0,0,0.15614637351283892,0,-0.17639719186985975,0
3,2811,0,1,0,-0.4900584567835642,0,0.9447773205387896,0
4,1588,3,0,0,-0.2629577177017612,2,-0.6263907143182387,0
6,9903,2,1,0,-0.14114913946697596,2,0.5970550531923152,0
4,6797,1,0,0,1.2462299211054932,0,-0.3170926270262447,0
3,2752,3,0,0,-0.04411518731384203,0,-0.8710964299669247,0
2,9842,3,1,0,-0.4487674133141455,2,-0.826047391282361,0
4,7224,0,0,0,-0.8121285958450302,0,-0.4813063103194238,0
5,5249,0,0,0,1.1636478341666556,1,-1.0640454375680881,0
6,1953,0,0,1,0.35434338216604877,0,2.585423560278812,0
5,3408,1,1,0,-0.3579271176814242,0,-0.20099197953404244,0
4,8871,3,1,0,0.5463467342988457,2,-0.9931594502262014,0
7,5102,3,0,0,0.057047869186233884,1,-0.008291404131506907,0
8,9460,2,0,1,0.1726627909006062,1,-0.585565023010353,0
7,4252,3,0,0,-0.40954092201819764,0,1.7611255252307516,0
3,4095,3,0,0,-0.23198943509969716,0,-0.8235630692960801,0
3,6982,2,1,0,-0.7089009871714834,0,0.44095682172098766,0
2,3260,1,0,0,-0.2753450307425868,1,-0.31162711865642634,0
0,3073,3,0,0,-0.8348386697532105,0,-0.3021866951085583,0
8,7833,1,0,0,0.2820840560945659,0,-0.17159416936304975,0
0,4516,0,0,0,-0.9979382914574145,1,-0.8057587617277323,0
5,9336,3,0,0,-0.5003812176509189,1,-0.04323753340519403,0
6,4373,1,0,0,-0.721288300212309,1,-0.8984239718160165,0
6,3965,2,1,1,-0.690320017610245,2,0.05729469630631339,0
8,7111,0,0,0,-0.6758681523959484,0,-0.42582311929247985,0
3,5183,0,0,0,-0.17418197424251097,1,-0.3422256844541215,0
9,1986,2,0,0,-0.10192264817102811,1,-0.8393799192754029,0
7,8763,2,0,0,-0.461154726354971,2,-0.035784567446350994,0
7,3344,0,0,0,-0.7295465089061928,0,-0.6905690322971665,0
3,6509,1,1,0,-0.7790957610694952,1,-0.11122514509641954,0
6,5870,0,0,0,-0.3021842089977089,2,1.2411569335021222,0
4,6740,0,1,0,0.7858347864214744,2,-0.8451766705767253,0
1,8308,2,1,0,1.15126052112583,2,-1.1288862414100245,0
7,2340,2,0,0,-0.7543211349878439,1,0.9540521226209057,0
7,6842,1,0,0,0.0529187648392921,2,-0.7713094968513015,0
7,7264,2,0,0,-0.8451614306205653,2,-0.07735555535012084,0
0,5457,2,1,0,0.7197691168704043,0,-0.6619993294549341,0
5,9800,3,0,1,2.6893518903616775,0,-0.4726939941003161,0
8,4188,1,1,0,0.46582919953347934,1,-1.0161808339657394,0
9,2382,1,0,0,-0.5375431567733957,0,-0.3771304083613707,0
1,7508,2,0,0,-0.886452474089984,1,-0.7732141437074502,0
1,9890,3,0,0,-0.17418197424251097,0,1.0792619507294718,0
1,6468,1,0,1,-0.9607763523349375,0,-0.08265544225418726,0
6,3399,1,0,0,-0.9215498610389898,0,-0.8115555130290548,0
1,8855,0,1,0,-0.8430968784470944,0,-1.0796966660816592,0
7,6427,3,1,1,-0.3310879394263021,2,2.1358440914948136,0
0,1133,2,0,0,-0.3125069698650637,1,0.5355266786654205,0
9,4343,1,0,0,-0.26502226987523214,1,-0.721705867858556,0
2,3005,3,0,0,0.5009265864824852,0,0.24287354868150973,0
0,3548,0,0,1,1.8511437079324775,1,0.2899928556879741,0
0,5558,1,0,1,0.35434338216604877,0,-0.7336306133927051,0
4,5813,2,1,0,0.7300918777377592,0,0.44062557878948333,0
6,6290,3,0,0,-0.595350617630582,1,-0.899748943542033,0
7,9484,3,0,0,2.119535490483699,1,-0.765512745549979,0
8,2666,1,0,0,-0.9607763523349375,1,1.3797821003366062,0
1,7945,0,0,0,1.060420225493109,1,-0.2337850297529526,0
4,9470,0,1,0,-0.8348386697532105,1,0.05969620755971837,0
3,4471,3,0,0,-0.9463244871206411,2,-0.5049073691890941,0
5,1273,0,1,0,0.23872846045167623,2,-1.0112950007260533,0
0,1263,3,0,0,1.3866194689015168,0,-0.370753981929916,0
0,5571,3,0,0,-0.595350617630582,0,0.2444469526061544,0
9,5293,0,1,1,0.40802173867629304,2,-1.0805247734104193,0
3,1412,2,1,0,-0.5932860654571109,0,0.76491240873204,0
1,6432,2,0,0,-0.5519950219876923,0,0.17571404431904478,0
5,9646,0,0,0,-0.6098024828448785,2,-0.34317800788219605,0
5,4396,1,0,0,-0.6655453915285937,0,-0.5523579191270626,0
6,4267,1,0,0,0.5876377777682645,1,-0.8657137323299823,0
4,7386,3,0,1,-0.7130300915184252,1,0.01613776206692358,0
1,8905,3,1,0,-0.5685114393754597,1,0.8603517783716711,0
0,9436,0,1,1,-0.8575487436613908,2,0.5581340087405782,0
3,1790,3,0,1,-0.3393461481201858,0,1.9933268202151557,0
9,4877,0,1,0,2.191794816555182,0,1.4238374102266573,0
6,7880,2,1,1,-0.719223748038838,1,-0.5844056727500885,0
2,8416,2,0,1,-0.8451614306205653,2,-0.1586756950343881,0
1,2710,3,1,0,-0.5024457698243898,1,-0.0067180002068622435,0
2,3181,1,1,0,-0.7894185219368498,2,-0.4037126536145782,0
8,2431,0,1,0,-0.5478659176407504,2,1.448597819356592,0
3,9156,0,0,0,-0.5499304698142213,0,0.6167640076168117,0
1,4351,0,0,0,2.961872777259841,0,2.0222277659888923,0
2,5820,0,1,0,0.1416945082985423,2,-0.05375449648045067,0
5,5742,2,1,0,-0.4694129350488548,2,0.4010420484747382,0
1,8198,2,0,1,-0.7749666567225534,1,-0.5834119439555759,0
7,4028,0,0,0,0.003369512675989589,2,-0.9195407086994056,0
4,7282,1,0,0,0.7156400125234625,0,-0.3002820482524094,0
3,2746,0,0,0,-0.59122151328364,1,0.7711232136977426,0
7,6112,3,0,0,-0.7749666567225534,2,1.9182174854965912,0
3,8171,0,1,0,-0.9731636653757633,1,1.0854727556951747,0
0,6808,0,0,0,0.9984836602889806,1,-0.855693633651982,0
6,3587,2,0,0,-0.6387062132734717,0,2.5465853265599514,0
4,2013,3,1,0,-0.09159988730367347,0,-0.7822405135909382,0
0,2296,1,1,0,0.2655676387067984,1,-0.28338865874569813,0
6,8201,0,1,0,-0.3579271176814242,2,-0.5330630183669463,0
5,9327,0,1,0,1.8759183340141283,1,0.2701182797977257,0
9,2994,1,0,0,-1.0061965001512982,1,-0.32835488669738555,0
0,1154,3,1,0,0.10246801700259443,0,-0.8764791276038669,0
2,9750,1,0,1,-0.8596132958348617,0,-0.018228692076631352,0
8,8126,3,0,1,0.07975794309441425,2,-0.744975683796722,0
4,6971,3,0,1,1.0356455994114575,0,2.3203464043426214,0
5,1766,0,1,0,-0.9504535914675829,1,-0.7251011079064733,0
7,8005,0,0,0,0.6124124038499158,2,-0.4916576519289283,0
2,3728,0,0,0,0.019885930063757093,0,-0.9914204248358047,0
9,9857,1,1,0,-0.4033472654977849,2,0.7763402898689329,0
4,5255,0,1,1,0.4637646473600082,0,-0.17912994605476898,0
7,4956,2,0,1,-0.9958737392839434,1,0.1470615307439363,0
8,4375,3,0,0,-0.7068364349980125,1,-0.6853519561259762,0
6,9114,2,0,0,-0.6758681523959484,1,2.673368558593162,0
3,3319,3,0,0,-0.2629577177017612,2,-0.5068120160452428,0
5,5369,0,0,0,1.08519485157476,0,0.250326514640353,0
5,5715,2,0,0,-0.7233528523857801,1,-0.9957265829453587,0
9,2338,2,0,1,-0.7233528523857801,1,-0.6668023519617442,0
1,4594,3,0,0,-0.8616778480083327,1,-0.8038541148715835,0
2,3728,2,0,0,2.3383780208716183,0,1.5175791598423298,0
5,1792,2,0,1,-0.820386804538914,0,-0.13913236207564367,0
4,1441,3,0,0,0.1726627909006062,2,0.11617312738117501,0
8,8194,2,1,0,-0.948389039294112,2,-0.8717589158299329,0
9,5674,2,0,0,-0.4487674133141455,1,0.1927730552915081,0
4,3152,0,0,1,0.7755120255541196,1,-0.9175532511103808,0
6,2938,3,0,1,1.5146217036567147,0,1.5301663912394872,0
3,1853,0,0,0,2.548962342565654,1,-0.44056342974441415,0
7,3570,1,1,1,1.9337257948713147,1,-0.8248880410220966,0
8,9366,0,0,0,-0.7605147915082568,2,-0.33804374244388175,0
3,7356,1,1,0,-0.9958737392839434,0,1.238838232981593,0
0,1802,1,0,0,2.0844381035346933,1,2.3908183380201278,0
9,8312,1,0,1,1.4464914819321737,0,0.16850951055882962,0
6,9829,3,0,0,-0.8348386697532105,0,0.9969480822506923,0
0,3623,0,0,0,-0.14527824381391777,0,-0.5271834563327477,0
9,2369,3,0,0,-0.12463272207920847,0,-0.7646018274883425,0
4,2354,0,0,0,2.594382490382014,0,-0.9086096919597688,0
3,7894,3,0,1,0.019885930063757093,1,-0.3190800846152696,0
7,8465,3,0,0,0.3667306952068743,2,2.885612466954442,0
3,5691,0,1,0,-0.8059349393246173,0,-0.7211261927284237,0
2,8496,2,1,1,-0.19895660032416215,2,-0.7099053384237208,0
0,6981,2,0,0,-0.7439983741204893,0,0.9947950031959154,0
6,3502,0,0,0,-0.5808987524162853,1,0.6503023544316063,0
9,1209,0,1,1,-0.3971536089773721,1,0.0872307762410004,0
5,2869,1,0,0,0.13550085177812943,2,-0.650074583920785,0
2,4704,0,0,0,-0.6799972567428904,2,-0.09176462287055116,0
4,1993,2,0,0,-0.2588286133548193,1,0.10524211064153809,0
9,2151,2,0,0,1.242100816758551,1,-0.19122031305467016,0
6,5537,0,1,0,-0.3950890568039011,1,1.299372878713975,0
9,9403,3,0,0,-0.8059349393246173,1,0.0666523091213054,0
9,4501,3,1,0,-0.31870062638547647,2,-0.47476426242221703,0
9,2675,0,0,0,1.9275321383509016,2,0.5217800970079985,0
1,6035,0,0,0,-0.21547301771192964,0,-0.9110940139460499,0
7,7686,1,1,0,-1.0041319479778272,2,0.7553891744512958,0
2,8880,0,0,1,-0.11018085686491186,1,1.1870401195676328,0
5,3729,3,1,0,-0.461154726354971,1,-0.97585200705511,0
7,3137,0,0,0,-0.08747078295673168,2,-0.9637616400552088,0
9,9716,1,0,0,-0.2712159263956449,2,0.6396197698905975,0
1,9670,2,0,0,-0.5643823350285179,1,-0.8020322787483107,0
1,2273,0,1,0,-0.2918614481303543,1,-0.8283660918028901,0
1,9158,3,0,1,-0.35173346116101145,2,2.3102434949317456,0
6,5478,3,1,0,-0.5705759915489307,1,-0.7227824073859443,0
8,6935,1,1,1,0.007498617022931373,1,-0.2698905092869042,0
8,8552,1,1,0,-0.9896800827635308,2,-0.5938460962979566,0
3,7954,2,0,0,-0.915356204518577,0,-0.45546936166210067,0
9,8345,0,0,0,0.23253480393126338,1,-0.5636201787982034,0
9,1373,0,0,0,0.42453815606406053,2,-0.7870435360977482,0
1,8383,1,0,0,0.47821651257430486,2,0.28179459313324673,0
6,5628,3,0,0,-0.1370200351200342,0,-0.0795914451377739,0
8,8117,3,0,0,-0.8307095654062686,0,-0.3165957626289885,0
1,3295,3,0,0,0.8704814255337828,2,-0.9813175154249284,0
5,3371,2,0,0,0.23253480393126338,2,-0.8245567980905925,0
1,1364,0,0,0,0.06943518222705942,1,0.5226910150696351,0
8,8133,0,0,0,-0.5127685306917444,2,0.0840425630252729,0
5,6206,3,0,1,-0.22166667423234251,2,-0.25067841925966394,0
9,8155,1,0,0,0.5360239734314911,2,0.428121158125202,0
5,7674,1,1,0,0.346085173472165,0,1.224429165461163,0
3,8279,1,0,0,-0.3558625655079533,0,0.3043191124755284,0
8,6108,2,1,0,-0.8018058349776755,2,-0.031561220069673004,0
7,9592,3,1,0,0.23872846045167623,2,-0.17855027092463666,0
4,3269,3,0,0,1.182228803727894,2,-0.5054870443192263,0
5,9580,2,0,0,1.8284336340242966,0,-0.4418055907375547,0
5,2806,0,0,0,-0.8018058349776755,2,0.7400691888692292,0
9,5242,1,0,0,0.7528019516459393,0,1.2767655486388176,0
2,2419,0,0,0,0.04672510831887924,1,0.6999059834243516,0
8,9207,0,1,0,-0.6758681523959484,2,0.580575717349984,0
6,7914,0,0,0,0.12104898656383282,2,0.7153915904721704,0
1,8767,1,0,0,-0.7997412828042045,0,1.3085648700632153,0
2,7028,1,1,1,0.7321564299112301,2,-0.3664478238203621,0
6,4547,2,0,0,0.2841486082680368,0,0.7636702477388994,0
0,8200,3,1,0,-1.0165192610186529,2,-0.620345530818288,0
6,6652,1,0,0,-0.886452474089984,0,-0.733299370461201,0
1,7705,0,0,0,-0.40747636984472674,0,0.35756641371481945,0
4,7911,2,0,1,-0.8038703871511464,1,-0.9142408217953393,0
1,4625,3,0,0,1.7458515470854596,0,-0.28943384224564866,0
4,8240,1,0,0,-0.042050635140370954,1,0.5736196157883969,0
3,4543,0,1,0,-0.9876155305900597,1,-0.8584263878368912,0
6,4433,2,0,1,-0.5272203959060411,2,-1.042597457753195,0
2,9680,0,0,0,-0.16798831772209813,1,2.4257644672938152,0
4,9435,3,1,0,-1.0185838131921239,0,-0.28032466162928477,0
2,4905,1,0,0,2.5262522686574735,0,-0.6326015192839414,0
9,4656,3,0,0,-0.8410323262736232,2,-0.6954548655368527,0
5,8002,1,0,0,0.23872846045167623,1,-0.5108697419561686,0
5,4766,3,0,0,0.15201726916589695,1,-0.8153648067413525,0
2,1515,0,1,0,-0.5788342002428144,2,-0.6402201067085366,0
0,8655,2,0,1,-0.3290233872528312,0,-0.7713923075841774,0
8,7037,1,0,0,-0.853419639314449,1,0.03427331256677541,0
1,1403,0,0,0,-0.39095995245695925,1,0.06052431488847892,0
8,5600,1,1,0,1.7293351296976924,1,0.26871049733883295,0
0,4338,3,0,0,-0.65728718283471,0,-0.8065040583236167,0
9,2388,2,0,0,-0.12669727425267938,2,-0.4768345307441179,0
6,8123,3,0,1,-0.7150946436918962,1,-0.8710136192340486,0
6,3404,2,1,1,0.9654508255134456,2,-0.3137801977112033,0
3,9337,1,0,0,1.2008097732891325,2,-0.10166050544923744,0
4,7751,0,0,0,-0.34141070029365683,0,-0.7851388892415994,0
8,3917,3,0,0,1.5765582688608428,2,-0.04712963785036771,0
9,7641,0,0,0,-0.9091625479981642,1,-0.6213392596128006,0
3,1185,3,0,0,-0.09779354382408632,0,-0.0031571386931926446,0
7,6664,0,0,0,1.091388508095173,0,0.2894959912907179,0
0,1810,1,1,0,-0.5024457698243898,1,-1.079945098280287,0
8,5516,3,0,0,0.03433779527805352,0,-0.5689200657022697,0
9,6882,3,0,0,-0.29599055247729616,2,-0.7675830138718799,0
0,4527,3,1,0,-0.65728718283471,2,-0.5531860264558229,0
8,7871,0,1,0,-0.7295465089061928,2,-0.5478447341853186,0
6,7193,3,0,0,-0.8369032219266814,0,-0.5517782439969303,0
3,5254,3,0,1,-0.15973010902821436,2,-0.8054275187962283,0
6,6569,2,1,0,-0.17624652641598187,1,-0.6809629872835463,0
1,5558,2,1,0,0.5814441212478516,2,-0.39253320467631336,0
3,5207,2,0,0,-0.9360017262532863,0,-0.29523059354697123,0
7,7619,3,1,0,-0.366185326375308,0,-0.823438853196766,0
4,4961,1,0,0,-0.18656928728333652,1,0.4287836439882104,0
9,5906,0,1,0,2.815289572943404,1,-0.6630758689823225,0
3,3048,3,0,1,0.5215721082171945,1,0.20974925553109539,0
6,7126,3,0,0,0.5112493473498398,1,1.9795802385577341,0
2,4459,0,1,0,1.184293355901365,1,-0.5656076363872283,0
5,9402,1,1,0,1.1595187298197138,2,-0.8076634085838811,0
6,2584,2,1,0,0.8106094125031255,1,-0.008291404131506907,0
7,4124,0,0,0,-0.35379801333448235,1,1.180870719968368,0
6,7575,2,0,0,-0.430186443752907,2,1.5791075343692245,0
2,5202,2,1,0,-0.7274819567327218,2,-0.45265379674431544,0
4,2757,0,1,0,-0.981421874069647,2,2.1235052922962843,0
2,8436,2,1,0,-0.10192264817102811,0,0.8525261641148858,0
7,1936,0,0,0,-0.7109655393449543,1,0.14606780194942384,0
1,1648,3,0,0,-0.690320017610245,1,1.5012654454657506,0
1,8324,1,1,1,-0.8369032219266814,1,1.3930318175967717,0
9,5011,2,0,0,-0.10811630469144097,2,2.202589542192899,0
8,7000,1,1,0,0.4823456169212466,1,-0.6499089624550328,0
7,7217,1,0,0,-0.5334140524264538,0,-0.21829942270513397,0
3,1272,1,0,0,-0.23405398727316815,2,-0.6598462504001571,0
5,5763,2,1,0,0.06737063005358852,1,-0.25018155486240773,0
8,2323,0,1,0,0.37498890390075806,1,0.46546879865229407,0
0,9714,3,1,0,-0.9236144132124607,1,0.42091662436498684,0
4,7874,1,0,0,-0.7501920306409021,1,-0.6134722399895771,0
5,4185,2,0,1,-0.430186443752907,1,-0.3035944775674509,0
6,8717,3,0,0,-0.5994797219775239,1,0.29703176798243736,0
3,4844,2,0,0,-0.6283834524061169,0,-0.19420149943820744,0
1,4252,1,0,1,-0.6738036002224775,1,-1.0555159320818566,0
2,8519,0,1,1,-0.6593517350081809,1,-0.9743614138633414,0
0,1893,3,1,0,0.5628631516866133,2,-0.9439698748978362,0
1,2519,2,1,1,0.4224736038905897,2,0.7290553613967163,0
6,6535,2,1,1,-0.38683084811001733,0,-1.1577043764508848,0
8,1576,2,1,0,-0.4673483828753839,0,-0.9375934484663814,0
4,7828,0,0,0,-0.3083778655181218,1,-0.932210750829439,0
0,9214,0,1,0,-0.8740651610491582,2,0.22101151520223639,0
9,9746,1,1,1,0.22221204306390874,0,0.2120679560516244,0
8,3424,2,0,0,0.8684168733603119,2,0.5777601524321987,0
9,8833,0,1,0,-0.719223748038838,0,-0.9905095067741684,0
4,4755,3,0,1,-0.849290534967507,2,-0.47907042053177085,0
6,6862,1,0,0,0.2614385343598566,1,-0.6542151205645867,0
2,9657,1,1,1,-0.9731636653757633,2,-0.07379469383645125,0
2,1997,1,0,0,0.9757735863808005,2,-0.7759468978923595,0
7,2263,3,1,1,-0.5891569611101691,2,-0.7561551327349868,0
5,1776,3,1,0,-0.7811603132429662,0,-0.5617155319420547,0
9,5546,0,1,0,-0.6448998697938844,1,-0.2054637591093483,0
8,7634,0,0,0,0.6268642690642122,0,-0.5304130749149132,0
6,3890,1,0,1,-1.01032560449824,0,-0.4654066496072249,0
8,7769,2,0,0,-0.2402476437935809,0,-0.8610763312889244,0
6,1324,1,0,0,0.31718144304357176,1,-1.0063263567534912,0
2,5853,3,1,1,-0.6779327045694193,0,-0.8803712320490407,0
2,6102,3,0,0,0.9964191081155098,2,0.2142210351064015,0
4,6019,3,0,0,-0.3310879394263021,0,-0.1813658358424219,0
3,8012,1,0,0,-0.5767696480693435,2,-0.971214606014052,0
1,3117,2,1,0,-0.5003812176509189,2,-0.4942247846480854,0
0,1089,3,1,0,-0.7419338219470184,2,-1.181305435320555,0
8,4040,1,0,0,1.4526851384525867,0,1.2864544043853134,0
0,4487,0,1,0,-0.7150946436918962,2,-0.5338083149628305,0
0,3997,3,1,0,-0.5210267393856282,1,-0.07271815430906281,0
5,4787,2,0,0,1.7768198296875233,0,-0.5823354044281875,0
5,3490,2,1,1,-0.8430968784470944,0,0.07095846723085936,0
1,8648,1,0,1,-0.721288300212309,0,-0.6115675931334282,0
3,3485,0,1,0,-0.5870924089366982,0,-0.8864992262818673,0
3,2709,3,0,0,-0.16592376554862723,0,-0.04977958130240103,0
6,4258,0,1,1,0.5690568082070261,0,-0.4692159433195226,0
5,7201,2,0,0,-0.43844465244679076,2,-0.30897717520439316,0
8,3809,2,0,1,2.559285103433008,0,-0.1243092408908332,0
4,1661,2,0,0,0.21808293871696696,1,-1.0097215968014086,0
9,6919,1,1,0,-0.170052869895569,0,-0.7053921534819768,0
0,7760,3,0,0,-0.2815386872629997,1,-0.43161987059380225,0
4,5173,2,0,0,-1.0185838131921239,0,-0.2686483482937638,0
4,4751,1,0,0,0.2944713691353916,2,-0.48519841476459746,0
1,1179,1,1,0,-0.5808987524162853,0,-0.1154484924730973,0
3,8013,0,0,0,-0.9752282175492342,2,0.8084708542248348,0
1,9423,2,0,0,-1.0165192610186529,0,-0.005779478567600564,0
1,6568,0,1,0,0.16853368655366444,0,-0.42064744848772756,0
8,5864,3,1,0,-0.9339371740798154,2,-0.46134892369629915,0
0,4973,2,0,0,-0.7997412828042045,1,0.1613877875314904,0
4,5880,3,0,0,-0.025534217752603634,2,-0.2561025222630443,0
1,1260,2,0,0,1.3639093949933363,0,0.19848699585995463,0
7,8820,2,0,0,1.2049388776360743,1,-0.09060527261028653,0
4,3514,0,1,0,2.1071481774428733,0,-0.8756510202751066,0
7,8948,2,0,1,-0.7687730002021406,2,0.9081749766075818,0
5,7564,1,0,0,-0.4694129350488548,1,0.5572230906789419,0
2,3112,2,0,0,-0.2794741350895287,2,-0.740172661289912,0
9,8378,1,0,0,-0.3827017437630755,2,0.2812977287359905,0
9,6375,0,0,1,-0.21960212205887153,1,-0.7827373779881944,0
1,3719,1,0,0,1.376296708034162,0,-0.050442067165409187,0
4,2069,3,0,0,-0.8781942653961002,1,2.5224874032930256,0
8,8872,2,1,0,-0.915356204518577,2,-0.7551614039404745,0
6,5087,3,0,0,-0.7708375523756115,1,-0.4280590090801328,0
7,7506,1,0,0,1.5393963297383662,0,2.6300585452989953,0
5,9181,1,0,0,1.2627463384932607,0,-0.7505240028994165,0
1,5662,1,0,1,-0.8554841914879199,1,1.0302794022332968,0
5,9095,3,0,0,0.48028106474777577,1,-1.0567580930749971,0
0,4725,1,0,0,1.6508821471057964,2,-0.42441533683358723,0
0,7211,1,1,1,-0.8224513567123849,0,1.4418901499936332,0
0,1284,1,0,0,0.6247997168907413,0,-0.8118039452276828,0
4,6785,0,0,0,-0.3248942829058893,0,0.6141554695312166,0
3,1076,1,0,1,-0.882323369743042,2,0.8161722523823062,0
0,9081,1,0,0,-0.719223748038838,2,-0.38201624160105685,0
7,6800,1,0,0,1.0480329124522831,1,1.1647226270575408,0
5,7686,1,0,1,1.3907485732484586,1,-0.6783958545643892,0
6,1153,3,0,0,1.058355673319638,2,-0.48710306162074635,0
2,1350,2,0,0,1.4526851384525867,2,-0.9045519660488432,0
7,2729,1,0,1,-0.1390845872935051,2,-1.0304242800204175,0
6,8243,2,1,0,-0.37444353506919176,2,0.5897677086992241,0
0,4290,2,0,0,-0.7274819567327218,1,-0.52337416262045,0
7,3950,1,0,0,-0.9545826958145249,0,0.16917199642183778,0
3,6639,2,0,0,-0.3125069698650637,0,1.7509398050869989,0
8,8648,1,0,0,0.06117697353317585,1,1.3551045019395473,0
7,5907,3,1,0,-0.7398692697735474,1,-0.9187954121035213,0
8,6910,3,0,0,-0.7274819567327218,1,-0.5615499104763025,0
3,7480,2,1,0,-0.719223748038838,1,-0.29721805113599614,0
0,4302,2,0,0,-0.43638010027331986,2,-0.9831393515482012,0
3,4964,3,0,0,0.14375906047201317,0,-0.3910426114845448,0
0,9172,2,0,0,-0.9421953827736992,2,0.9332666286690208,0
4,2275,1,0,0,-0.3579271176814242,1,-0.3929472583406935,0
7,6801,3,0,0,0.5752504647274388,2,0.4130496047417635,0
7,1832,1,0,0,1.543525434085308,2,-0.6944611367423402,0
9,9842,3,0,0,-0.07714802208937703,1,-0.47799388100438245,0
5,4944,1,0,0,-0.21340846553845877,1,-0.5461471141613599,0
1,9474,3,0,0,-0.9752282175492342,2,-0.68965811423553,0
5,4745,0,1,0,-0.5024457698243898,2,-0.9014051581995537,0
3,8202,3,0,1,1.2813273080544991,1,-0.9508431657265471,0
6,5165,2,0,0,-0.9339371740798154,0,-0.5268522134012436,0
9,7856,3,0,1,-0.6510935263142972,0,0.885402025066672,0
7,3942,0,0,0,-0.9690345610288214,1,1.2615283737896268,0
7,3624,2,0,0,0.8064803081561837,2,1.05193440888038,0
6,2720,1,1,0,0.8746105298807245,2,-0.8014526036181784,0
4,3459,3,0,0,-0.915356204518577,0,0.4995868205972209,0
0,8891,3,1,0,0.4348609169314152,2,-0.8998317542749091,0
8,7685,1,0,0,-0.3806371915896046,1,-0.8825243111038176,0
9,8789,0,0,0,-0.5107039785182735,2,-0.7197184102695311,0
9,7606,1,0,0,0.9675153776869165,2,-0.9375106377335054,0
7,6000,2,0,0,-0.7068364349980125,1,-0.6980219982560096,0
0,5176,3,0,0,-0.9649054566818795,0,-0.712927930173696,0
0,3269,2,0,0,-0.08540623078326079,1,-0.8879070087407598,0
9,7878,0,0,1,-0.366185326375308,0,-0.027503494158747404,0
3,7976,1,0,0,-0.6366416611000006,0,-0.8416158090630559,0
0,7396,3,0,1,-0.22992488292622626,2,-0.8631465996108253,0
6,6446,0,0,0,2.8978716598822416,0,0.7035496556708972,0
6,9036,3,1,0,-0.1906983916302785,1,1.2748609017826686,0
4,2998,1,0,0,0.013692273543344232,0,1.584987096403423,0
8,4680,1,0,0,-0.9545826958145249,1,0.8194846816973475,0
5,7999,0,0,0,-0.9566472479879957,0,-0.7271713762283742,0
8,7245,0,0,0,1.1760351472074815,2,-0.730897859207796,0
3,1543,3,0,0,-0.558188678508105,2,-0.9231843809459512,0
2,8509,3,1,0,2.8813552424944744,2,-0.529999021250533,0
1,6683,2,0,0,-0.6738036002224775,1,-0.27262326347181354,0
4,2759,1,0,0,-0.2732804785691159,0,-0.7853873214402275,0
2,7550,2,0,0,1.0418392559318705,1,-0.19122031305467016,0
7,5497,1,0,0,0.04053145179846638,2,-0.68965811423553,0
8,2225,1,0,0,0.6186060603703285,1,-0.825633337617981,0
8,1161,0,0,1,-0.7419338219470184,0,0.3256014708246696,0
0,4054,2,1,1,0.0529187648392921,1,2.3268056415069527,0
9,4934,1,0,1,1.2379717124116092,0,0.39259535372138266,0
5,3626,0,1,1,0.007498617022931373,0,-0.06791513180225286,0
7,9532,3,0,0,-0.14734279598738884,0,-0.007463296802746594,0
9,1076,3,0,0,0.8023512038092419,2,-0.4249950119637194,0
4,8935,1,1,0,-0.3021842089977089,0,0.31442202188640483,0
3,4420,3,0,0,-0.9710991132022923,2,-1.0454958334038562,0
9,5803,1,1,0,1.1285504472176497,0,-0.278668446971764,0
8,4721,2,1,0,-0.5334140524264538,2,-0.8615731956861805,0
6,5988,2,0,0,0.3646661430334034,0,0.9673846506139475,0
6,1420,2,0,0,0.13550085177812943,2,0.25040932537322896,0
4,5049,1,0,0,0.2944713691353916,0,-0.63889513498252,0
9,9014,2,0,1,-0.9834864262431179,2,-0.12464048382233739,0
5,4143,3,0,0,0.8519004559725444,2,-0.3560136714779816,0
1,7412,0,0,0,-0.5705759915489307,1,-0.015330316425970143,0
0,8791,3,0,0,1.054226568972696,0,-0.6263907143182387,0
8,8397,1,1,0,-0.7832248654164372,2,-0.9539899735758366,0
8,1662,3,0,0,1.0975821646155857,2,-0.3226409461289391,0
3,6717,2,0,0,-0.7336756132531347,1,-0.696614215797117,0
2,7609,1,0,0,-0.37031443072224984,0,-0.6615024650576778,0
7,2645,2,0,0,-0.5148330828652155,1,1.0937538289827782,0
4,9194,1,1,0,-0.6820618089163613,2,0.6572584559931933,0
3,3209,0,1,0,0.2263411474108507,0,-0.35709021100537,0
8,3407,1,0,0,-0.7563856871613149,1,-0.733299370461201,0
9,9492,0,0,0,-0.9979382914574145,2,1.0434877141270245,0
3,7768,2,0,0,0.5195075560437236,1,-0.3002820482524094,0
8,9270,2,0,1,0.7528019516459393,2,-0.7205465175982915,0
9,2560,0,0,0,-0.6965136741306578,0,0.2264770235720547,0
6,2453,2,0,0,-0.7956121784572627,0,-0.5897055596541547,0
4,3051,1,1,0,-0.6696744958755356,1,-0.7921778015360624,0
7,6299,3,1,0,0.8457067994521313,0,1.3087304915289673,0
6,7023,2,0,0,-0.7894185219368498,2,-0.6482527477975122,0
2,8831,2,1,0,-1.014454708845182,2,-0.057812222391376504,0
4,9363,1,0,1,0.25318032566597287,2,-0.9677365552332585,0
4,2906,2,0,0,1.114098582003353,2,-0.9529134340484481,0
0,1853,0,0,0,-0.34141070029365683,1,-0.5261897275382352,0
8,4653,0,0,0,0.11485533004342015,2,-0.9660803405757378,0
2,7084,2,0,0,-0.43844465244679076,1,-0.6358311378661068,0
6,9054,1,0,0,-0.7708375523756115,1,0.07841143318970263,0
5,3456,1,0,0,-0.12050361773226669,1,-0.890391330727041,0
8,6374,3,0,1,-0.9318726219063446,1,0.8276415388856371,0
3,2512,0,0,0,-0.09159988730367347,0,0.928546416895087,0
3,4064,2,1,0,0.038466899624995485,2,0.23136285681174087,0
9,5750,3,1,0,-0.21960212205887153,0,1.2043889681051623,0
9,3839,2,1,0,-0.9566472479879957,0,-0.49107797679879606,0
7,3887,1,0,0,1.2441653689320222,0,1.8939539407639128,0
0,2282,3,0,0,-0.2753450307425868,1,-0.046384341254483485,0
8,2274,3,1,0,-0.752256582814373,0,-1.0439224294792113,0
4,1647,0,0,0,-0.019340561232190773,1,-0.8870789014119995,0
6,7253,1,1,1,-0.7997412828042045,2,0.022928242162758464,0
7,9478,3,0,0,-0.6779327045694193,0,-0.21258548213668751,0
1,8674,2,0,0,-0.2402476437935809,2,-0.6634899226467027,0
9,7805,3,1,0,-0.5437368132938085,2,-0.9381731235965136,0
1,8737,1,0,0,1.4733306601872962,2,0.024253213888775133,0
3,7046,3,1,0,-0.8802588175695711,2,-0.21564947925310077,0
9,9065,2,0,0,-0.4528965176610873,0,-0.6720194281329344,0
9,7015,1,0,0,-0.9587118001614666,1,-0.3651228520943455,0
9,7579,3,0,0,-0.9855509784165888,0,-1.1741009015603399,0
6,4377,1,0,0,-0.34347525246712773,0,-0.698684484119018,0
3,6468,2,0,0,-0.9834864262431179,0,-0.571652819887179,0
0,6161,0,1,0,0.9633862733399747,2,0.6386260410960853,0
5,3034,1,0,0,-0.562317782855047,0,-0.07445717969945964,0
3,7777,3,0,0,-0.9380662784267574,1,-0.9060425592406118,0
6,3513,1,0,0,-0.65728718283471,0,0.48468088867953457,0
9,2116,1,1,0,-0.6799972567428904,1,-0.5478033288188806,0
8,1628,2,0,1,-0.9360017262532863,0,-0.0463015305216074,0
9,7459,0,0,0,-0.5478659176407504,2,-0.6010506300581717,0
5,9636,1,0,0,-0.9855509784165888,1,-0.8223209083029396,0
1,2903,2,0,1,0.39356987346199646,2,-0.352369999231436,0
8,1527,3,0,1,-0.5086394263448025,2,-0.7569004293308712,0
3,2972,1,0,0,2.8978716598822416,1,-0.4404806190115382,0
3,2638,3,0,0,-0.0028241438444232708,0,0.356738306386059,0
6,6021,2,1,0,-0.911227100171635,2,-0.534967665223095,0
7,6336,0,0,0,0.042596003971937274,1,0.021023595306609723,0
1,1565,2,0,0,-0.6779327045694193,1,0.912977999114392,0
3,4872,3,0,0,-0.5189621872121573,1,-0.22301963447906795,0
9,6297,3,0,0,-0.5685114393754597,1,-0.07164161478167438,0
8,9616,0,0,0,-0.7068364349980125,1,0.20693369061331013,0
7,8979,1,1,0,-0.6325125567530587,0,1.9529979933045263,0
3,5377,3,1,1,0.8952560516154339,0,-0.07586496215835214,0
5,6702,0,0,0,0.019885930063757093,2,-0.571818441352931,0
3,6887,1,1,1,-0.4818002480896804,0,-0.5872212376678737,0
8,4581,1,1,0,0.6124124038499158,1,2.1609357435562524,0
0,5645,3,0,1,-0.6923845697837159,2,-0.5938460962979566,0
7,8092,1,0,1,-0.5974151698040528,1,-0.4868132240556803,0
7,8837,0,0,0,0.32750420391092644,2,0.04280281805300712,0
6,3342,0,1,0,-0.34141070029365683,0,-0.00945075439177153,0
1,5680,3,0,0,0.5236366603906654,2,0.19558862020929343,0
7,4037,3,0,0,0.18505010394143195,0,-0.7902731546799137,0
8,5113,1,0,1,-0.9772927697227051,0,-0.9421480387745634,0
7,7817,2,1,0,-1.0082610523247693,0,-0.5156727644629787,0
4,9581,2,0,0,1.4836534210546506,1,0.2839476721880236,0
8,4808,2,1,0,-0.21753756988540063,1,-0.7621175055020614,0
0,4211,1,0,0,-0.6758681523959484,0,2.1617638508850128,0
9,2535,0,0,0,0.7755120255541196,2,0.13455711007965496,0
5,1273,1,0,0,0.2820840560945659,1,-0.9331216688910755,0
3,6519,0,1,0,-0.47354203939579664,1,-0.7985542279675172,0
7,3200,2,0,0,0.8828687385746085,2,-0.21333077873257175,0
3,3331,2,0,0,-0.6056733784979366,1,0.43333823429639223,0
8,5947,1,0,0,-0.461154726354971,1,-0.5096275809630281,0
6,8654,3,1,0,-0.5829633045897563,2,-0.21656039731473714,0
3,8417,3,0,0,-0.8141931480185011,2,-0.8304363601247909,0
6,8243,3,1,0,-0.6882554654367741,1,-1.1006477814992959,0
0,7261,2,0,1,1.1058403733094693,1,-0.7704813895225411,0
5,5544,2,1,1,0.6619616560132183,2,-0.5184055186478879,0
1,5685,0,0,0,-0.20927936119151688,1,0.31135802476999147,0
8,6437,3,0,0,-0.06476070904855132,2,-0.994401611219342,0
3,1617,3,1,1,1.1058403733094693,1,-0.5065635838466148,0
1,4502,1,0,0,-0.8410323262736232,1,-0.3525356206971881,0
2,4607,3,0,0,-0.13495548294656312,2,0.06938506330621463,0
4,6201,0,1,0,-0.5272203959060411,1,-0.9002458079392892,0
3,4982,2,0,1,-0.5127685306917444,1,-0.6071786242909983,0
7,3609,3,0,0,0.11691988221689104,2,-0.5931007997020722,0
2,9403,2,1,0,1.0707429863604634,0,0.21778189662007086,0
1,1198,0,0,0,-0.7873539697633789,0,-0.48287971424406845,0
4,2290,2,1,1,-0.6036088263244657,1,-0.16298185314394195,0
9,6148,3,1,0,0.12930719525771658,2,-0.6227470420716931,0
9,8456,0,0,0,-0.3393461481201858,1,-0.8873273336106277,0
4,7528,3,0,0,2.666641816453497,0,-0.011396806614358379,0
8,3402,3,0,1,0.6124124038499158,2,0.9254824197786734,0
6,6452,0,0,0,-0.2588286133548193,2,0.05944777536109025,0
8,2084,2,0,0,-0.430186443752907,0,-1.0294305512259052,0
4,9672,2,0,0,-0.5272203959060411,2,-0.6379014061880077,0
5,5866,2,1,1,-0.9318726219063446,0,-0.5963304182842376,0
0,6324,2,1,1,-0.5850278567632272,1,-0.012431940775308698,0
3,8644,1,0,0,-0.9628409045084084,0,-0.21755412610924962,0
5,4710,0,0,1,-0.8947106827838677,2,-0.5644896914934019,0
8,1172,2,0,0,-0.820386804538914,1,0.4450973583647894,0
8,8960,3,0,0,-0.6944491219571868,1,-0.6339264910099579,0
3,7116,0,0,0,-0.6593517350081809,1,0.6091454201922165,0
2,5736,1,1,0,-0.752256582814373,1,-0.04323753340519403,0
3,6339,1,1,0,0.8064803081561837,1,-0.050276445699657266,0
2,1660,1,0,1,1.1677769385135974,2,1.1087425716333408,0
5,4465,0,0,0,-0.7646438958551987,2,0.32386244543427284,0
5,9940,1,0,0,-0.40954092201819764,0,-0.5838259976199562,0
8,2021,1,1,0,-0.9649054566818795,1,-1.0440880509449635,0
2,4540,2,0,0,0.5979605386356192,0,-0.9053800733776035,0
4,1307,3,1,0,-0.7316110610796638,0,-0.486440575757738,0
6,2737,1,1,0,-0.8513550871409781,0,-0.945874521753985,0
9,3811,3,0,0,-0.45909017418150017,2,-1.0651633824619147,0
2,7229,3,0,0,-0.6304480045795878,0,-0.8263372288474273,0
0,9221,0,0,0,-0.26502226987523214,2,-0.2040559766504558,0
8,7412,0,0,1,-0.8369032219266814,2,-0.7255151615708536,0
7,2915,1,0,0,-0.7460629262939602,1,-0.0640230273570792,0
2,5648,1,0,0,1.0397747037583995,2,-0.7578113473925077,0
4,8245,1,1,0,-0.11637451338532472,1,-0.3770475976284947,0
8,2801,0,0,1,-0.3620562220283661,0,-0.4386587828882654,0
5,5085,0,1,0,-0.5891569611101691,1,1.5790247236363486,0
0,2117,1,0,1,-0.5932860654571109,1,0.9490834786483439,0
7,9503,0,0,0,-0.8699360567022165,1,-0.8200850185152865,0
5,1270,3,0,0,1.0439038081053413,1,-0.08538819643909631,0
6,6761,3,0,0,0.5669922560335551,1,-0.9201203838295379,0
4,5197,3,1,0,2.807031364249521,2,-0.1455087885070985,0
8,2194,2,1,0,-0.65728718283471,2,-0.5964132290171137,0
0,5111,1,0,0,0.08182249526788514,0,-0.3103021469304098,0
3,1278,2,0,0,2.1339873556979954,2,-0.8440173203164609,0
6,4489,0,1,0,1.15126052112583,1,-0.9565571062949936,0
4,6623,0,1,1,-0.3620562220283661,1,-0.7274198084270024,0
8,2782,1,0,1,-1.0082610523247693,1,-1.0281055794998886,0
4,3630,3,1,1,-0.8018058349776755,1,-0.2650046760472182,0
3,3523,2,1,0,-0.758450239334786,1,-0.41849436943295065,0
6,6182,3,1,0,0.571121360380497,1,-0.5796854609761545,0
3,2542,3,0,1,0.5876377777682645,1,0.03866228140920532,0
2,8489,3,0,1,-0.9070979958246933,1,-0.16207093508230555,0
4,3547,2,1,0,-0.12876182642615044,2,0.26341061043476677,0
1,2620,1,1,0,-0.8947106827838677,1,-0.7631940450294499,0
8,7732,2,0,0,-0.8554841914879199,0,0.8293391589095956,0
1,1976,3,0,0,0.6165415081968576,1,-0.10650493332248556,0
1,1892,0,0,0,-0.9132916523451061,1,1.1271679596982587,0
6,6295,2,1,0,-0.9360017262532863,2,-0.3205706778070382,0
9,2782,2,0,1,0.4699583038804211,0,-0.8006244962894181,0
9,5041,1,0,0,-0.22166667423234251,2,-0.8286145240015181,0
7,2253,0,0,1,-0.853419639314449,0,0.12553074019616703,0
4,4214,2,0,0,-0.2588286133548193,0,-0.3866536426421149,0
5,9919,2,1,0,-0.3393461481201858,2,-0.7474600057830032,0
5,3037,0,1,0,0.9675153776869165,0,-0.9751067104592257,0
6,5432,2,0,1,-0.1390845872935051,0,0.9981902432438327,0
7,2071,2,1,0,-0.44463830896720363,0,-0.5941773392294608,0
5,4070,3,1,1,-0.7254174045592509,0,0.22349583718851732,0
8,1175,2,0,0,-0.5974151698040528,1,0.5938668399765877,0
4,7562,0,0,0,0.5174430038702528,1,-0.6959931353005469,0
1,8690,1,0,0,-0.6820618089163613,2,0.12263236454550581,0
7,6029,0,0,0,1.0294519428910447,1,-0.6778161794342569,0
6,3273,3,0,0,0.32543965173745554,0,0.11716685617568724,0
9,5092,3,1,0,-0.5416722611203376,0,-0.41671393867611584,0
8,8637,0,0,0,-0.19895660032416215,0,-0.45174287868267904,0
1,5212,2,0,0,-0.9070979958246933,2,-0.518488329380764,0
7,7451,2,1,1,1.8139817688100008,0,0.19757607779831812,0
6,1108,0,0,0,-0.562317782855047,2,0.8989001745254658,0
9,8083,0,0,1,-0.8637424001818036,0,0.741973835725378,0
6,6407,1,0,0,-0.45909017418150017,2,-0.2855417378004751,0
4,7566,0,0,1,-0.3248942829058893,2,0.3649365689407867,0
2,2734,2,0,0,0.050854212665821026,2,-0.45936146610727435,0
0,7442,1,0,0,1.5187508080036565,1,-0.22398575969595505,0
8,2539,2,0,0,-0.5086394263448025,0,-0.25862824961576336,0
0,5027,3,0,0,-0.16798831772209813,0,-0.011106969049292153,0
7,8846,1,0,0,-0.9525181436410538,0,1.876315254661317,0
0,8154,0,0,0,0.7878993385949453,0,0.33139822212599207,0
4,1770,1,1,0,-0.3930245046304302,1,-0.43493229990884374,0
5,8359,1,1,0,-0.42399278723249423,2,0.9227496655937644,0
3,3661,0,0,0,-0.7274819567327218,1,-0.8360674899603615,0
6,9073,1,0,1,-0.849290534967507,0,-0.21399326459558,0
9,1363,1,0,0,-0.9690345610288214,0,-0.58813215572951,0
7,4688,3,0,0,1.5208153601771277,2,-0.4601067627031586,0
0,4029,1,0,1,-0.4652838307019129,0,-0.5900368025856589,0
6,8936,3,1,0,-0.2588286133548193,0,-0.8258817698166091,0
2,3210,2,0,0,0.9757735863808005,2,-0.20455284104771193,0
4,3220,2,0,0,0.833319486411306,2,-0.11934059691827097,0
5,4204,1,1,0,-0.9277435175594025,1,-0.8678668113847593,0
4,7767,2,1,0,-0.8369032219266814,0,1.1728794842458306,0
8,5926,3,1,0,-0.981421874069647,2,-0.6882503317766375,0
7,7400,1,1,1,1.114098582003353,0,-0.7453069267282261,0
0,2642,2,1,0,-0.08747078295673168,2,-0.4389072150868935,0
7,9351,2,0,0,-0.13082637859962132,2,0.5613636273227437,0
8,9732,2,1,1,0.028144138757640845,0,-0.7591363191185242,0
0,9479,1,1,0,-0.21960212205887153,2,-0.7802944613683513,0
0,3751,3,0,0,-0.59122151328364,0,-0.8301879279261628,0
5,6250,3,0,0,-0.45702562200802915,0,-0.11851248958951066,0
1,7532,0,0,0,0.11898443439036192,1,-0.8285317132686422,0
5,2980,0,0,0,-1.014454708845182,0,-1.1413078513414296,0
0,3916,3,0,0,-1.0041319479778272,0,0.16304400218901127,0
2,6552,1,0,0,-0.49418756113050605,2,0.15318952497676303,0
0,1794,2,0,0,1.4568142427995285,2,-0.7445616301323419,0
8,4257,2,0,0,-1.0041319479778272,0,-0.30433977416333513,0
3,7932,2,0,0,0.07149973440053049,0,-0.39410660860095803,0
0,5804,2,0,1,-0.07508346991590596,0,-0.5521094869284345,0
7,7144,2,1,0,0.15408182133936782,0,-1.0393678391710295,0
8,7094,0,0,0,-0.3310879394263021,1,-0.7510208672966726,0
7,7275,1,0,0,-0.16385921337515633,2,-0.3717477107244284,0
1,4296,3,1,1,-0.0668252612220222,1,-0.3517903241013037,0
3,2867,2,0,0,-0.8616778480083327,1,-0.6383982705852638,0
4,3860,2,0,0,-0.6428353176204133,0,0.7543126349239074,0
4,1595,2,0,1,0.42040905171711856,1,-0.28032466162928477,0
5,2623,1,0,0,0.32131054739051373,0,0.20875552673658304,0
9,4059,2,1,0,-0.17624652641598187,1,-0.8316785211179315,0
9,5148,2,1,0,-0.8121285958450302,0,1.4383292884799637,0
5,4618,3,0,0,-0.5003812176509189,2,-0.2190447193010182,0
3,2645,1,0,0,0.088016151788298,0,-0.592852367503444,0
7,5256,0,0,0,0.3378269647782813,2,-0.7556582683377305,0
8,7898,1,0,0,-0.5024457698243898,2,-0.4133186986281984,0
9,4500,1,0,1,-0.9339371740798154,2,-0.2417348601090521,0
4,5458,0,0,0,-0.8430968784470944,0,-0.32537370031384827,0
6,6344,3,1,0,0.3151168908701009,0,-0.6231610957360733,0
1,5866,3,0,0,0.32750420391092644,1,1.478906547589221,0
5,4937,2,0,0,-0.4879939046100933,1,-0.7283307264886388,0
6,8567,3,0,0,-0.18244018293639475,2,-0.5844056727500885,0
7,5172,0,1,0,-0.37031443072224984,1,1.9578838265442127,0
4,1273,2,0,0,-0.9566472479879957,2,-0.9443011178293402,0
6,1404,2,1,1,-0.9174207566920479,0,-0.370836792662792,0
2,8835,2,0,0,-0.09985809599755721,0,-0.3395343356356505,0
7,4469,0,1,1,0.07975794309441425,2,-0.3838380777243296,0
9,2829,0,0,0,1.058355673319638,1,0.5477826671310737,0
4,7398,1,1,1,0.088016151788298,1,0.5968894317265631,0
7,3438,0,1,0,-0.7729021045490825,1,0.2644457445957171,0
9,6770,3,0,0,0.2098247300230832,0,-0.10393780060332843,0
3,6602,3,0,0,-0.7068364349980125,2,0.6387916625618372,0
1,9696,0,1,0,-1.012390156671711,0,-0.8171866428646253,0
6,6539,0,0,0,0.7115109081765207,2,0.19691359193530997,0
4,2849,3,0,0,-0.5808987524162853,0,-0.8248052302892206,0
1,9814,1,0,0,-0.011082352538307022,2,-0.9599523463429112,0
0,4104,2,1,0,0.41215084302323485,2,-0.8474953710972544,0
0,2390,2,0,0,1.8201754253304132,0,-0.904055101651587,0
2,5302,2,0,0,-0.4900584567835642,2,0.6324152361303826,0
6,4863,0,0,0,0.48441016909471774,2,-0.5644896914934019,0
1,4799,0,0,0,1.2028743254626033,0,-0.5223804338259377,0
2,1302,0,0,0,0.08595159961482693,0,0.35756641371481945,0
6,1069,1,0,0,-0.38889540028348835,2,-0.5955851216883534,0
0,5779,0,1,1,-0.23611853944663902,2,-0.9202031945624138,0
6,2035,2,0,1,-0.5086394263448025,0,-0.9660803405757378,0
0,3321,2,0,0,-0.3930245046304302,1,0.49660563421368376,0
1,8045,0,0,0,-0.9298080697328737,0,-0.031105761038854863,0
7,4800,3,0,0,-0.9855509784165888,0,0.289744423489346,0
7,9725,0,0,0,-0.14321369164044687,1,-0.687256602982125,0
8,1657,2,0,0,-0.5189621872121573,0,0.1338118134837706,0
3,9797,2,0,0,-0.9091625479981642,0,2.6533283612371616,0
8,3758,1,0,0,-0.6944491219571868,2,-0.5291709139217725,0
0,1991,0,0,1,0.8869978429215503,2,0.13323213835363842,0
8,8778,3,0,0,-0.24850585248746465,1,-0.7159919272901094,0
2,1735,1,0,0,-0.6985782263041288,0,-0.8452594813096014,0
9,8088,0,0,0,-0.6820618089163613,1,-0.17093168350004145,0
9,3292,3,0,1,0.40802173867629304,1,-0.3363047170534851,0
3,1093,2,1,0,-0.9277435175594025,1,-0.7717235505156816,0
6,8860,2,1,0,1.935790347044786,1,-0.760958155241797,0
0,1069,2,0,0,-0.42605733940596513,1,1.547473834410579,0
6,9261,1,0,0,-0.3476043568140696,1,-0.8167725892002451,0
7,4163,3,0,1,-0.8575487436613908,1,0.11509658785378635,0
8,7155,0,1,0,0.3687952473803452,1,-0.7628628020979458,0
2,7062,1,0,0,-0.5458013654672794,0,0.3265123888863059,0
2,3820,0,0,0,-0.7295465089061928,1,-0.7976433099058808,0
7,7303,1,1,0,0.6908653864418112,0,-0.30806625714275676,0
6,9908,1,1,0,-0.981421874069647,2,-0.8980099181516363,0
3,2762,1,1,0,0.25318032566597287,1,-0.13714490448661873,0
6,4869,2,1,0,0.07562883874747228,2,1.238755422248717,0
6,5601,1,0,1,-0.8307095654062686,1,0.6948545287189136,0
9,2742,3,0,0,0.5174430038702528,1,-0.4488445030320177,0
7,3849,0,0,1,-0.09159988730367347,0,-0.050442067165409187,0
1,9963,3,0,1,-0.7873539697633789,2,0.9899091699562291,0
0,7309,2,0,0,-0.042050635140370954,2,0.7218508276365012,0
2,7911,3,0,0,-0.8430968784470944,2,-0.12306707989769272,0
7,5423,1,0,1,1.2916500689218535,0,-0.08381479251445165,0
0,9287,3,0,0,-0.6779327045694193,2,-0.5741371418734601,0
2,1216,0,1,0,-0.06888981339549329,0,1.3047555763509178,0
8,3247,1,1,1,-0.6428353176204133,2,1.3764696710215645,0
2,3109,0,0,0,0.4018280821558802,1,-0.7945793127894676,0
8,1480,2,0,0,-0.4694129350488548,0,0.9377384082443269,0
0,5456,2,0,0,0.019885930063757093,1,1.6382758030091518,0
5,6254,2,1,0,-0.09159988730367347,1,-0.03967667189152467,0
5,2803,3,1,0,0.8250612777174221,2,-0.3779585156901311,0
4,4482,3,0,1,1.508428047136302,1,-0.6243204459963378,0
7,4272,1,0,0,0.04466055614540835,0,0.03220304424487452,0
0,3261,3,0,1,-0.6758681523959484,2,0.7925297881461978,0
3,6436,0,0,1,-0.9091625479981642,2,-0.48230003911393626,0
4,5096,2,0,0,-0.8637424001818036,1,-0.22823671065025816,0
0,6272,1,0,0,0.18917920828837373,1,0.6727440630410119,0
8,4755,1,0,0,-0.12256816990573757,1,-0.20604343423948063,0
3,9487,1,0,0,-0.8430968784470944,0,-0.09615359171298107,0
3,9842,0,1,1,-0.08127712643631882,0,-0.8313472781864275,0
6,1635,3,0,0,-0.6428353176204133,0,-0.7798390023375331,0
3,2343,1,1,1,-0.11430996121185383,2,2.8526537952697804,0
2,7903,2,0,0,-0.1886338394568076,1,0.0213548382381138,0
7,3834,2,1,0,0.3378269647782813,1,-0.16360293364051226,0
8,9808,0,0,0,-1.0061965001512982,0,-0.31435987284133554,0
9,7052,1,1,0,-0.7336756132531347,1,0.7972085945536938,0
0,9215,3,0,0,-0.49418756113050605,0,-1.0484770197873934,0
7,4616,0,0,0,0.7362855342581719,2,-0.6176127766333789,0
8,3643,1,0,1,0.9427407516052655,1,0.4766482475905591,0
1,1441,1,0,0,-0.7501920306409021,0,-0.46789097159350607,0
0,5857,3,1,1,-0.8038703871511464,1,-0.8926272205146939,0
6,2261,1,1,0,-0.011082352538307022,0,0.9193544255458467,0
8,4561,3,1,0,-0.49418756113050605,0,-0.7502755707007883,0
2,4977,0,0,0,-0.050308843834254706,0,-0.46896751112089446,0
9,5012,3,0,0,0.443119125625299,0,-0.523291351887574,0
4,3181,2,0,0,-0.496252113303977,1,-0.7747875476320949,0
5,8619,3,0,0,-0.08953533513020258,1,-0.8985067825488924,0
7,3171,2,0,1,-0.9587118001614666,2,1.1036083061950264,0
2,2050,3,0,0,-0.6634808393551228,0,0.4530471887208889,0
3,7079,1,0,0,-0.03585697861995828,1,-0.4543100114018362,0
8,7639,3,0,0,-0.3393461481201858,1,-0.867369946987503,0
9,9934,1,1,0,-0.4054118176712558,2,-0.9331216688910755,0
6,7054,3,0,0,0.2841486082680368,0,-0.6969454587286212,0
5,7684,3,0,0,0.7507373994724684,0,-0.5429174955791944,0
0,5548,1,0,0,-0.9442599349471701,2,-0.10559401526084905,0
4,3434,0,1,0,-0.9649054566818795,1,-0.6831988770711992,0
6,4121,1,0,0,1.1739705950340102,1,-0.8196709648509064,0
0,3737,0,0,0,-0.35173346116101145,0,-0.6831160663383232,0
8,9521,2,0,0,-0.30631331334465084,1,1.3371345729054476,0
4,2900,3,0,0,-0.5416722611203376,0,-0.8638090854738334,0
4,2594,0,1,0,-0.10605175251797007,0,0.7136525650817735,0
7,9475,0,0,0,-0.5974151698040528,2,0.5069569758231882,0
8,4978,3,0,1,-0.7935476262837918,2,2.115307029741557,0
6,6840,2,0,1,-0.32076517855894743,1,-0.7966495811113684,0
5,2397,0,0,1,-0.8926461306103967,0,-0.2075340274312492,0
2,9304,0,0,0,-0.35379801333448235,0,-1.098743134643147,0
1,1729,0,0,0,0.024015034410698875,1,1.2900152658989832,0
3,2932,3,0,1,-0.9772927697227051,0,-0.3228065675946911,0
1,1844,0,1,0,1.6591403557996807,0,-1.0941885443349653,0
2,5963,0,0,0,1.1615832819931848,1,-0.4433789946621994,0
3,4197,3,0,0,2.334248916524676,0,-0.4457805059156045,0
2,4304,1,1,0,-0.35379801333448235,2,-0.11188763095942793,0
7,6801,3,0,0,-0.6985782263041288,2,-0.11296417048681635,0
7,7315,0,0,0,-0.9545826958145249,2,-0.8222380975700635,0
1,6194,2,0,0,-0.44670286114067453,0,-0.712265444310688,0
9,1928,3,1,0,-1.0000028436308854,0,-0.7106920403860432,0
2,9123,3,0,0,0.7115109081765207,0,0.3245249312972812,0
5,8362,2,1,0,0.20156652132919944,2,0.032037422779122596,0
3,1633,3,0,0,-0.5458013654672794,1,-0.493148245120697,0
6,4743,3,0,0,1.6570758036262094,2,-0.8541202297273374,0
7,3810,3,0,0,-0.09159988730367347,2,-0.25684781885892866,0
9,4731,0,1,1,-0.6345771089265296,0,-1.0074857070137557,0
9,6412,1,1,0,1.8449500514120645,2,-0.41224215910080997,0
4,6079,3,0,0,-1.012390156671711,2,0.23343312513364176,0
9,4680,3,0,0,-0.1906983916302785,0,-0.4903326802029117,0
6,4410,1,0,0,1.5290735688710113,2,-0.70365312809158,0
7,3591,3,0,0,-0.08540623078326079,2,0.22482080891453385,0
3,5439,0,1,1,-0.38683084811001733,1,-1.1037117786157093,0
8,5727,3,1,0,-0.9979382914574145,0,-0.7556582683377305,0
2,6637,0,0,0,-0.981421874069647,2,-0.7502755707007883,0
1,4064,3,1,0,1.091388508095173,0,-0.04597028759010332,0
8,3906,0,1,1,-0.6758681523959484,2,1.4618475366167576,0
1,6476,1,1,0,1.72520602535075,1,1.5970774634033245,0
0,1180,0,0,0,2.4519283904125193,1,-0.7121826335778118,0
2,1804,1,0,0,-0.6201252437122332,0,-0.5529375942571949,0
0,2768,0,1,0,-0.9236144132124607,0,-0.636369407629801,0
8,7426,0,0,1,-0.719223748038838,0,-0.06170432683655018,0
9,2201,3,0,0,-0.40954092201819764,1,-0.3605682617861635,0
6,2515,0,0,0,-0.558188678508105,1,-0.05267795695306224,0
0,3270,1,0,0,0.028144138757640845,1,-1.0979978380472628,0
4,4024,3,1,1,-0.8369032219266814,2,0.20138537151061583,0
3,1718,1,1,0,-0.06888981339549329,0,-0.018766961840325502,0
7,2460,0,0,0,-0.5478659176407504,0,-0.7471287628514989,0
4,5176,0,0,0,-0.9504535914675829,0,1.1270437435989444,0
5,7433,0,0,0,-0.08334167860978971,1,-0.8405392695356674,0
8,6437,2,1,0,1.2978437254422666,2,1.723777884703659,0
4,5221,3,0,0,0.725962773390817,2,0.3371121626944385,0
2,1740,1,0,0,-0.16385921337515633,2,-0.7807499203991695,0
3,6714,1,0,0,-0.8988397871308095,0,-0.8345768967685927,0
5,4384,0,1,1,-0.29599055247729616,1,-0.19030939499303376,0
6,1025,1,0,1,-0.4405092046202617,1,-0.8844289579599665,0
4,2358,1,0,0,0.009563169196402448,0,-0.7732969544403263,0
6,7560,1,1,0,-0.7687730002021406,1,-0.67566310037948,0
6,7098,0,0,0,-0.4673483828753839,1,1.217887117563956,0
6,6363,1,0,1,0.40595718650282214,0,-0.12207335110318025,0
1,6323,0,0,0,-0.8183222523654431,2,0.28113210727023835,0
3,1556,2,1,0,-0.8245159088858558,1,-0.8127148632893194,0
4,8758,3,0,1,-0.9628409045084084,1,-0.8836008506312061,0
6,4414,1,0,0,-0.10811630469144097,2,-0.17921275678764506,0
4,7024,3,0,0,-0.5313495002529829,0,-0.6559541459549835,0
8,8917,3,1,0,-0.7150946436918962,2,0.32676082108493404,0
4,7866,0,1,0,-0.432250995926378,2,0.054644752854280304,0
6,5872,3,0,0,-0.558188678508105,0,2.076717228221324,0
7,6540,3,1,0,-0.9938091871104726,1,0.032617097909254794,0
4,1279,0,0,0,1.5868810297281974,0,-0.26061570720478827,0
9,9201,1,1,0,0.7362855342581719,1,-0.6008021978595436,0
5,4583,0,0,0,0.5339594212580201,1,-0.31634733043036034,0
0,7724,2,0,0,-0.24644130031399367,2,-0.7877060219607566,0
3,9522,0,0,0,-0.4797356959162095,0,-0.1996670078080259,0
0,6478,2,0,0,0.9799026907277423,1,-0.788699750755269,0
7,8183,1,1,0,-0.6944491219571868,1,0.4229040819540118,0
0,9552,0,0,0,1.083130299401289,1,-0.7120998228449358,0
8,9073,1,1,0,-0.9236144132124607,2,1.1076660321059524,0
9,4802,2,1,1,-0.3599916698548952,1,2.528698208258728,0
9,1670,3,0,0,-0.5499304698142213,0,0.20097131784623556,0
0,7833,2,0,0,-0.07714802208937703,2,-0.5433315492435747,0
5,7177,3,0,0,-0.624254348059175,1,0.1668118905348709,0
3,9709,2,0,1,-1.014454708845182,1,-0.9191266550350254,0
9,7441,1,0,0,-0.9070979958246933,1,0.511180323199866,0
3,9611,2,1,0,-0.3971536089773721,1,-0.1737472484178266,0
8,5284,3,0,0,0.280019503921095,2,-0.530247453449161,0
5,6079,1,0,0,-0.5767696480693435,2,-0.5590655884900215,0
6,3746,3,0,1,-0.9132916523451061,0,-0.031395598603921084,0
5,5102,3,0,0,0.9365470950848528,1,1.1105644077566137,0
1,8751,0,0,0,0.6392515821050377,0,1.5008513918013708,0
4,5144,2,0,0,2.604705251249369,2,0.32965919673559546,0
3,6832,2,1,0,0.6888008342683403,2,-0.7226167859201924,0
5,6039,0,0,0,-0.7419338219470184,0,2.776385110290951,0
3,1224,2,0,0,0.0013049605025186968,2,-0.6376529739893796,0
2,6781,0,0,1,-0.3971536089773721,1,-0.6075098672225026,0
1,5690,1,0,0,-0.5024457698243898,1,-0.47567518048385343,0
5,3486,1,0,0,0.6578325516662762,1,-0.7254323508379775,0
6,1392,3,0,1,-0.06063160470160953,2,1.0922632357910096,0
1,2099,0,0,1,-0.8307095654062686,1,-0.8235630692960801,0
9,6331,2,0,0,0.12724264308424568,2,0.21173671312012032,0
8,1949,3,1,0,-0.13289093077309222,0,-0.25150652658842426,0
6,1812,2,0,0,-0.7419338219470184,0,-0.5566640772366165,0
3,4031,3,1,0,-0.29599055247729616,0,0.698208363400393,0
7,9354,2,0,0,-0.7233528523857801,1,-0.0921786765349312,0
6,7898,2,0,0,-0.4652838307019129,0,-0.9057941270419837,0
4,4396,2,0,0,0.18505010394143195,2,-0.2905931925059132,0
9,5372,0,0,0,-0.7254174045592509,1,-0.5852337800788489,0
8,6307,2,0,1,0.7383500864316428,1,-0.5227116767574417,0
6,9983,1,0,1,1.599268342769023,1,-0.34036244296441076,0
1,4340,1,0,0,-0.3125069698650637,2,0.38961416733784526,0
9,4227,1,0,0,0.9035142603093178,2,-0.8952771639667272,0
6,5496,2,0,1,-0.2443767481405228,2,-0.8340800323713365,0
9,1716,2,1,0,-0.7089009871714834,0,-0.807414976385253,0
3,1855,1,0,0,0.7135754603499916,2,0.063174258340512,0
9,9955,0,0,0,0.5525403908192587,2,0.6970904185065664,0
0,6881,1,1,0,-0.20102115249763314,2,0.49006358631647673,0
5,5959,0,1,0,-0.496252113303977,1,-0.7257635937694817,0
0,1465,3,0,0,-0.3125069698650637,1,-0.6468449653386196,0
0,6754,0,0,1,1.5166862558301857,0,1.6977753145805838,0
0,8312,1,0,1,-0.08127712643631882,1,0.47656543685768293,0
7,2349,1,0,0,0.30685868217621715,2,-0.7332165597283249,0
1,5092,3,0,0,0.04053145179846638,0,-0.0012110864706059155,0
0,2475,2,1,1,0.20569562567614122,2,-0.49969029301790374,0
3,2645,2,1,0,2.1030190730959317,2,-0.8293598205974025,0
9,2995,1,0,0,2.398250033902275,2,-0.8868304692133714,0
2,2985,0,0,0,-0.8658069523552745,0,0.45536588924141774,0
2,4487,3,0,0,-0.4033472654977849,1,-0.7116029584476795,0
6,9991,0,1,0,-0.1906983916302785,2,0.3827408765091344,0
9,6188,0,1,0,0.9117724690032014,1,-0.3131177118481949,0
6,1863,0,0,0,0.7755120255541196,2,0.2195209220104677,0
7,2242,0,0,0,0.37498890390075806,2,0.9114874059226233,0
6,8597,0,0,1,-0.9752282175492342,0,0.240968901825361,0
4,1692,1,0,0,-0.7027073306510705,0,0.5953988385347944,0
3,9914,1,0,0,-0.4983166654774479,2,2.1520749951385167,0
2,9087,0,0,0,0.3584724865129906,1,-0.46375043494970425,0
7,1261,1,1,0,-0.3496689089875405,1,-0.6117332145991803,0
8,6822,1,0,0,0.3151168908701009,2,1.7687441126553465,0
7,6001,2,0,0,-0.4879939046100933,1,-0.4647441637442166,0
8,5444,1,0,1,0.07149973440053049,2,0.36667559433118346,0
3,3201,2,0,0,-0.34141070029365683,1,-0.650074583920785,0
1,1622,2,0,0,-0.5024457698243898,1,-0.6817082838794306,0
1,6801,1,0,1,1.9234030340039598,2,-0.9327904259595714,0
6,9182,3,0,1,1.2937146210953245,2,-0.47385334436058063,0
6,8454,2,0,1,-0.6985782263041288,2,-0.6100769999416596,0
8,1087,1,1,0,0.41215084302323485,2,-0.8975958644872561,0
2,8646,3,0,0,-0.9958737392839434,1,0.27980713554422176,0
7,8835,2,1,0,0.038466899624995485,0,-0.2361037302734816,0
3,9821,1,0,1,-0.8307095654062686,2,-0.6039490057088329,0
8,7424,1,0,0,1.248294473278964,1,-0.22773984625300206,0
0,5794,1,1,1,-0.43844465244679076,2,2.048727200509224,0
9,5356,3,0,0,-0.9194853088655189,2,-0.41803891040213237,0
8,7753,2,0,1,-0.42812189157943614,0,1.0395956096818506,0
5,3957,1,1,0,-0.2753450307425868,0,-1.0335710878697069,0
6,2659,1,0,1,0.20569562567614122,0,-0.7046468568860925,0
0,3798,3,0,0,0.3605370386864614,0,-0.6556229030234794,0
6,3861,0,1,1,-0.6428353176204133,0,0.7421394571911302,0
6,4119,3,0,0,-0.7150946436918962,1,0.1537692001068952,0
0,6686,0,1,0,-1.0020673958043562,2,0.626949727760564,0
0,2286,0,1,0,0.37292435172728716,2,-0.9200375730966618,0
1,5261,0,1,0,0.10040346482912353,0,-0.43758224336087687,0
7,3614,3,0,0,-0.8348386697532105,2,-0.7170684668174979,0
6,9021,0,0,1,-0.9896800827635308,0,0.8083880434919588,0
4,7675,0,0,0,-0.8761297132226291,1,-0.4016423852926774,0
0,9942,2,1,1,-0.9091625479981642,1,-0.7838967282484589,0
1,2362,1,0,0,1.444426929758703,2,-0.6452715614139749,0
3,7767,3,0,0,0.2573094300129146,0,0.5952332170690424,0
7,2862,3,0,0,-0.8121285958450302,1,-1.1032977249513292,0
2,7534,0,1,0,1.2875209645749117,1,0.15790973675069703,0
2,6897,0,1,0,-0.01727600905871988,0,-0.5762074101953609,0
0,8991,1,0,0,0.47821651257430486,1,-0.19155155598617435,0
1,8045,0,0,0,-0.37031443072224984,2,-0.6833644985369514,0
0,1256,1,1,0,-0.07714802208937703,2,0.903454764833648,0
9,4283,2,0,0,0.2841486082680368,1,-0.23626935173923377,0
2,8995,3,1,0,-0.721288300212309,0,-1.0870668213076262,0
5,6317,2,0,0,-0.9710991132022923,1,-0.8542858511930894,0
9,2945,3,0,0,-0.5086394263448025,1,0.23310188220213746,0
2,5588,0,0,0,-0.7398692697735474,2,-0.59732414707875,0
6,5764,2,0,0,1.6178493123302615,1,-0.6666367304959921,0
3,1939,2,0,0,-0.4157345785386105,0,0.906187519018557,0
0,1569,3,1,0,0.3976989778089384,0,-0.892378788316066,0
9,4469,0,1,0,0.7982220994623,2,0.5375141362544454,0
4,1499,3,0,0,1.184293355901365,0,1.0530937591406448,0
2,6444,1,0,0,-0.6634808393551228,1,-0.66647110903024,0
1,8914,3,0,0,-0.886452474089984,2,-0.4781871060477598,0
1,9722,3,1,0,-0.9834864262431179,0,0.1317415451618697,0
5,7592,2,0,0,-0.5726405437224016,1,-0.6629102475165705,0
5,1086,0,1,0,1.2008097732891325,1,-0.832589439179568,0
9,1740,2,1,0,-0.7274819567327218,1,-0.32686429350561697,0
5,1611,3,1,0,0.9778381385542714,2,0.12263236454550581,0
8,2224,2,0,0,-1.0020673958043562,0,-0.23179757216392777,0
4,9019,1,1,0,-0.21547301771192964,1,0.016772644352306482,0
9,8440,1,1,1,-0.9194853088655189,0,-1.0370491386505005,0
2,7456,1,0,0,2.8441933033719975,0,-0.7040671817559603,0
4,4626,0,1,0,0.3316333082578684,2,-0.971214606014052,0
7,5706,1,1,0,-0.8843879219165129,2,-0.6077582994211307,0
0,2920,2,0,1,-0.2443767481405228,1,0.4403771465908552,0
2,8445,3,0,1,-0.9607763523349375,1,1.5675968424994557,0
7,6047,1,1,1,2.2103757861164204,0,1.148740155612466,0
3,1297,2,0,0,-0.9421953827736992,0,-0.9830565408153251,0
6,5917,3,1,0,0.12517809091077478,2,2.8716174530983922,0
9,3659,2,0,0,-0.38683084811001733,0,-0.7029078314956958,0
3,8066,3,0,0,-0.9690345610288214,1,0.31881099072883473,0
3,1739,0,0,0,-0.8141931480185011,0,-0.7390133110296474,0
7,5428,2,0,0,-0.7027073306510705,0,-0.018725556473887583,0
3,1933,0,0,0,-0.09572899165061544,2,-0.7316431558036802,0
4,4866,2,0,0,-0.7894185219368498,0,0.8085536649577107,0
2,3715,1,0,0,-0.8678715045287456,1,0.16461740611365594,0
9,2993,1,1,1,-0.5396077089468667,1,0.5137474559190232,0
3,2865,3,0,1,2.2186339948103035,0,-0.22393055254070435,0
3,3508,1,0,0,0.042596003971937274,2,-0.16935827957539668,0
0,5774,3,0,0,-0.560253230681576,0,1.3917068458707553,0
8,7644,3,1,0,1.9089511687896634,1,-1.0440880509449635,0
4,4687,0,0,0,-0.9876155305900597,2,0.5066257328916839,0
4,8936,2,1,0,0.9138370211766722,0,0.1483036917370769,0
1,1105,2,0,0,-0.054437948181196676,1,-0.6221673669415608,0
2,1869,0,1,0,-0.06063160470160953,0,-0.39369255493657784,0
6,6283,0,1,0,1.3990067819423426,1,0.7800667728483545,0
7,5792,3,1,1,-0.9731636653757633,2,-0.6369076773934952,0
5,5078,0,0,0,-0.6469644219673554,0,1.99365806314666,0
1,2172,0,0,0,-0.9215498610389898,2,0.32634676742055385,0
5,9736,3,0,0,-0.5045103219978607,0,2.3617517707806392,0
9,3098,1,1,1,-0.9050334436512224,2,-0.2087347830579518,0
7,4595,0,0,0,-0.7543211349878439,0,-0.8225693405015676,0
2,5947,1,0,0,1.1801642515544233,1,-0.19411868870533147,0
9,8627,1,0,0,-0.8720006088756873,2,-0.6467621546057435,0
7,8134,0,0,0,1.9729522861672628,1,-0.004068056754829152,0
4,6858,3,1,0,0.6371870299315668,1,-0.7381852037008871,0
7,1779,0,1,1,0.9117724690032014,0,-0.1877836676403147,0
5,7635,2,0,0,-0.9855509784165888,1,1.8368145350794483,0
8,3759,3,0,0,-0.6799972567428904,0,0.10201249205937281,0
1,6638,2,0,0,-0.7047718828245415,0,-1.0050013850274746,0
5,6676,3,0,0,-0.8616778480083327,2,0.5626057883158843,0
8,7094,2,0,0,-0.9958737392839434,2,-0.2958930794099795,0
4,1795,0,0,0,-0.19276294380374936,1,-0.807332165652377,0
1,7383,3,1,1,-0.4859293524366223,0,1.0280021070792058,0
7,7347,3,0,0,0.8250612777174221,1,0.033196773039386986,0
2,6111,3,0,0,-0.9958737392839434,2,0.8392764468547201,0
9,7704,2,0,0,0.7404146386051137,1,-1.028685254630021,0
5,7215,3,0,0,0.2944713691353916,1,0.3350832997389758,0
4,7231,3,0,0,0.057047869186233884,1,-0.7862154287689879,0
4,3531,3,0,1,0.8560295603194862,1,-0.6423731857633136,0
7,8816,3,0,1,-0.10605175251797007,0,-0.2509268514582921,0
4,6647,0,1,1,0.10659712134953639,2,-0.22186028421880344,0
5,1131,0,1,0,-0.6159961393652913,0,0.8584057261490844,0
7,3304,2,0,0,1.089323955921702,1,-0.7427397940090691,0
2,7273,0,1,0,-0.8141931480185011,1,-0.5603077494831621,0
9,6483,1,1,1,-0.7047718828245415,0,-0.6945439474752161,0
2,2248,1,0,0,-0.9772927697227051,0,-0.35195594556705584,0
6,6042,3,0,0,-0.16798831772209813,1,0.3948312435090355,0
5,1669,3,1,0,-0.10811630469144097,2,-0.8262958234809892,0
5,7064,2,0,0,0.42040905171711856,0,-0.22571098329753908,0
3,6774,3,0,1,1.126485895044179,2,-0.7834826745840787,0
2,6087,0,0,0,-0.5334140524264538,1,-0.818677236056394,0
9,5168,3,0,0,0.25111577349250197,0,1.1288655797222176,0
1,2315,3,0,0,1.8944993035753668,2,-0.6725991032630667,0
3,2529,0,0,0,0.8993851559623757,2,0.10366870671689343,0
5,7580,3,0,0,-0.47767114374273856,1,-0.6539666883659586,0
2,1013,3,0,1,-1.012390156671711,1,0.3635287864818939,0
2,2193,3,1,0,-0.9132916523451061,0,0.13041657343585317,0
1,3248,3,0,1,0.17885644742101908,0,-0.12091400084291587,0
4,9087,1,0,1,-0.4508319654876164,1,-0.7287447801530189,0
3,3281,3,0,0,-0.4818002480896804,0,-0.7410835793515483,0
2,1286,0,0,0,-0.6799972567428904,0,-0.7747875476320949,0
3,6716,2,0,0,0.5318948690845492,1,-0.6051083559690974,0
9,7897,3,0,0,1.0872594037482308,0,0.046694922498180795,0
0,2399,0,0,0,1.7726907253405815,2,-0.8047650329332199,0
0,8152,2,0,0,-0.7956121784572627,1,-0.6143003473183374,0
8,8434,1,0,0,1.1450668646054174,2,-0.4658207032716052,0
8,6412,0,1,1,-0.47147748722232574,2,0.9856858225795513,0
4,6504,2,1,0,-0.4818002480896804,1,0.037006066751684705,0
1,2054,2,0,0,-0.20102115249763314,0,2.003429729626032,0
5,7125,3,1,0,0.2428575647986182,2,-0.6192689912908995,0
3,4759,0,0,0,-0.4879939046100933,2,-0.6567822532837437,0
2,3889,1,0,0,0.17679189524754818,2,-0.48097506738791973,0
7,5813,1,0,0,-0.19482749597722027,0,-0.3035944775674509,0
0,4888,3,1,0,-0.8988397871308095,2,-0.6658914339001077,0
1,4993,2,0,0,2.154632877432705,1,-0.4206888538541656,0
5,1872,1,0,0,0.833319486411306,2,0.10433119257990182,0
8,2896,3,0,0,0.23872846045167623,0,-0.7130107409065721,0
7,9344,3,0,0,1.5290735688710113,2,-0.3955972017927267,0
1,7076,3,0,0,0.021950482237227984,2,-0.4445383449224639,0
3,3140,3,1,0,-0.8843879219165129,2,1.194451680160038,0
8,2474,3,0,0,0.8684168733603119,1,-0.8669558933231228,0
9,4045,2,0,0,-0.2753450307425868,0,-0.5626816571589416,0
9,4028,0,0,0,-0.5416722611203376,0,-0.4158444259809174,0
6,7715,2,0,0,-0.9132916523451061,2,-0.5538485123188313,0
0,7088,1,0,0,-0.7130300915184252,0,-0.09814104930200601,0
6,2880,3,1,0,0.3873762169415836,1,-0.47426739802496076,0
0,4819,0,0,0,-0.6180606915387622,1,-0.5383629052710125,0
1,6484,2,1,0,-0.4487674133141455,1,0.4790497588439641,0
2,7653,0,0,0,0.0364023474515246,2,1.4509993306099969,0
2,7977,0,0,1,-0.3765080872426627,0,-0.49911061788777156,0
9,9583,1,1,0,-0.5891569611101691,1,0.8203127890261078,0
1,3643,0,1,0,-0.5747050958958726,1,1.1814503950985005,0
4,6339,3,0,0,-0.9669700088553504,0,0.6965107433764341,0
4,7809,3,0,0,-0.8307095654062686,1,0.25397018688689854,0
5,9183,1,0,0,1.1285504472176497,2,-0.31493954797146784,0
6,1086,2,0,0,-0.47767114374273856,2,-0.2522518231843086,0
9,6967,3,0,0,-0.6738036002224775,0,-0.6794723940917776,0
2,3124,0,1,0,-0.7398692697735474,0,-0.12455767308946136,0
0,3478,2,0,0,-0.37031443072224984,1,0.911073352258243,0
9,7928,3,0,0,-0.3847662959365465,1,0.27343070911276696,0
5,9932,2,0,0,0.12724264308424568,1,-0.7316431558036802,0
9,7176,3,0,0,-0.18244018293639475,2,0.08611283134717379,0
5,4434,1,0,0,0.20776017784961232,0,-0.12107962230866778,0
8,9793,2,1,0,-0.8637424001818036,2,0.5019055211177499,0
3,5902,2,0,0,-0.5747050958958726,1,2.3366601187192004,0
0,6463,0,0,1,2.852451512065881,0,-0.9206172482267941,0
1,1136,0,1,0,2.0761798948408097,1,-0.694129893810836,0
6,3117,3,1,0,-0.22166667423234251,0,0.14598499121654787,0
3,5193,3,1,0,0.9551280646460912,1,-0.703321885160076,0
3,6950,1,0,0,-0.7109655393449543,1,0.2150491424351618,0
3,4102,0,0,0,-0.8245159088858558,0,-1.1020555639581886,0
1,4564,3,0,0,-0.9834864262431179,1,-0.6208423952155443,0
3,1117,1,1,0,0.04878966049235013,1,0.45834707562495514,0
3,3041,0,0,0,-0.5024457698243898,1,2.2656085099115613,0
8,7830,0,0,0,-0.08540623078326079,2,0.3753707212831671,0
8,1996,1,0,0,-0.18450473510986562,2,-0.5060667194493585,0
0,3055,1,0,0,0.3378269647782813,2,0.5183848569600812,0
3,5312,0,0,0,-1.01032560449824,0,-1.0325773590751945,0
6,5107,3,1,0,0.5195075560437236,0,0.587449008178695,0
4,7128,2,0,1,0.5401530777784329,0,-0.3719133321901804,0
1,4942,0,0,0,0.8064803081561837,0,-0.6899893571670341,0
9,7858,0,1,0,2.6398026381983746,1,-0.738019582235135,0
9,8868,1,1,0,-0.8658069523552745,0,-0.5286740495245162,0
2,7067,0,0,0,0.3151168908701009,1,0.7022246839448807,0
8,2142,1,0,0,-0.8472259827940362,0,-0.7261362420674238,0
6,3077,2,1,0,-0.23405398727316815,2,-0.5743027633392122,0
4,4537,1,0,0,-0.6510935263142972,0,-0.6551260386262231,0
3,7724,0,0,0,2.6563190555861422,0,-0.10559401526084905,0
0,6228,1,0,0,0.6640262081866892,1,-1.0585799291982698,0
1,6242,2,1,0,-0.6180606915387622,2,-0.8365229489911796,0
9,2877,0,0,0,0.9695799298603878,0,-0.6662226768316118,0
7,1867,1,1,0,0.3687952473803452,1,-0.7997135782277817,0
5,5441,1,0,0,-0.7770312088960243,1,2.14636105457007,0
3,3798,1,0,0,1.4981052862689472,0,-0.29241502862918595,0
5,3828,0,0,1,-0.5230912915590992,1,0.5107662695354857,0
0,2835,2,1,1,1.535267225391424,0,-0.7031562636943239,0
0,3628,3,0,0,0.4410545734518281,0,-0.8320925747823118,0
1,3088,0,1,0,-0.5932860654571109,0,-0.3890551538955198,0
6,1191,2,0,0,-0.9442599349471701,0,-0.3780413264230071,0
4,2334,2,0,0,-0.9318726219063446,0,-0.4063211917001734,0
0,7778,2,0,0,0.05911242135970478,1,0.5882771155074554,0
1,6082,1,0,0,0.5339594212580201,1,-0.887989819473636,0
6,2007,2,0,0,0.7218336690438752,0,0.5699759435418514,0
4,4495,0,0,0,0.24698666914556,2,-0.3880614251010075,0
4,1683,0,0,0,-0.6283834524061169,2,-0.9199547623637857,0
8,7639,0,0,0,-1.012390156671711,2,-0.640965403304421,0
7,9068,1,0,0,-0.3785726394161336,1,-0.40661102926523945,0
4,1229,0,1,1,-0.14321369164044687,2,-0.5706590910926665,0
1,8910,3,1,0,0.346085173472165,0,0.6815634060923097,0
4,3135,1,0,0,-1.012390156671711,2,-0.12613107701410609,0
6,9048,1,1,0,-0.8699360567022165,0,-0.7147497662969688,0
4,2353,1,0,0,0.07356428657400138,1,-0.43435262477871145,0
9,4528,1,0,1,-0.6510935263142972,2,-0.220742339324977,0
3,9563,1,1,1,-0.7047718828245415,2,-0.19668582142448862,0
9,1803,3,1,0,-0.8843879219165129,0,2.5228186462245294,0
7,1414,2,0,1,2.160826533953118,1,-0.763442477228078,0
5,4236,0,0,0,0.2986004734823334,2,-0.045473423192847084,0
0,5772,0,0,0,1.1306149993911208,1,-1.0092247324041523,0
5,8373,2,0,0,0.2779549517476241,2,0.7831307699647678,0
6,4362,3,0,0,1.5332026732179531,0,-0.7917637478716824,0
6,6196,0,0,0,0.5257012125641365,0,-0.4721971297030599,0
6,4778,1,1,0,-0.5107039785182735,2,-0.8375580831521302,0
1,2884,1,0,0,0.3997635299824093,2,0.33785745929032285,0
3,8716,2,0,1,0.2428575647986182,0,0.9118186488541277,0
7,8953,1,1,0,-0.7687730002021406,2,-0.6128925648594448,0
9,6238,2,0,0,-0.26915137422217406,1,-0.23693183760224204,0
9,5290,2,0,1,-0.6861909132633031,1,0.5893536550348438,0
6,2390,1,0,0,-0.496252113303977,2,0.4432755222415167,0
6,7381,3,1,1,0.7300918777377592,0,-0.601547494455428,0
9,1480,2,1,0,-0.4487674133141455,0,-0.2764739625505491,0
1,8846,3,0,1,0.8684168733603119,0,-0.09433175558970829,0
5,7512,1,0,1,0.893191499441963,0,0.6816048114587479,0
3,8566,0,0,1,0.604154195156032,0,0.8107067440124875,0
8,5359,1,0,1,0.6475097907989217,2,2.332105528411019,0
9,6656,3,0,0,-0.624254348059175,0,-0.516252439593111,0
5,2792,0,1,0,1.4692015558403544,1,-0.8087399481112696,0
7,7299,2,1,0,0.5318948690845492,0,0.020361109443601335,0
7,8474,3,0,0,-0.8059349393246173,1,-0.5719012520858071,0
3,7005,3,1,0,-0.8740651610491582,0,-0.6808801765506701,0
8,5090,3,0,1,-0.6676099437020646,1,-0.4350151106417198,0
9,6237,0,1,1,-0.16385921337515633,1,-0.9548180809045969,0
2,8294,1,0,1,0.8477713516256022,2,-0.9685646625620188,0
1,5383,1,0,0,-1.014454708845182,0,0.6951857716504176,0
5,6310,1,0,0,-0.1721174220690401,2,-0.038517321631260044,0
0,6566,0,0,0,1.2070034298095451,2,-0.4634191920182001,0
1,4590,0,1,0,0.8147385168500676,0,-0.11420633147995694,0
9,9412,1,0,0,-0.4425737567937326,0,-0.6660570553658598,0
0,3372,3,0,0,-0.36824987854877894,0,-0.17656281333561183,0
9,7528,3,0,0,-0.4879939046100933,0,0.46704220257693874,0
8,9028,2,1,0,0.3605370386864614,2,0.9070984370801934,0
7,5946,2,1,0,-0.8451614306205653,2,1.6086709660059693,0
3,7011,0,1,0,-0.6387062132734717,1,-0.779590570138905,0
6,4938,1,0,0,0.8519004559725444,2,-0.83275506064532,0
6,9062,1,1,0,0.27176129522721126,0,0.052988538196759444,0
3,3189,3,0,0,-0.8265804610593268,0,0.032782719375006715,0
4,9065,0,0,1,-0.7729021045490825,1,0.3434057783930174,0
9,3132,2,0,1,-0.6944491219571868,1,0.04694335469680891,0
0,5077,3,0,0,-0.40747636984472674,2,2.062887835831026,0
1,8721,2,1,0,-0.9132916523451061,2,0.2211771366679883,0
9,7017,0,1,0,0.6000250908090901,0,0.30315976221526386,0
6,1346,3,1,0,-0.1906983916302785,2,-0.5975725792773782,0
3,4172,0,0,1,0.8023512038092419,2,0.8420092010396292,0
0,3659,0,0,0,-0.8369032219266814,0,-0.4753439375523492,0
0,6353,0,0,0,-0.08747078295673168,2,-0.058971572651640894,0
8,5102,2,0,0,-0.18037563076292384,0,1.5620485233967611,0
8,8826,1,0,0,-0.6159961393652913,2,-1.0050013850274746,0
3,7043,3,0,1,-0.41779913071208136,1,-0.3260085825992312,0
8,9121,3,1,0,0.39563442563546736,2,0.6741518454999046,0
0,9708,3,0,0,-0.8658069523552745,0,-0.4427165087991911,0
5,5708,2,1,0,-0.019340561232190773,2,-0.5536000801202031,0
0,9803,1,1,1,-0.7749666567225534,2,0.5105178373368576,0
4,8681,0,0,0,1.5497190906057206,2,-0.9840502696098375,0
3,1693,2,0,0,0.9282888863909688,1,0.27409319497577533,0
2,2776,2,1,0,0.5504758386457875,2,0.05712907484056124,0
8,9925,2,0,1,2.6026406990758977,1,0.033942069635271334,0
0,9572,3,0,0,-0.8059349393246173,2,-0.41803891040213237,0
6,3139,2,0,0,-0.6283834524061169,1,-0.03843451089838408,0
7,8179,3,1,0,2.0741153426673384,2,0.8054068571084214,0
7,9954,3,1,0,-0.43844465244679076,0,-0.4374166218951248,0
9,7104,3,0,0,-0.31457152203853456,1,1.3488936969738448,0
3,1630,3,0,0,-0.28566779160994155,2,0.4096543646938461,0
5,2409,1,0,0,0.07562883874747228,0,-0.6415450784345532,0
3,9575,0,1,0,0.4369254691048861,0,-1.031252387349178,0
7,9700,0,0,0,-0.6159961393652913,1,-0.2838027124100783,0
7,5910,0,0,0,-0.8575487436613908,1,0.47681386905631107,0
4,1799,2,0,0,-0.18037563076292384,1,0.08660969574443002,0
5,2724,2,0,0,-0.6655453915285937,1,-0.7198012210024072,0
8,1311,3,0,0,0.7466082951255267,2,0.38232682284475417,0
1,1775,1,0,0,0.7115109081765207,0,0.5189645320902133,0
4,9742,2,1,0,-0.7832248654164372,1,-0.7765265730224917,0
9,8489,2,0,0,1.1388732080850044,0,0.5996221859114723,0
5,2104,3,0,0,-0.5396077089468667,0,0.02595083391273381,0
5,4862,0,0,0,-0.8451614306205653,2,-0.9274905390555049,0
1,3236,2,1,0,1.601332894942494,0,-0.47857355613451463,0
4,4073,0,0,1,0.8560295603194862,2,-0.5136439015075158,0
3,3040,2,0,0,0.10246801700259443,0,0.7505033412116097,0
3,6698,2,0,0,1.6859795340548025,2,0.15749568308631673,0
7,1329,2,0,0,1.1099694776564113,0,-0.7431538476734493,0
6,6329,1,0,0,-0.9132916523451061,1,-0.243805128430953,0
6,1431,0,1,0,-0.4405092046202617,2,-0.2693936448896481,0
0,9159,1,0,1,1.7479160992589309,2,-0.33647033851923713,0
9,5748,3,0,0,1.2586172341463187,0,-1.107438261595131,0
0,1875,3,1,0,2.303280633922612,0,0.26100909918136156,0
9,8900,0,0,1,0.6475097907989217,1,-1.0770467226296259,0
6,6958,1,1,1,0.5855732255947934,1,0.217864707352947,0
2,3605,3,1,1,-0.011082352538307022,1,-1.0696765674036588,0
8,9683,1,1,1,-0.9360017262532863,1,1.2697266363443545,0
4,9722,0,0,0,-0.7935476262837918,2,-0.3527012421629401,0
4,3142,0,1,0,-0.03792153079342917,0,-0.6275500645785033,0
8,9232,2,0,0,0.05911242135970478,2,0.29612084992080084,0
0,7165,1,1,0,-0.7646438958551987,2,-0.03330024546006982,0
9,9845,1,0,0,-0.4983166654774479,1,-0.5008496432781683,0
6,8569,0,0,0,-0.6758681523959484,0,-0.02460511850808596,0
9,2199,2,0,0,-0.9690345610288214,2,0.049137839118023885,0
3,8235,0,0,0,0.22840569958432158,2,0.027896886135320802,0
9,2333,2,0,0,-0.7109655393449543,1,-0.2097699172189023,0
4,9784,3,1,0,0.9716444820338587,0,0.31624385800967764,0
7,8518,1,0,1,0.6516388951458635,2,-1.052037881301063,0
9,8157,0,0,0,0.4637646473600082,2,0.7900040607934786,0
1,7237,1,0,0,0.6000250908090901,0,-0.8908053843914212,0
1,3710,1,1,0,0.04878966049235013,2,0.9925591134082626,0
0,2905,1,1,0,-0.6552226306612391,2,-0.6226642313388171,0
4,7364,0,1,0,-0.882323369743042,0,0.010506632231353084,0
1,6870,2,0,0,-0.7956121784572627,2,-0.9862861593974905,0
7,6849,2,0,0,-0.42192823505902327,2,0.3227030951740084,0
7,7359,0,1,0,-0.8513550871409781,1,-0.5304130749149131,0
9,7349,0,1,0,-0.47560659156926766,2,-0.904469155315967,0
8,1985,1,0,0,-0.7233528523857801,0,-0.23067962727010122,0
5,8598,3,0,0,0.7837702342480035,0,0.46339853033039335,0
2,6011,2,1,0,-0.8369032219266814,1,1.5478878880749591,0
8,7552,0,0,0,-0.18037563076292384,2,-0.7960699059812362,0
9,5989,1,1,1,-0.6861909132633031,0,-0.9120877427405625,0
7,1196,0,1,0,0.15614637351283892,2,-0.15784758770562768,0
6,6625,0,0,0,-0.7852894175899081,2,-0.2108878621127288,0
9,7428,3,0,0,-0.9029688914777515,0,-0.41795609966925645,0
7,2738,1,1,1,-0.6098024828448785,0,-0.5223804338259377,0
2,5319,2,1,0,-0.8389677741001523,2,-0.7940824483922113,0
6,1722,3,0,1,-0.7089009871714834,2,0.29736301091394146,0
1,9284,3,1,0,1.1285504472176497,1,0.19020592257235105,0
1,7289,1,0,0,1.743786994911989,0,-0.07147599331592223,0
6,4989,1,0,0,0.8580941124929571,1,0.24146576622261723,0
6,5319,3,0,0,-0.8513550871409781,1,0.3163266687425536,0
2,9254,2,0,0,-0.36824987854877894,0,-0.7833170531183266,0
9,3521,1,0,0,-0.7006427784775997,1,-0.9090237456241491,0
8,5677,2,0,1,-0.7027073306510705,1,0.635893286911176,0
6,1147,1,0,0,-0.853419639314449,1,-0.9477791686101339,0
1,7292,0,0,0,0.8787396342276663,0,1.210434151605113,0
9,5483,0,1,0,0.35640793433951967,0,0.09836881981282725,0
6,5566,0,1,1,1.1615832819931848,0,1.5810949919582495,0
5,6524,1,0,0,-0.09572899165061544,2,1.404790941665169,0
0,9966,0,0,0,-0.3455398046405987,2,-0.3469044908616177,0
9,9671,1,0,0,-0.6820618089163613,1,2.8201091772494977,0
8,9130,0,1,0,-0.3310879394263021,1,-0.567346661777625,0
1,2574,3,0,0,-0.6882554654367741,2,-0.23759432346525022,0
0,2103,3,1,0,-0.11430996121185383,1,1.505985657239685,0
4,2168,1,0,0,1.4898470775750636,2,-0.7463834662556146,0
5,1490,2,0,0,-0.3785726394161336,0,-0.2119229962736791,0
3,3433,3,0,0,-0.5313495002529829,1,0.9664737325523111,0
7,1616,1,1,0,0.7899638907684161,2,-0.5314482090758635,0
6,5090,0,1,0,-0.47147748722232574,1,2.3888308804311027,0
0,3253,3,0,1,-0.6180606915387622,1,0.8837458104091513,0
5,8963,2,1,0,-0.8781942653961002,1,-0.18848755886976098,0
0,1740,2,0,0,-0.28773234378341245,1,-0.29953675165652516,0
3,3088,1,1,0,-0.5726405437224016,2,-0.2676546194992513,0
7,2273,1,1,0,-0.38683084811001733,1,-0.8864992262818673,0
0,7220,0,1,0,-0.9318726219063446,2,0.2794758926127177,0
7,6941,3,0,0,0.5546049429927296,0,-0.548714246880517,0
1,7044,0,0,0,1.4692015558403544,1,-0.34003120003290666,0
9,7556,0,0,0,0.7734474733806487,0,0.25247959369512984,0
3,7012,2,1,1,-0.4425737567937326,1,1.354607637542291,0
1,8123,3,0,0,-0.3599916698548952,0,-0.2525830661158128,0
5,6708,2,0,0,0.9984836602889806,2,1.7059735771353115,0
7,9029,1,1,0,1.9378548992182565,2,0.3731348314955143,0
1,9347,3,1,0,-0.20927936119151688,1,-0.0039852460219531914,0
7,6446,3,0,0,0.4885392734416595,0,-0.795821473782608,0
7,2873,0,0,0,0.007498617022931373,0,-0.09983866932596466,0
4,4866,3,1,0,0.11279077786994926,2,-0.6419591320989334,0
4,4174,0,0,1,-0.6738036002224775,0,0.6662434205102431,0
5,3472,3,1,0,0.17885644742101908,1,0.13116187003173752,0
9,3532,0,0,0,0.22840569958432158,0,-0.3418530361561795,0
8,5013,0,1,0,-0.13495548294656312,0,0.015226844005287307,0
6,4211,0,1,0,0.11485533004342015,2,1.2397491510432295,0
3,5939,1,0,0,0.019885930063757093,1,-0.006635189473986283,0
0,8653,2,1,0,-0.8781942653961002,1,1.4430495002538974,0
8,7044,1,0,0,-0.45909017418150017,1,-0.9309685898362986,0
4,4857,0,0,0,-0.8658069523552745,0,0.03038120812160174,0
0,4405,0,1,1,-0.4838648002631514,0,-0.0816617134596748,0
2,4041,3,0,0,2.807031364249521,1,-0.13681366155511465,0
7,1505,2,0,0,0.7404146386051137,2,0.8976994188987633,0
4,2877,1,0,1,0.34402062129869393,1,-0.6214220703456765,0
2,4180,3,0,0,0.9860963472481553,0,-0.643449725290702,0
4,3205,2,0,0,0.1602754778597807,0,0.18747316838744177,0
9,3587,3,0,0,0.7053172516561077,2,-0.9285670785828936,0
9,1869,1,0,1,-1.012390156671711,0,-0.8610763312889244,0
0,8852,2,0,0,0.06737063005358852,0,-0.7807499203991695,0
9,4937,0,0,1,-0.7316110610796638,1,1.279995167220983,0
8,2537,2,0,0,-0.9318726219063446,1,-0.4932310558535729,0
9,2571,2,0,0,-0.4673483828753839,0,-0.4374580272615628,0
6,3880,0,1,0,-0.24644130031399367,0,-1.017754237890384,0
8,3317,1,0,1,-0.8637424001818036,1,-0.6243204459963378,0
1,4276,3,0,0,2.6769645773208515,0,0.7809776909099909,0
0,4082,0,0,0,-0.203085704671104,2,1.0479594937023307,0
2,5700,2,0,0,-0.5519950219876923,1,-0.5127743888123175,0
6,3226,3,0,0,-0.8926461306103967,2,1.7038204980805345,0
7,6498,0,1,0,-1.0061965001512982,0,-0.9246749741377198,0
1,5113,2,1,0,-0.5354786045999248,0,-0.2417348601090521,0
8,2341,0,1,0,-0.5437368132938085,2,0.043879357580395545,0
2,9084,3,0,0,0.604154195156032,0,0.4431099007757645,0
6,7577,2,1,0,-0.08127712643631882,1,-0.4774970166071262,0
7,7699,2,0,0,0.6247997168907413,0,-0.5427518741134424,0
0,3586,3,0,0,-1.0020673958043562,1,0.8313266164986206,0
6,1707,0,0,1,1.6673985644935643,0,0.0090160390395845,0
6,7057,3,0,0,-0.820386804538914,2,-0.23991302398577932,0
3,5628,2,0,0,-0.8472259827940362,0,1.0159117400793047,0
7,9566,2,0,1,0.04466055614540835,0,0.20353845056539277,0
6,6679,0,0,0,-0.4136700263651395,0,-1.148678006567397,0
3,1607,3,0,0,-0.4900584567835642,0,0.32734049621506645,0
7,1821,3,1,1,-0.8224513567123849,1,0.4805403520357328,0
0,2227,2,1,1,-0.170052869895569,2,0.7046261951982858,0
9,6080,2,0,1,-0.3310879394263021,1,-0.5545109981818396,0
3,1383,1,0,1,0.31305233869663,1,-0.671025699338422,0
9,3355,3,1,0,-0.9132916523451061,0,0.3548336595299103,0
8,1287,2,0,0,-0.9566472479879957,1,0.39110476052961396,0
4,3312,1,0,0,0.31718144304357176,1,0.41942603117321814,0
8,3254,3,0,0,-0.3083778655181218,1,0.8335625062862736,0
7,5658,0,0,0,-0.5251558437325701,0,0.34216361739987683,0
4,6292,2,0,0,-0.03792153079342917,0,-0.3233034319919474,0
0,7129,2,0,0,-0.8596132958348617,0,-0.9545696487059688,0
1,6559,3,0,0,0.24905122131903087,0,0.5037273572410227,0
2,1432,3,1,0,0.472022856053892,1,-0.6778161794342569,0
6,6421,1,0,0,-0.915356204518577,1,0.045121518573536135,0
3,8477,3,1,1,-0.6799972567428904,0,-0.07503685482959183,0
0,4348,1,0,0,0.9592571689930329,2,1.3471546715834481,0
9,4192,2,0,1,-0.8369032219266814,2,1.5748841869925467,0
9,1310,0,0,0,-0.2526349568344065,1,-0.550867325935294,0
7,4278,2,0,0,-0.9752282175492342,1,-0.8291113883987744,0
6,6106,0,1,1,-0.09985809599755721,2,-0.7455553589268543,0
4,3613,2,0,0,1.6921731905752155,2,-0.12770448093875075,0
9,4480,0,0,0,0.6743489690540436,2,-0.40073146723104097,0
4,7916,2,0,0,-0.3827017437630755,0,0.04719178689543703,0
0,9214,2,0,0,-0.45496106983455825,2,1.1113097043524978,0
7,2758,2,0,0,0.992290003768568,1,-0.18161426804105002,0
9,4553,1,0,0,1.219390742850371,1,-0.587800912798006,0
6,2813,1,0,0,-0.59122151328364,0,0.26672303974980816,0
3,9457,2,0,1,-0.6758681523959484,1,-0.7779343554813843,0
1,7130,0,1,0,-0.18450473510986562,1,-0.9599523463429112,0
5,7519,0,1,0,0.9633862733399747,0,1.1481604804823338,0
7,9143,0,1,0,0.3151168908701009,2,-0.10327531474032003,0
6,5683,1,0,0,-0.07714802208937703,0,-0.2542392807733335,0
9,4288,3,0,1,-0.13289093077309222,1,-0.631690601222305,0
0,4261,0,0,0,0.2986004734823334,2,0.8279313764507031,0
0,3334,2,1,0,-0.7749666567225534,0,0.599125321514216,0
0,8474,0,1,0,-0.5932860654571109,0,-0.45348190407307576,0
2,9412,1,1,0,0.23047025175779248,1,2.3176136501577127,0
2,5575,0,0,0,-0.886452474089984,0,1.5209743998902474,0
8,5167,1,0,0,-0.7770312088960243,1,-0.8016182250839305,0
1,2937,3,0,0,2.6728354729739094,0,-0.13938079427427177,0
6,6402,3,0,0,1.2131970863299582,0,-0.32346905345769944,0
5,7338,0,1,0,1.0377101515849287,1,-0.40412670727895844,0
0,1900,0,1,0,-0.7006427784775997,0,0.1703313466821024,0
9,2635,2,1,1,0.17059823872713534,0,1.086549295222563,0
1,1451,0,0,1,-0.8720006088756873,2,-0.13581993276060217,0
7,1775,1,0,0,0.17679189524754818,1,0.5018227103848738,0
7,6251,3,1,0,0.17679189524754818,1,-0.02551603656972247,0
8,3978,0,0,0,-0.849290534967507,0,-0.8600826024944119,0
7,2745,1,0,0,0.7135754603499916,2,-0.4293839808061493,0
9,2009,3,0,0,-0.37031443072224984,0,-0.8061728153921125,0
9,6124,0,1,0,1.6240429688506746,2,-0.40760475805975194,0
4,9376,3,1,0,-0.9896800827635308,0,0.2041181256955249,0
3,7575,1,0,0,-0.6015442741509948,2,-0.8117625398612449,0
0,2835,2,0,1,-0.7790957610694952,1,-0.2289820072461426,0
3,1778,2,0,0,0.7280273255642883,2,-0.9207000589596701,0
5,3573,2,0,0,-0.16798831772209813,0,-0.1455087885070985,0
6,9036,0,1,0,0.8539650081460153,0,0.956370823141435,0
1,1562,3,0,0,-0.9772927697227051,1,0.09588449782654608,0
5,8778,0,1,0,0.7486728472989976,0,1.271382851001875,0
2,4113,1,1,0,-0.690320017610245,0,0.09588449782654608,0
9,1975,1,0,1,0.04466055614540835,0,-0.055410711137971295,0
0,9862,0,1,0,-0.3104424176915927,2,0.5140786988505271,0
5,3065,0,0,0,1.0872594037482308,2,-0.8663762181929906,0
1,6561,1,0,0,0.505055690829427,1,-0.1619881243494295,0
0,6851,1,0,0,0.12930719525771658,0,-0.7005891309751668,0
8,1890,3,1,0,0.6681553125336309,1,1.52279623601352,0
7,8417,2,0,1,-0.5375431567733957,0,-0.48586090062760584,0
9,7921,0,1,0,-0.8843879219165129,1,1.4344371840347896,0
3,4037,3,0,1,0.04878966049235013,1,-0.4542272006689601,0
8,8815,1,0,1,-0.8348386697532105,2,1.176150508194434,0
9,5918,1,1,0,1.4382332732382903,2,-0.6747521823178435,0
5,6919,2,0,0,-0.911227100171635,1,-0.4807266351892916,0
1,6709,3,1,0,0.6578325516662762,0,0.6735721703697725,0
4,2159,0,0,0,-0.7914830741103208,0,2.7435920600720407,0
5,4245,1,0,0,-0.7501920306409021,0,2.024463655776545,0
9,2307,2,0,1,-0.32282973073241833,0,-0.8290285776658984,0
9,2130,2,0,0,0.2428575647986182,2,0.7574594427731967,0
0,1104,1,0,0,0.6681553125336309,1,-0.6052739774348495,0
2,7538,3,1,0,-0.8162577001919721,2,0.9769078848946915,0
1,6103,3,0,0,2.4168310034635136,0,-0.9792472471030275,0
2,4256,2,1,0,-0.25057040466093555,2,-0.13035442439078385,0
4,1654,2,1,1,1.9977269122489134,2,1.6406359088961193,0
4,7488,1,1,0,-0.5416722611203376,1,-0.8460875886383619,0
6,9732,0,0,0,0.43073181258447324,2,-0.8236458800289561,0
4,7905,1,1,1,-0.7068364349980125,2,-0.8317613318508076,0
1,1606,2,1,1,-0.6366416611000006,1,-0.2223985539824977,0
6,4985,2,0,0,-0.45496106983455825,1,1.121246992297622,0
7,8719,3,0,0,-0.8761297132226291,0,-0.01201788711092866,0
1,6324,1,1,0,-1.0082610523247693,2,-0.20438721958195988,0
5,4437,3,0,0,-0.853419639314449,2,-0.055162278939343175,0
9,4341,0,0,0,0.5236366603906654,0,-0.46673162133324153,0
1,6503,2,1,0,-0.690320017610245,2,-1.0005296054521686,0
3,6171,0,0,0,1.566235507993488,2,-0.6472590190029998,0
1,7329,1,0,0,-0.8575487436613908,2,-0.9862033486646145,0
5,8498,3,0,0,0.088016151788298,2,-0.5529375942571949,0
4,9918,1,0,1,-0.6015442741509948,2,0.5422343480283794,0
3,2376,3,0,0,-0.5788342002428144,2,2.344444327609548,0
9,6554,3,0,0,-0.41779913071208136,1,-0.27692942158136735,0
6,7856,3,0,0,1.0480329124522831,0,-0.5626816571589416,0
1,3657,2,1,0,-0.8637424001818036,1,-0.0022462206315563725,0
3,3710,1,1,0,0.8746105298807245,2,-0.597075714880122,0
6,4325,3,0,0,-0.31870062638547647,1,-0.1142891422128329,0
2,3404,2,0,0,-0.3827017437630755,1,-0.4781871060477598,0
3,6960,0,0,0,1.0335810472379865,2,-1.1065273435334946,0
1,8642,1,0,1,-0.758450239334786,2,2.140481492535872,0
1,8935,0,1,0,2.82767688598423,0,-0.12878102046613918,0
9,4547,2,0,0,-0.12050361773226669,1,-0.28164963335530135,0
6,9106,0,0,0,-0.4818002480896804,1,-0.7718891719814337,0
3,5238,0,1,0,-0.8802588175695711,2,1.0620373182912566,0
4,7033,0,0,0,-0.6923845697837159,2,-0.6679617022220087,0
3,4382,1,0,1,1.7128187123099246,0,-0.8820274467065614,0
5,6235,3,0,1,-0.32282973073241833,0,-0.09905196736364227,0
1,5735,2,1,1,-0.8658069523552745,2,-0.8566873624464945,0
1,5488,0,0,0,-0.37237898289572086,1,-1.059076793595526,0
9,5261,1,1,0,-0.8761297132226291,1,0.23310188220213746,0
9,2072,3,0,0,2.138116460044937,0,-0.0907708940760387,0
8,8119,0,1,0,-0.9772927697227051,2,-0.398578388176264,0
6,3069,3,0,0,-0.06888981339549329,1,-0.28073871529366495,0
7,7621,2,0,1,0.24905122131903087,0,-0.4365057038334884,0
7,3777,1,0,0,-0.9174207566920479,2,-0.774870358364971,0
3,2994,2,0,1,-0.8596132958348617,0,-0.8633122210765772,0
4,6299,3,0,0,-0.8472259827940362,2,-0.775035979830723,0
0,1566,0,0,0,-0.9091625479981642,1,0.0090160390395845,0
5,7863,0,0,1,-0.12256816990573757,0,0.47996067690560035,0
1,6520,3,0,0,-0.11843906555879562,1,-0.8862507940832393,0
1,9921,1,0,1,-0.8348386697532105,0,1.2123387984612615,0
7,2812,2,1,1,1.1017112689625275,2,2.722889376853032,0
2,6297,3,0,1,-1.014454708845182,0,-0.7084561505983902,0
1,3622,0,0,0,-0.6098024828448785,1,-0.1069189869868656,0
8,6288,3,0,0,0.443119125625299,2,-0.9494353832676545,0
7,3435,2,0,0,-0.40128271332431387,0,-0.5283428065930122,0
0,7635,1,1,0,0.2965359213088625,1,-0.1451775455755942,0
5,4085,2,0,0,1.4320396167178773,0,0.06267739394325578,0
9,3405,0,1,1,0.8787396342276663,1,2.645461341613938,0
4,5050,1,0,1,-0.6923845697837159,0,-0.48296252497694453,0
1,5799,1,0,0,0.5009265864824852,0,-0.8589232522341472,0
8,3902,3,0,0,1.3081664863096212,0,-0.7691564177965244,0
0,2303,2,0,0,0.5855732255947934,0,0.14196867067206004,0
2,8533,1,1,1,-0.8038703871511464,1,-0.657279117681,0
9,9815,1,1,0,-0.5272203959060411,1,-0.19122031305467016,0
4,4440,1,1,0,0.7858347864214744,1,-1.0099700290000369,0
6,8979,1,0,0,0.2820840560945659,0,-0.5554219162434759,0
0,6251,3,1,0,-0.9421953827736992,0,-0.4577052514497536,0
9,3077,0,1,0,-0.882323369743042,0,0.02574380708054371,0
9,2316,1,1,0,-0.65728718283471,1,-0.39352693347082585,0
9,2915,3,1,0,-0.34347525246712773,2,-0.6471762082701237,0
0,8745,0,0,1,-0.14114913946697596,0,-0.5664357437159887,0
3,7388,3,1,0,0.003369512675989589,1,-0.6607571684617936,0
4,1853,1,0,0,-0.3393461481201858,1,-0.3773788405599988,0
0,8552,3,0,0,1.0046773168093937,1,1.42085622384312,0
5,7678,2,1,1,0.3378269647782813,2,-0.42582311929247985,0
1,6042,0,0,0,-0.6531580784877681,0,0.6631380180273917,0
0,6443,0,0,1,-1.0082610523247693,1,-0.5092963380315239,0
7,6600,3,0,0,-0.21134391336498778,1,0.22523486257891412,0
6,4127,1,0,0,0.22014749089043784,1,-0.9216109770213065,0
8,6142,3,0,0,1.1760351472074815,0,-0.6609227899275456,0
0,6144,0,0,0,0.12517809091077478,1,-0.8085743266455176,0
4,3297,1,1,0,-0.054437948181196676,0,-0.7952417986524757,0
2,1608,2,0,0,-0.7171591958653671,0,-1.068517217143394,0
7,2177,0,0,0,0.10866167352300729,0,0.2235786479213935,0
7,7474,0,1,1,-0.4797356959162095,2,0.12420576847015047,0
0,5555,3,0,1,-0.2608931655282903,0,1.1770614262560704,0
8,2908,2,0,0,1.9605649731264367,2,2.1639169299397896,0
6,2098,2,1,1,-0.8162577001919721,0,0.6386260410960853,0
0,8989,3,0,1,-0.752256582814373,0,-0.3871505070393711,0
2,5377,1,1,0,-0.18450473510986562,2,-0.7225339751873162,0
1,8144,0,1,0,1.3680384993402783,0,0.4676218777070712,0
6,5648,2,0,0,-0.6944491219571868,2,-0.9197891408980337,0
6,4129,2,0,0,-0.6861909132633031,2,0.047357408361189186,0
8,9525,1,0,1,0.09420980830871067,0,0.11294350879900948,0
9,2490,0,0,1,-0.9855509784165888,2,-0.9443011178293402,0
6,3314,0,1,1,-0.9050334436512224,0,2.656392358353575,0
3,7207,1,0,0,-0.31457152203853456,1,1.1611617655438713,0
4,2274,2,0,0,0.9840317950746841,0,-0.29142129983467363,0
2,2129,1,0,1,0.926224334217498,1,-0.2770122323142433,0
8,4359,1,0,1,-0.5210267393856282,1,-0.9080300168296366,0
1,1618,3,0,0,-0.7068364349980125,2,-0.08191014565830292,0
0,5127,1,0,0,-0.3372815959467149,0,1.0112743390382466,0
3,7279,0,0,0,0.6764135212275149,0,0.7127416470201373,0
9,3475,1,1,0,-0.06063160470160953,0,0.23931268716784013,0
1,6909,2,0,0,-0.9979382914574145,1,0.8493793562655965,0
3,4497,2,0,0,-0.7667084480286697,1,-0.6598462504001571,0
7,6777,1,1,1,1.1553896254727718,0,-0.7088702042627704,0
0,5490,2,0,0,1.3866194689015168,1,-0.9108455817474218,0
3,2647,1,0,0,0.06117697353317585,0,0.8357983960739265,0
6,1721,0,1,1,-0.006953248191365055,1,-0.999121822993276,0
6,8862,0,1,0,-0.19482749597722027,1,1.603453889834779,0
3,8865,0,0,0,-0.6325125567530587,0,1.5297523375751074,0
8,8278,1,1,0,-0.7068364349980125,2,-0.7667963119095575,0
8,3865,0,0,0,1.1739705950340102,1,0.07708646146368608,0
7,6970,1,0,0,-0.6552226306612391,0,-1.0599877116571623,0
6,4811,1,0,0,-0.690320017610245,2,1.6380687761769621,0
1,5120,0,0,0,-0.9669700088553504,2,-0.7321400202009365,0
1,8016,1,1,1,-0.44463830896720363,1,-0.25150652658842426,0
8,7413,3,0,0,0.6186060603703285,0,0.8276001335191989,0
9,7387,0,1,0,1.1595187298197138,2,2.1053697417964323,0
2,6015,1,0,0,-0.9504535914675829,2,0.6185858437400845,0
3,5992,1,0,1,-0.10398720034449918,0,-0.5651935827228483,0
6,9170,1,0,0,-0.5354786045999248,2,-0.06476832395296354,0
6,6801,0,1,0,-0.33521704377324396,2,0.8407670400464888,0
1,4133,0,0,0,-0.4818002480896804,1,-0.09354505362738584,0
0,7203,2,1,1,0.11691988221689104,2,-0.5126087673465654,0
3,3901,3,0,1,1.8779828861875996,1,-0.48296252497694453,0
1,2431,0,0,0,-0.9380662784267574,1,-0.8045994114674678,0
4,3777,1,0,1,0.25318032566597287,1,-0.8460875886383618,0
9,1593,2,1,0,0.46582919953347934,2,2.634530324874302,0
8,2852,3,1,0,-0.6056733784979366,2,-0.7145013340983407,0
5,3682,2,0,0,-0.4487674133141455,0,-0.07652744802136054,0
0,8239,3,1,0,1.9316612426978435,2,-0.27063580588278857,0
7,8720,2,1,1,2.406508242596159,2,-1.0122887295205658,0
9,6284,3,1,0,0.21601838654349606,1,-0.5697481730310302,0
0,4193,1,0,0,-0.6779327045694193,2,-0.19726549655462086,0
2,1773,3,0,0,0.21601838654349606,0,-0.12414361942508115,0
1,3609,1,1,0,1.8139817688100008,1,-0.08547100717197251,0
2,7432,2,0,0,0.7156400125234625,1,-0.3231792158926333,0
1,8025,3,1,0,1.0480329124522831,1,1.676741388430071,0
9,5844,3,0,0,0.23047025175779248,1,-0.9815659476235564,0
9,3994,1,0,0,1.4464914819321737,1,-0.5117392546513669,0
7,5811,1,0,1,0.22014749089043784,1,-1.0866527676432458,0
6,6391,3,0,1,-0.5932860654571109,2,-1.0929463833418247,0
8,8026,2,0,1,0.9592571689930329,0,0.012245657621749903,0
3,4284,3,0,0,2.191794816555182,1,0.24726251752393966,0
7,9969,0,0,0,-0.24850585248746465,0,-1.065784462958485,0
0,9205,1,0,0,1.7066250557895115,1,0.10698113603193492,0
5,4709,2,0,0,0.028144138757640845,0,2.444148449992295,0
2,4526,3,0,0,-0.02966332209954542,1,-0.8754025880764785,0
6,6866,0,0,1,1.149195968952359,2,0.377440989605068,0
2,9479,0,0,0,-0.6614162871816519,2,-0.30483663856059134,0
4,5681,0,0,0,-0.4694129350488548,0,-0.308563121540013,0
0,7817,0,0,0,-0.05856705252813846,0,-0.7400898505570359,0
9,8780,0,0,0,-0.03792153079342917,0,-0.5826666473596918,0
7,6764,1,0,1,-0.2567640611813484,2,1.8465033908259445,0
2,2458,3,1,0,0.5855732255947934,0,-0.5848197264144687,0
0,1105,1,0,1,-0.13495548294656312,2,-1.0090591109384004,0
5,6983,0,0,1,2.7595466642596893,0,0.4977649844739481,0
2,8638,1,1,0,0.43073181258447324,0,-0.17987524265065333,0
3,2985,1,0,0,-0.8245159088858558,0,-0.5846541049487166,0
7,1222,3,1,1,2.286764216534845,1,-0.0618699483023021,0
1,6649,1,1,0,1.3886840210749878,2,-0.07288377577481497,0
0,6727,3,1,0,1.956435868779495,1,1.532153848828512,0
2,7983,1,0,1,-0.5437368132938085,1,-0.631773411955181,0
0,1318,1,1,0,-0.5168976350386864,1,0.3203015839206032,0
6,7350,3,0,0,-0.7233528523857801,0,1.4317044298498807,0
1,6181,2,1,0,2.4292183165043393,1,0.20788601404138465,0
0,8391,0,1,0,-0.9710991132022923,2,-0.15768196623987565,0
1,6758,1,0,0,-0.10605175251797007,0,0.004461448731402551,0
4,7282,1,0,0,-0.5974151698040528,0,1.5728139186706458,0
7,1105,0,1,0,0.48028106474777577,0,-0.16567320196241314,0
2,3163,1,0,0,-0.8781942653961002,0,-0.6999266451121585,0
2,9108,1,0,0,0.18917920828837373,1,-0.5975725792773782,0
5,8163,0,1,0,0.1747273430740773,1,1.9178862425650869,0
7,3957,1,0,1,-0.948389039294112,2,0.05389945625839595,0
2,7874,3,1,0,-0.16179466120168526,1,-0.7304838055434157,0
3,8246,0,0,0,-0.45909017418150017,1,-0.9854580520687302,0
3,8756,0,0,0,0.49266837778860145,2,1.4598600790277325,0
5,8797,3,0,0,-0.8430968784470944,2,-0.9698896342880354,0
1,2239,1,0,1,1.6240429688506746,0,-0.9982937156645157,0
1,9775,3,0,0,0.011627721369873341,0,-0.5560015913736083,0
5,7170,2,0,0,-0.9091625479981642,1,-0.6533870132358264,0
6,6618,2,0,0,0.4018280821558802,1,-0.1961061462943563,0
6,6931,0,0,1,1.4609433471464703,0,0.07418808581302465,0
9,2642,2,0,0,2.484961225188054,0,-0.34549670840272506,0
4,4666,0,0,0,-0.3021842089977089,2,0.1393601325864649,0
2,6791,0,1,0,-1.0082610523247693,1,-0.4927341914563168,0
0,1258,0,0,0,-0.7481274784674312,1,-0.770647010988293,0
2,5130,3,0,0,-0.6923845697837159,0,0.1844091712710284,0
5,3793,1,0,0,-0.39095995245695925,1,0.8844082962721596,0
6,1327,0,0,0,-0.22786033075275527,0,-0.9705521201510438,0
9,6524,1,0,0,0.07975794309441425,1,-0.6233267172018253,0
8,5190,3,0,0,0.04053145179846638,0,0.5931629487471415,0
1,9835,3,0,0,-0.6861909132633031,1,-0.32023943487553413,0
2,8156,2,0,1,0.3832471125946418,1,1.2647579923717926,0
9,4584,1,0,0,-0.8575487436613908,0,-0.9043863445830911,0
0,8272,3,0,1,-0.5416722611203376,1,0.587614629644447,0
6,6006,1,0,1,0.7156400125234625,0,-0.08282106371993918,0
4,4491,1,0,0,0.05911242135970478,0,-0.5117806600178051,0
3,3403,1,0,0,1.853208260105948,0,1.4783268724590888,0
2,7847,2,1,1,-0.3455398046405987,2,0.619496761801721,0
5,5540,0,1,0,1.6550112514527382,2,-0.05594898090166567,0
9,6265,3,1,0,1.7066250557895115,0,0.9836155542576505,0
8,2518,1,0,1,-0.5767696480693435,1,-1.0622236014448154,0
2,7854,1,0,0,0.833319486411306,2,-1.0257040682464835,0
4,5872,0,0,0,0.028144138757640845,2,-0.7270885654954983,0
3,7508,1,0,1,-0.65728718283471,1,-0.9547352701717209,0
1,5645,3,0,0,-0.5045103219978607,0,-0.21266829286956346,0
7,9506,2,1,0,-0.8926461306103967,1,1.2231870044680222,0
5,4011,2,0,0,1.1677769385135974,2,0.409819986159598,0
2,8891,0,0,0,0.45963554301306647,0,-0.1778877850616284,0
8,3990,0,1,0,1.4361687210648193,1,-1.0039248455000862,0
5,7686,0,0,0,-0.1906983916302785,0,-0.7197184102695311,0
9,2343,1,1,0,0.16853368655366444,1,0.5652971371343555,0
5,6834,1,0,1,-0.8699360567022165,0,1.612728691916895,0
1,2703,2,0,1,-0.8245159088858558,2,-0.7926746659333186,0
5,2978,0,0,0,1.4052004384627552,1,-0.22301963447906795,0
8,3816,1,0,1,-0.3496689089875405,1,0.35913981763946423,0
9,2699,2,0,1,-0.9236144132124607,1,-0.6450231292153468,0
5,4367,3,1,0,-0.624254348059175,2,-0.2980047530983184,0
5,9737,2,0,0,0.16440458220672266,2,0.27980713554422176,0
4,3012,2,0,0,0.39356987346199646,0,-0.8800399891175366,0
5,8157,1,0,0,0.2820840560945659,2,0.025826617813419907,0
5,1632,3,1,0,-1.012390156671711,1,0.9191059933472188,0
7,2239,1,1,0,-0.7398692697735474,1,-0.5335598827642024,0
2,1391,0,0,1,-0.9277435175594025,1,-0.4692159433195226,0
8,3340,3,1,0,0.30479413000274624,1,-0.03702672843949134,0
8,2782,2,1,0,1.1801642515544233,0,0.14051948284672952,0
1,4059,1,0,0,-0.30631331334465084,1,-0.7498615170364081,0
5,9285,1,0,0,-0.7790957610694952,2,0.12445420066877852,0
7,8168,3,1,0,-0.8059349393246173,0,-1.0422662148216908,0
4,2638,0,0,0,-0.7976767306307336,2,-0.31063338986191386,0
1,8640,0,0,0,1.803659007942646,1,-0.20182008686280276,0
6,5637,0,0,0,-0.7811603132429662,2,-0.5990631724691468,0
7,7366,3,0,0,-0.32282973073241833,2,0.3121033213658758,0
6,8454,3,0,0,0.14375906047201317,0,-0.5592312099557736,0
4,4815,2,0,0,-0.013146904711777915,1,-0.42524344416234755,0
3,2061,2,1,0,0.12104898656383282,1,0.6333261541920189,0
4,8184,2,0,1,-1.0061965001512982,0,-0.35038254164241106,0
9,8472,2,1,0,-0.05856705252813846,0,0.07890829758695887,0
7,4189,2,0,0,-0.8038703871511464,2,-0.6928049220848195,0
0,9526,0,0,0,-0.03792153079342917,2,-0.38607396751198253,0
3,7078,2,0,0,-0.2237312264058134,0,0.013570629347766448,0
2,5489,1,0,0,-0.9587118001614666,0,-0.8331691143097002,0
5,7904,1,0,0,0.11691988221689104,2,-0.5758761672638567,0
3,2590,2,0,1,-0.9256789653859316,1,2.3719374909243918,0
3,8169,3,0,0,-0.6820618089163613,1,0.30713467739331374,0
5,5446,1,0,0,0.47821651257430486,0,0.3739629388242746,0
0,8579,3,0,0,-0.7852894175899081,2,-1.061312683383179,0
8,1740,0,0,1,1.7417224427385178,0,1.5723998650062656,0
0,3048,3,1,0,-0.979357321896176,0,-0.12795291313737886,0
4,5271,3,1,0,-0.6738036002224775,1,-0.3909598007516687,0
5,7604,3,0,0,-0.3083778655181218,0,0.14896617760008504,0
2,5253,1,0,0,0.472022856053892,0,-0.359201884693709,0
7,7009,0,0,0,-0.7481274784674312,0,-0.5796026502432784,0
7,5162,3,0,0,-0.5458013654672794,0,-0.6273844431127511,0
4,5163,1,1,0,-0.3104424176915927,2,-0.42872149494314105,0
4,9522,0,1,0,-0.4487674133141455,2,-0.8321753855151878,0
1,5943,3,1,1,-0.9938091871104726,1,1.1123862438798864,0
0,1883,0,0,1,0.827125829890893,1,-0.7766921944882438,0
9,4559,1,0,1,-0.463219278528442,0,-0.41605145281310757,0
1,5949,0,1,0,-0.6717390480490066,1,0.6159359002880513,0
4,1399,3,0,0,-0.02346966557913256,0,-0.5542625659832114,0
7,4139,1,0,0,-0.8761297132226291,1,-0.7627799913650698,0
6,8883,1,1,0,0.8168030690235385,0,1.2605346449951143,0
1,2291,2,1,0,-0.9318726219063446,1,-0.6693694846809013,0
6,3852,0,0,1,-0.004888696017894162,1,0.38298930870776254,0
8,8597,2,1,0,0.17885644742101908,1,-0.32744396863574915,0
7,6915,1,0,0,0.25318032566597287,1,-0.66647110903024,0
9,8078,3,0,1,-0.6448998697938844,1,1.253909786365032,0
1,8461,3,1,0,-0.59122151328364,2,-0.39360974420370193,0
8,7155,3,1,0,1.1388732080850044,0,1.2924995878852643,0
2,6047,0,0,0,1.3680384993402783,1,1.4665677483906916,0
8,1668,3,0,1,0.13137174743118765,1,0.6361417191098041,0
4,2236,1,0,0,0.66609076036016,1,-0.38416932065583376,0
3,4286,3,0,0,0.2986004734823334,0,-0.858095144905387,0
4,8635,3,1,1,1.797465351422233,1,-0.14054014453453617,0
9,4891,0,0,0,1.0872594037482308,1,0.1897090581750948,0
3,7222,1,0,0,-0.40128271332431387,2,-0.6523104737084379,0
4,8195,0,0,0,-0.8843879219165129,2,-0.6881675210437614,0
8,6876,2,0,0,-0.16385921337515633,0,-0.24537853235559767,0
8,4963,3,0,0,-0.11637451338532472,0,2.2902032975757445,0
2,6632,2,0,0,-0.37237898289572086,1,-0.3613135583820479,0
6,5176,3,1,0,-0.08127712643631882,1,-0.4159686420802315,0
4,7213,2,0,0,-0.7790957610694952,2,-1.01261997245207,0
4,6247,3,0,0,-0.7667084480286697,1,-1.075307697239229,0
4,7609,3,0,0,2.1092127296163445,1,0.1237917148057702,0
5,9001,0,0,0,0.7073818038295786,2,0.1487177454014569,0
4,7173,0,0,0,1.8077881122895878,1,-0.42863868421026496,0
6,7939,1,0,0,1.2049388776360743,2,-0.7400070398241599,0
0,8912,0,0,1,0.8085448603296546,2,-0.7519317853583091,0
0,9797,1,0,0,-0.6201252437122332,2,-0.32868612962888977,0
1,3334,2,0,0,-0.47147748722232574,1,-0.4711205901756715,0
4,3601,1,0,1,-0.4797356959162095,0,-0.3060787995537319,0
5,4038,2,0,1,-0.08127712643631882,2,1.3828460974530197,0
2,2127,3,0,1,-0.37237898289572086,0,-0.08331792811719542,0
1,6963,0,0,1,0.30479413000274624,0,2.5438525723750423,0
5,9147,1,1,0,-0.9669700088553504,2,-0.8814477715764292,0
9,2992,2,0,0,-0.37237898289572086,2,-0.019470853069771935,0
4,7628,2,0,0,1.192551564595249,0,-0.15569450865085083,0
2,2214,3,0,0,1.4609433471464703,1,0.4816997022959972,0
0,1437,2,0,0,-0.9277435175594025,2,-0.3371328243822454,0
4,8375,2,0,0,-0.10192264817102811,2,-0.6478386941331319,0
0,9355,2,0,0,0.6722844168805727,2,2.127811450405838,0
9,5532,3,1,0,-0.6159961393652913,0,1.5025076064588914,0
8,7834,3,0,0,0.9737090342073296,2,-0.6711913208041741,0
9,2902,2,0,0,-0.23405398727316815,1,1.5799356416979846,0
8,8373,0,1,1,-0.9710991132022923,2,-0.7101123652559109,0
1,4705,0,1,0,-0.4900584567835642,0,-0.3833412133270734,0
8,3986,0,1,0,-0.37031443072224984,2,-0.5603905602160382,0
1,1675,2,0,0,-0.6201252437122332,1,-0.25241744465006066,0
9,9005,3,0,0,2.16495563830006,2,0.48360434915214595,0
1,4008,2,0,0,-0.2402476437935809,2,-0.622581420605941,0
9,7486,2,0,0,1.2317780558911966,1,-0.3875645607037512,0
0,5561,3,0,0,-0.29599055247729616,1,0.4518050277277484,0
4,2945,2,0,0,0.06324152570664675,0,-0.8173522643303774,0
1,4633,2,0,0,-0.8699360567022165,1,-0.8141226457482119,0
0,4274,0,1,0,-0.011082352538307022,0,0.21397260290777337,0
9,4553,1,1,0,-0.7790957610694952,2,-0.9064566129049919,0
7,2698,1,1,0,-0.5127685306917444,2,-0.043568776336698346,0
9,7955,0,1,0,-0.2546995090078774,2,-0.9413199314458031,0
9,7465,1,0,0,-0.9834864262431179,0,-0.6210908274141724,0
4,5481,3,0,0,-0.45496106983455825,0,-0.2676546194992513,0
9,9952,0,0,0,-0.626318900232646,2,-0.8137914028167078,0
3,9966,3,0,0,0.18298555176796105,1,-0.5039136403945816,0
1,2969,3,0,0,0.3791180082476998,2,-0.7830686209196984,0
0,8017,2,1,0,-0.19482749597722027,0,1.5843246105404147,0
3,5112,1,1,0,-0.7914830741103208,2,-0.7511036780295487,0
7,3703,2,1,0,0.9159015733501431,1,-0.08282106371993918,0
1,1759,3,0,0,1.902757512269251,2,1.2529988683033952,0
8,8138,2,0,0,-0.6799972567428904,1,0.7084354889105834,0
4,8027,2,0,0,-0.3950890568039011,1,0.6910452350066159,0
6,1931,2,1,0,-0.10398720034449918,0,-0.7669205280088716,0
5,6376,2,0,0,0.04878966049235013,1,-0.40139395309404924,0
1,3491,2,0,0,1.378361260207633,0,-0.8271239308097496,0
6,1463,3,1,0,-0.19689204815069125,0,-0.22740860332149787,0
5,7358,0,0,0,2.4581220469329326,1,-0.4679737823263821,0
6,7517,1,0,0,-0.8038703871511464,0,-0.6118160253320564,0
3,7209,2,0,0,0.40595718650282214,0,-0.5503704615380377,0
2,6976,0,1,1,-0.9669700088553504,1,-0.7722204149129377,0
4,5561,2,1,0,-0.8885170262634549,2,0.6348995581166635,0
7,1017,3,0,0,1.2441653689320222,2,0.0757614897376693,0
9,9054,0,0,0,-0.6325125567530587,1,-0.447105477641621,0
3,8093,3,1,0,-0.8307095654062686,2,1.9221924006746411,0
9,6083,2,0,0,2.241344068718484,1,-1.0006124161850447,0
1,3417,0,0,0,-0.5499304698142213,0,2.096260561180068,0
4,6912,2,0,0,0.505055690829427,1,-0.4903326802029117,0
5,5171,0,0,0,1.1161631341768241,0,0.3707333202421091,0
2,4216,0,0,0,-0.7316110610796638,2,-0.5439112243737069,0
1,1243,0,0,0,-0.4900584567835642,1,0.444103629570277,0
8,2181,3,1,0,-0.3125069698650637,0,-0.7964011489127404,0
8,1355,2,0,0,-0.2753450307425868,0,0.3581874942113897,0
8,5925,3,0,0,0.15201726916589695,1,0.294381824530404,0
6,2873,3,0,0,-0.8038703871511464,1,1.6481716855878383,0
1,2429,3,1,0,-0.8038703871511464,1,-0.4477679635046293,0
2,9665,3,0,0,-0.42812189157943614,1,-0.4965434851686144,0
8,7820,2,0,0,-0.3125069698650637,2,2.953682889378544,0
0,5795,2,0,1,-0.6510935263142972,2,0.049262055217337924,0
3,7429,1,0,0,1.1574541776462426,2,-0.30905998593726924,0
1,1209,2,0,0,2.666641816453497,0,-0.7212090034612997,0
2,4118,3,1,1,-0.7419338219470184,0,-0.21755412610924962,0
2,1279,1,1,0,-0.4033472654977849,1,-0.4612661129634231,0
0,6651,2,0,0,-0.5767696480693435,0,-0.23345378682144852,0
1,8815,0,0,0,-0.6221897958857041,2,0.22159119033236857,0
5,6485,3,0,0,-0.39921816115084297,0,-0.6740896964548353,0
5,1118,0,0,1,-0.9442599349471701,2,-0.5759589779967328,0
0,7065,2,0,0,-0.49418756113050605,0,0.3569039278518112,0
6,4219,0,0,0,-0.05237339600772578,1,-0.2049668947120922,0
2,8044,1,1,0,-0.3393461481201858,2,-0.2804902830950368,0
9,1084,3,0,0,-0.06269615687508043,1,0.2957896069892968,0
7,3519,2,0,0,2.1030190730959317,2,-0.9747754675277215,0
8,2185,2,0,0,-0.9834864262431179,1,-0.9391668523910262,0
5,9236,3,1,1,-0.721288300212309,0,0.04338249318313931,0
9,2536,3,0,0,0.5339594212580201,2,-0.05317482135031847,0
6,7444,0,1,0,-0.8988397871308095,2,-0.7581425903240118,0
8,4260,0,1,0,-0.9628409045084084,2,-0.6181096410306351,0
2,1391,2,0,0,0.13137174743118765,2,0.05472756358715626,0
8,6797,0,0,0,-0.6469644219673554,1,0.6893890203490952,0
0,4235,0,0,0,-0.5519950219876923,2,-0.9132470930008268,0
0,6185,1,0,1,-0.40954092201819764,0,-0.09209586580205523,0
4,4650,2,0,0,-0.7130300915184252,1,0.2622512601745022,0
1,9039,1,0,0,-0.8596132958348617,1,-0.18716258714374445,0
1,6138,2,0,1,1.3061019341361502,2,0.3783519076667045,0
2,2060,0,0,0,0.47615196040083396,0,1.7940841969154135,0
7,3423,2,0,0,-0.3372815959467149,0,-0.13863549767838737,0
2,3190,3,0,0,-0.7832248654164372,2,0.2504921361061051,0
6,6482,2,1,0,-0.5829633045897563,1,0.049137839118023885,0
5,9167,0,1,0,-0.2237312264058134,0,-0.6874222244478772,0
0,9904,3,0,0,0.5958959864621483,0,-0.8012041714195502,0
7,6757,1,1,1,-0.5540595741611632,0,2.3615033385820112,0
8,2446,1,0,0,-0.8100640436715593,1,-0.3260085825992312,0
2,1462,3,1,0,-0.17624652641598187,1,-0.46838783599076217,0
0,1803,3,1,0,0.14375906047201317,2,0.031623369114742325,0
6,3427,3,0,0,-0.28566779160994155,0,-0.9589586175483986,0
3,1582,2,0,0,-0.43638010027331986,1,-0.0031571386931926446,0
6,4368,2,0,0,-0.08747078295673168,1,-0.012514751508184895,0
6,6705,0,0,0,1.4361687210648193,2,-0.6510683127152973,0
2,6702,3,0,0,-0.7914830741103208,0,-1.1041258322800895,0
3,8463,2,0,0,-0.03792153079342917,2,-0.7339618563242093,0
1,8313,1,0,0,-0.6965136741306578,1,-0.38110532353942045,0
7,1214,0,1,0,-0.3579271176814242,0,-0.40387827508033025,0
3,3676,1,0,1,-0.7481274784674312,1,-0.12522015895246957,0
8,9081,1,0,0,0.41008629084976395,2,-0.8329206821110722,0
0,8910,2,1,0,-0.7976767306307336,0,2.5805377270391263,0
2,4757,1,0,1,1.7190123688303376,1,1.4309591332539964,0
9,3433,1,0,0,-0.8348386697532105,1,0.6367213942399363,0
2,4587,3,0,0,0.44724822997224073,0,-0.8687777294463956,0
8,5165,3,0,0,0.8147385168500676,2,-0.6599290611330332,0
4,4193,2,0,0,0.4885392734416595,2,-0.7467147091871188,0
8,3786,1,1,1,-0.9649054566818795,0,-0.941237120712927,0
6,9504,1,0,0,0.7610601603398229,1,-0.7930059088648229,0
3,5329,0,0,0,2.0307597470244487,0,-0.9445495500279684,0
9,4295,1,0,0,-0.5168976350386864,0,-0.9862861593974905,0
2,9242,2,0,0,-0.5932860654571109,0,0.3639428401462742,0
6,5883,0,0,0,-0.3971536089773721,2,1.4379980455484593,0
8,8782,1,0,0,-0.31457152203853456,2,0.1417616438398701,0
1,3900,3,0,1,-0.3971536089773721,2,-0.40313297848444596,0
2,7911,2,0,0,-0.3930245046304302,2,-0.7101123652559108,0
5,2056,3,0,0,-0.556124126334634,0,-0.8662934074601146,0
7,6342,1,0,0,-0.5499304698142213,2,-0.602044358852684,0
8,6193,3,1,1,-0.981421874069647,0,-0.2867010880607395,0
7,4690,2,1,0,-0.5767696480693435,2,-0.07975706660352581,0
2,4128,0,0,0,-0.979357321896176,2,0.5905130052951084,0
6,7078,1,1,0,-0.4694129350488548,0,0.2812977287359905,0
0,8910,3,1,0,0.2841486082680368,0,0.12838771048039013,0
7,7098,2,0,0,-0.16385921337515633,2,-0.16215374581518163,0
0,1703,1,0,1,1.2338426080646674,0,-0.9231843809459512,0
5,2202,3,0,0,0.1602754778597807,2,-0.34085930736166703,0
3,3293,1,0,1,-0.9360017262532863,2,-0.3136145762454512,0
4,8849,0,0,1,0.27176129522721126,2,-0.42561609246028975,0
1,1634,0,0,0,0.4534418864926536,1,0.34854004383133164,0
0,3669,2,1,0,-0.3765080872426627,1,-0.5356301510861033,0
9,1010,2,0,0,0.28827771261497875,0,2.181472805309509,0
1,9232,0,0,0,0.2098247300230832,2,0.5289018200353378,0
4,5541,0,1,0,-0.7419338219470184,2,-1.0682687849447658,0
3,8532,0,1,0,-1.0020673958043562,2,2.3147980852399273,0
7,2067,2,0,0,-0.690320017610245,2,-0.4639160564154563,0
3,5518,3,0,0,-0.8843879219165129,1,0.8897909939091019,0
0,6454,1,0,0,-0.6139315871918204,1,-0.6946267582080922,0
6,2387,1,0,0,-0.8926461306103967,2,0.3571523600504393,0
5,1319,1,0,0,-0.004888696017894162,2,-0.9992046337261521,0
0,7818,3,0,0,-0.9215498610389898,2,-0.2580485744856312,0
4,9663,3,0,0,-0.2918614481303543,1,-0.6474246404687517,0
6,6866,0,0,0,-0.8554841914879199,0,-0.7188903029407706,0
9,8847,0,1,0,-0.29805510465076707,1,0.5925832736170094,0
7,2272,3,0,0,-0.5540595741611632,1,-1.024461907253343,0
5,2363,0,0,1,-0.7316110610796638,1,0.9730985911823941,0
8,9947,0,1,0,-0.7914830741103208,2,1.8684482350380938,0
9,2770,1,1,0,-0.3765080872426627,0,-0.5915273957774275,0
4,4616,0,0,0,-0.9236144132124607,0,0.6219810837880019,0
0,7120,3,0,0,-0.34347525246712773,1,0.04636367956667672,0
5,9862,0,0,0,-0.41986368288555237,0,-0.5187367615793921,0
0,9965,1,1,0,0.15201726916589695,0,-0.2705529951499126,0
5,5630,2,0,0,0.7135754603499916,2,1.1068379247771918,0
4,2099,2,0,0,-0.21753756988540063,0,-0.899583322076281,0
4,8456,0,1,0,-0.4528965176610873,1,1.3545248268094152,0
3,2823,0,0,0,0.5690568082070261,0,1.2537441648992795,0
5,2404,3,0,0,-0.9380662784267574,2,-0.2523346339171847,0
2,6136,0,0,0,1.5497190906057206,0,-0.8382205690151383,0
8,9712,0,0,0,0.6371870299315668,0,-0.17383005915070268,0
0,3462,1,1,1,-0.496252113303977,1,-0.8440173203164609,0
8,9207,2,0,0,1.7293351296976924,2,-0.7458866018583584,0
4,1598,0,0,0,-0.9132916523451061,2,-0.7370258534406225,0
3,3795,0,0,0,-0.5685114393754597,1,-0.8681980543162633,0
6,8271,3,1,0,-0.9731636653757633,2,-0.29191816423192984,0
9,8015,3,0,0,1.836691842718181,2,1.175984886728682,0
6,9414,2,1,0,0.5091847951763689,1,0.025246942683287477,0
8,3655,1,0,0,-0.1390845872935051,0,2.241676208110387,0
7,1607,2,1,0,-0.5891569611101691,0,-0.5160868181273589,0
6,8281,0,0,0,1.4010713341158134,2,0.6249622701715394,0
4,8176,2,1,1,0.005434064849460481,2,-0.6815426624136786,0
8,5940,0,0,0,-0.5994797219775239,0,-0.1286982097332632,0
6,7132,2,0,1,1.4052004384627552,0,-0.8269583093439976,0
1,4985,2,1,1,-0.09779354382408632,2,0.14300380483301048,0
9,8352,1,0,0,-0.14940734816085974,0,1.0302794022332968,0
2,5313,0,0,0,-0.7439983741204893,1,0.42820396885807793,0
7,7198,0,1,0,-0.0668252612220222,2,0.4894011004534686,0
6,4476,3,0,0,0.2614385343598566,2,0.1160903166482988,0
4,1967,3,0,1,0.29240681696192056,2,-0.8874101443435037,0
1,2996,2,0,0,0.39150532128852555,1,-0.8583435771040151,0
1,2185,2,0,0,-0.8575487436613908,0,-0.5909477206472954,0
4,3416,1,0,0,1.7933362470752912,1,-0.534967665223095,0
2,6388,2,0,1,0.0529187648392921,1,2.7112130635175107,0
2,4212,1,1,0,-0.6738036002224775,0,2.7327438540652804,0
1,9651,0,0,0,1.568300060166959,0,1.085803998626679,0
9,8313,1,0,1,0.017821377890286018,1,-0.42002636799115733,0
7,2526,2,1,0,-0.49212300895703515,2,1.906292739962442,0
3,4195,0,0,0,0.2965359213088625,0,-0.46673162133324153,0
7,5345,3,1,0,-0.45496106983455825,1,-0.3651228520943455,0
5,9042,1,0,0,-0.6510935263142972,2,0.7587844144992133,0
4,8078,3,0,0,-0.08127712643631882,2,-0.7288275908858951,0
2,9330,0,0,0,-0.26502226987523214,0,-0.516500871791739,0
1,2278,1,1,0,-0.4838648002631514,0,0.10689832529905893,0
1,9324,0,0,0,-0.7027073306510705,0,-0.19950138634227374,0
3,5412,2,1,0,-0.9050334436512224,2,-0.9969687439384992,0
7,1655,2,0,0,-0.054437948181196676,1,0.4138777120705238,0
5,1258,3,0,0,-0.690320017610245,2,-0.10418623280195653,0
3,3293,3,0,1,0.6722844168805727,2,-0.4523225538128112,0
4,4701,2,0,0,-0.915356204518577,0,-0.18418140076020714,0
0,4135,1,0,0,-0.2546995090078774,1,0.457850211227699,0
0,7621,3,0,1,0.15408182133936782,2,-0.8106445949674185,0
9,6366,3,1,0,2.567543312126892,1,-0.43634008236773636,0
5,5085,3,0,0,0.0013049605025186968,1,0.3088737027837103,0
6,5056,1,1,0,0.2841486082680368,0,-1.0386225425751452,0
9,2778,0,0,0,0.5525403908192587,0,0.13223840955912594,0
3,3261,1,0,0,2.27644145566749,1,-0.6667195412288681,0
8,9841,3,1,0,-0.7460629262939602,1,-0.9590828336477127,0
4,4949,3,1,0,-0.8616778480083327,0,-1.037877245979261,0
2,8531,2,1,1,-0.5870924089366982,2,0.7114166752941208,0
1,7453,3,0,0,-0.7894185219368498,1,-0.8523812043369405,0
5,9729,2,0,0,-0.4405092046202617,0,-0.37100241412854407,0
3,8141,2,0,0,0.12517809091077478,2,0.47946381250834413,0
2,6027,1,1,0,-0.7316110610796638,1,-0.3032632346359467,0
8,6222,3,1,0,0.39356987346199646,0,-0.3574214539368742,0
1,5246,1,0,0,-0.7852894175899081,2,1.0928429109211417,0
3,7802,3,0,0,0.8911269472684921,2,-0.7212918141941758,0
6,6911,1,0,1,-0.6655453915285937,2,0.8375374214643233,0
4,7448,1,0,1,1.7561743079528145,0,-0.003322760158944801,0
7,1920,1,0,0,0.7053172516561077,0,-0.6179026141984449,0
6,1049,1,0,0,-0.8307095654062686,2,-0.648004315598884,0
8,4740,2,0,0,-0.9834864262431179,1,-0.29456810768396297,0
0,6235,2,1,1,-0.5685114393754597,0,0.2785649745510812,0
5,5875,1,0,0,-0.8472259827940362,0,-0.41042032297753706,0
5,8501,3,1,0,-0.9607763523349375,1,-0.7619518840363094,0
3,7217,3,0,0,-0.8513550871409781,0,-0.6351686520030984,0
6,8057,3,0,1,-0.02966332209954542,2,-0.041498508014797444,0
1,9490,0,0,0,2.389991825208392,2,0.2758322203661722,0
8,3056,2,0,0,1.0686784341869924,2,-0.05789503312425246,0
8,1222,2,0,0,-0.7047718828245415,0,-0.30715533908112036,0
4,3593,0,1,0,-0.11224540903838294,0,-0.7950761771867237,0
4,1739,0,1,1,-0.21340846553845877,1,-0.528011563661508,0
0,8920,1,0,1,-0.8183222523654431,0,-0.6378185954551316,0
2,6062,3,0,0,-0.8079994914980884,2,0.4925479083027579,0
3,4635,3,1,0,1.6116556558098487,1,1.4502540340141128,0
0,9629,2,1,0,1.671527668840506,1,-0.3602370188546594,0
7,8079,1,0,1,0.22221204306390874,1,-0.7684111212006401,0
9,3885,0,1,0,-0.8761297132226291,2,-0.23444751561596086,0
4,3784,2,1,0,-0.7687730002021406,2,0.527576848309321,0
8,8757,1,0,0,-0.8079994914980884,2,0.4398802821935992,0
2,7242,2,0,0,0.20363107350267035,0,-0.031395598603921084,0
1,3542,1,0,1,-0.8720006088756873,2,-0.07487123336383991,0
7,4647,3,0,0,-0.9958737392839434,0,0.2685448758730808,0
2,9217,3,0,0,-0.9834864262431179,2,-0.19718268582174472,0
0,2305,0,0,0,2.435411973024752,1,-0.1504774324796606,0
8,1588,3,0,0,0.9489344081256782,0,-0.8860851726174871,0
4,8988,1,1,1,0.6681553125336309,2,-0.01429518226501958,0
3,5011,0,1,1,-0.6387062132734717,0,1.105181710119671,0
9,5311,3,0,1,-0.16798831772209813,1,-0.9178016833090089,0
3,7144,1,0,0,-0.9442599349471701,1,0.011086307361485514,0
5,7922,1,0,0,0.22427659523737964,0,0.2540529976197745,0
4,4068,2,0,0,-0.17624652641598187,2,1.309807031056356,0
0,9456,2,1,0,-0.49212300895703515,1,-0.9727880099386967,0
5,3956,1,0,0,0.20569562567614122,0,-0.7602956693787886,0
5,3093,0,0,0,-0.7997412828042045,1,-0.7820334867587482,0
1,9557,2,1,0,0.5174430038702528,2,0.44625670862505384,0
1,5483,0,0,0,-0.2815386872629997,0,-0.989681399445408,0
3,3773,3,0,0,-0.8513550871409781,2,-0.08671316816511286,0
6,8539,0,0,1,-0.981421874069647,1,-0.6603845201638514,0
2,7190,0,0,0,-0.5540595741611632,0,0.33288881531776077,0
8,9134,0,0,1,-0.37444353506919176,0,-0.8584263878368912,0
6,6390,3,0,0,-0.6985782263041288,0,-0.8391314870767749,0
8,7455,2,1,0,-0.22166667423234251,0,-0.21486277729077846,0
8,3639,0,0,0,-0.5540595741611632,0,-0.5585687240927653,0
1,7242,2,1,0,-0.7439983741204893,0,-0.8421126734603122,0
7,1328,1,0,0,-0.1514719003343306,2,-0.8587576307683954,0
1,3467,1,0,0,-0.9091625479981642,1,1.2756061983785527,0
1,9370,2,1,0,0.7878993385949453,2,1.1079144643045802,0
3,4936,3,1,0,0.6475097907989217,2,-0.9678193659661345,0
0,5070,3,1,0,-0.9132916523451061,0,-0.5858962659418572,0
7,2794,3,1,0,-0.8967752349573386,1,0.481120027165865,0
5,6569,0,0,0,1.2111325341564874,2,-0.7804186774676654,0
0,3603,3,1,0,-0.11843906555879562,2,-0.7732141437074502,0
3,7512,0,0,1,-0.9091625479981642,0,-0.7193871673380269,0
6,4536,3,0,0,1.192551564595249,2,-0.38975904512496623,0
5,3088,2,1,0,-0.8327741175797395,1,0.49287915123426196,0
4,6027,0,1,0,-0.7439983741204893,1,-0.29655556527298776,0
1,5460,1,0,0,-0.9360017262532863,2,1.8098182361618607,0
8,8357,3,0,0,-1.0165192610186529,1,0.3477119365025711,0
2,2937,0,0,0,0.35434338216604877,0,1.4879329174727092,0
1,7845,1,1,0,0.5587340473396712,1,0.9352540862580457,0
7,8794,0,0,0,-0.595350617630582,0,-1.0881433608350146,0
5,9247,1,1,1,-0.33315249159977306,0,0.4266305649334333,0
7,2213,0,0,0,0.3006650256558043,1,2.7006961004422543,0
6,2123,3,1,0,-0.9896800827635308,2,0.3832377409063907,0
4,9757,3,1,0,0.48028106474777577,1,0.30175197975637125,0
7,5562,3,0,0,-0.8885170262634549,2,0.5132919968882049,0
6,6378,1,0,0,-0.9938091871104726,0,1.4936468580411555,0
2,4393,2,0,1,-0.849290534967507,0,0.5283221449052053,0
8,8215,0,0,1,0.34402062129869393,2,-0.430791763265042,0
5,7570,0,0,0,-0.5932860654571109,0,0.45064567746748374,0
6,9725,3,0,1,-0.5416722611203376,2,-0.830519170857667,0
1,7695,0,0,0,0.4493127821457118,2,1.6964503428545674,0
0,4894,0,0,0,0.3336978604313393,1,-0.5383629052710125,0
6,7518,1,0,1,-0.9525181436410538,2,0.9298713886211031,0
3,3294,2,0,0,2.03282429919792,0,-0.13118253171954417,0
6,9068,1,0,0,-0.7914830741103208,1,-0.6393091886469002,0
2,1810,0,1,1,-0.37444353506919176,0,0.5014914674533699,0
5,3780,2,1,0,-0.8720006088756873,2,-1.015352726636979,0
1,7252,3,0,1,0.9778381385542714,2,-0.7622003162349374,0
7,1745,0,1,0,-0.43638010027331986,2,0.32676082108493404,0
6,6785,3,0,0,0.21601838654349606,1,1.6405530981632432,0
1,8321,3,1,0,-0.8162577001919721,1,-0.5557531591749801,0
6,7421,0,0,0,0.7362855342581719,1,-0.9401605811855385,0
6,8764,2,0,1,-0.6180606915387622,1,-0.7169028453517459,0
5,1959,2,0,1,0.32337509956398464,2,-0.763442477228078,0
2,5376,2,1,1,-0.911227100171635,2,-0.27833720404025997,0
6,9473,1,0,1,-0.34347525246712773,1,-0.8335003572412043,0
0,1278,0,0,0,-0.8596132958348617,0,-0.5073916911753751,0
9,4796,3,0,0,-0.7274819567327218,0,-0.4212685289842978,0
0,8063,1,0,1,1.0211937341971613,0,-1.109508529917032,0
6,6582,1,0,0,-0.8596132958348617,1,0.0884315318677028,0
4,9158,3,0,1,-0.9855509784165888,2,-0.6311937368250488,0
3,9510,2,0,0,-0.6738036002224775,0,-0.470126861381159,0
6,9651,3,0,0,-0.3950890568039011,0,0.9778188029563281,0
1,2227,0,0,0,-0.35173346116101145,2,-0.031147166405292963,0
9,2536,0,0,0,0.15408182133936782,0,-0.8926272205146939,0
9,3131,3,1,1,0.09833891265565264,0,-0.857763901973883,0
2,8149,2,0,0,-0.6077379306714075,0,0.021520459703865957,0
6,1224,0,0,0,-0.2567640611813484,0,0.5982972141854558,0
7,9240,1,0,0,0.17059823872713534,2,-0.12472329455521335,0
7,2337,2,0,1,1.4341041688913485,1,-0.04505936952846681,0
2,8728,1,0,0,-0.13082637859962132,0,-0.680217690687662,0
6,1484,2,0,0,-0.9215498610389898,0,0.8525261641148858,0
1,4974,1,0,0,-0.2774095829160578,0,-0.7255979723037296,0
2,8771,1,0,0,-0.4652838307019129,0,-0.14219635919205703,0
7,7122,1,0,0,0.1953728648087866,0,-0.37638511176548634,0
9,7490,2,1,0,0.2428575647986182,1,-1.036386652787492,0
0,3776,2,1,0,-0.5334140524264538,2,-0.9817315690893086,0
2,9693,2,0,0,0.12517809091077478,2,-0.7713094968513015,0
4,9865,0,1,1,-0.7109655393449543,2,0.1846576034696566,0
6,6883,1,0,0,1.4134586471566388,0,-0.3266158613069889,0
5,6939,2,1,0,-0.8430968784470944,2,-0.5822525936953115,0
1,2869,2,0,0,0.571121360380497,0,-1.1591121589097773,0
5,5606,1,0,0,1.1615832819931848,0,-0.8554452014533539,0
7,3984,2,0,1,-0.6098024828448785,1,-0.4654066496072249,0
2,1701,2,1,1,-0.9917446349370017,2,0.4966884449465597,0
9,8057,3,0,0,0.2738258474006821,0,1.3580856883230847,0
6,5473,3,0,0,-0.19689204815069125,1,-0.7829858101868225,0
8,4036,3,0,0,0.9014497081358469,2,-1.0488910734517736,0
8,1292,1,1,0,-0.17831107858945278,0,-0.4500866640251583,0
3,6252,2,0,1,-0.7894185219368498,2,-0.2940712432867067,0
6,5599,3,0,0,-0.35379801333448235,1,-1.1498373568276614,0
8,6496,1,0,0,-0.9298080697328737,2,-0.10377217913757626,0
9,3389,0,1,0,-0.9772927697227051,0,-0.7044812354203405,0
2,6423,2,0,0,0.12724264308424568,0,-0.7790108950087727,0
5,5036,2,0,1,-0.5375431567733957,2,-0.25684781885892866,0
6,7169,0,1,0,1.4712661080138252,1,2.3928057956091524,0
2,1619,2,1,0,-0.6861909132633031,2,-0.33696720291649335,0
0,5748,1,1,0,-0.9009043393042804,0,-1.0354757347258559,0
7,2761,2,0,0,0.7940929951153579,0,-0.28073871529366495,0
9,9354,1,1,0,0.7569310559928811,2,-0.8516359077410561,0
3,7244,2,0,0,-0.9896800827635308,0,-0.8062556261249886,0
3,5383,2,0,0,-0.5437368132938085,1,-0.4818859854495561,0
3,6162,2,0,0,-0.4900584567835642,2,2.6390021044496073,0
5,9088,2,0,1,0.6433806864519799,2,-0.24016145618440743,0
3,1095,0,1,1,-0.054437948181196676,1,-0.6914799503588027,0
8,9553,0,0,1,0.9344825429113819,0,-0.51418217127121,0
6,5930,2,0,0,-0.5272203959060411,2,0.5403297011722307,0
1,4190,3,1,0,-0.3599916698548952,0,-0.5012636969425486,0
1,4569,0,0,0,-0.9360017262532863,2,-0.4739361550934566,0
6,5839,1,1,0,0.4162799473701768,0,1.1729208896122685,0
0,9478,1,1,0,0.11072622569647818,0,-0.9154829827884798,0
4,4655,0,0,0,1.3143601428300342,1,-0.061207462439293946,0
6,1996,1,0,0,-0.9876155305900597,0,-0.22798827845163017,0
6,8743,3,0,0,-0.2423121959670519,2,-0.9561430526306135,0
5,4710,0,0,1,-0.7130300915184252,0,-0.622581420605941,0
2,2621,1,0,0,-0.34347525246712773,0,-0.28272617288268986,0
3,2918,0,0,0,1.4898470775750636,0,-0.12165929743880002,0
9,1736,0,0,0,0.38118256042117094,1,0.702804359075013,0
1,7273,2,0,0,-0.6036088263244657,0,0.62222951598663,0
6,5127,0,1,0,-0.2794741350895287,0,-0.6846894702629679,0
3,6769,0,1,0,-0.31663607421200557,0,-0.5851509693459728,0
1,4892,1,1,1,0.5979605386356192,2,-0.5445737102367152,0
0,3252,2,1,1,1.2710045471871443,2,0.8048271819782892,0
3,8932,2,0,0,1.3081664863096212,1,0.39789524062544884,0
2,3624,3,0,1,-0.43638010027331986,1,0.13964997015153108,0
3,8433,0,1,0,-0.8947106827838677,2,0.9097483805322265,0
7,8645,1,0,1,-0.7419338219470184,0,0.49039482924798106,0
0,5602,0,0,0,-1.012390156671711,1,-0.4158444259809174,0
1,3517,0,0,0,-0.15973010902821436,1,-0.5287568602573923,0
3,9779,0,1,0,-0.529284948079512,1,-0.27982779723202855,0
7,8976,3,0,0,-0.5685114393754597,1,-0.8808680964462968,0
5,1585,2,0,0,-0.7935476262837918,2,0.6371354479043166,0
8,5281,1,1,0,1.4341041688913485,0,1.6744226879095416,0
3,8099,0,0,0,-0.027598769926074525,2,0.7913290325194954,0
6,1694,3,0,1,-0.6923845697837159,1,0.4519706491935003,0
4,6919,0,1,0,-0.6139315871918204,0,1.3199927512001082,0
0,1052,3,0,0,-0.5808987524162853,1,-0.5193992474424004,0
1,4668,0,0,0,-0.9277435175594025,1,0.5779257738979509,0
0,3599,0,0,0,0.42866726041100234,1,-0.8436860773849568,0
1,8267,2,0,0,-0.4673483828753839,2,1.6435342845467802,0
2,6942,0,0,1,-0.4343155480998489,1,-0.06981977865840161,0
5,1606,0,0,0,0.38944076911505465,0,-0.6984360519203898,0
8,2429,1,1,0,0.47821651257430486,0,-0.5793542180446503,0
6,5972,0,1,1,-0.7667084480286697,2,-0.580844811236419,0
7,3419,2,0,1,0.49679748213554326,0,0.7064480313215586,0
0,8884,2,0,0,1.0500974646257542,1,-0.4572083870524974,0
9,7821,0,0,0,-0.6159961393652913,1,-0.26127819306779654,0
0,5076,3,0,0,-0.8183222523654431,1,-0.3909598007516687,0
6,6238,3,0,0,1.3122955906565628,1,1.8960242090858137,0
2,6323,1,0,0,-0.0007595916709523786,0,-0.8591716844327754,0
1,3532,1,0,0,-0.050308843834254706,0,0.15799254748357297,0
1,1667,2,0,0,1.149195968952359,1,-0.8621114654498747,0
3,6385,3,0,0,-0.22579577857928437,0,-0.6904862215642904,0
6,8891,2,1,0,-0.59122151328364,2,-0.48875927627826704,0
4,9225,2,0,0,-0.205150256844575,0,1.7104453567106175,0
4,8059,3,0,0,-0.8472259827940362,2,-1.0416865396915584,0
3,1233,0,0,0,0.6867362820948694,1,-1.007899760678136,0
3,8802,2,0,0,-0.5994797219775239,1,-0.38011159474490797,0
3,5191,2,0,0,0.20363107350267035,2,-1.0109637577945492,0
5,6891,2,0,0,-0.7894185219368498,2,-0.9927453965618214,0
6,7063,0,0,0,-0.6345771089265296,0,-0.04522499099421895,0
0,4452,0,1,0,0.4162799473701768,2,2.1269833430770775,0
5,1250,0,0,0,-0.08334167860978971,0,0.49470098735753476,0
4,4745,0,0,0,1.248294473278964,2,-0.0895287330828981,0
4,4254,3,0,0,-0.24850585248746465,2,-0.12165929743880002,0
6,1606,0,0,0,-1.0165192610186529,1,-0.5572437523667487,0
1,3053,2,0,0,1.1347441037380626,2,0.21053595749341775,0
1,9480,1,0,0,-0.5127685306917444,0,0.34286750862932297,0
3,7463,1,0,0,0.5298303169110783,0,0.2406790642602949,0
4,1754,3,0,0,0.2118892821965541,0,-0.4610176807647951,0
9,3124,1,0,1,-0.06269615687508043,0,-0.5304130749149131,0
4,7847,3,0,1,-0.8596132958348617,0,0.9751688595042949,0
7,7067,1,1,1,1.0996467167890567,0,1.8722161233839534,0
0,3336,2,0,0,-0.31663607421200557,2,-0.521138272832797,0
0,6586,0,0,0,0.924159782044027,0,0.5652971371343555,0
2,2739,1,1,0,-0.59122151328364,1,-0.7252667293722255,0
0,8203,0,0,0,0.22221204306390874,0,-0.014792046662275737,0
9,6553,0,1,0,-0.23611853944663902,1,0.41984008483759844,0
0,4068,0,0,1,0.9014497081358469,1,-0.36578533795735385,0
2,6725,2,0,0,-0.9690345610288214,1,0.2094180125995913,0
0,2235,1,0,0,-0.5189621872121573,2,0.5108490802683618,0
3,8896,1,1,0,0.08595159961482693,2,2.0434273136051577,0
8,5194,0,0,0,-0.11637451338532472,2,-0.497785646161755,0
3,2575,1,1,0,-0.6799972567428904,1,-0.08919749015139403,0
3,2049,2,0,1,2.1732138469939435,0,-0.7771890588854999,0
8,3869,3,0,0,-0.4508319654876164,2,0.03742012041606474,0
2,1859,2,0,0,0.9427407516052655,1,0.5312205205558667,0
9,6222,3,0,0,-0.08953533513020258,0,-0.9715458489455561,0
7,2682,3,1,0,2.160826533953118,1,-0.160580341890537,0
5,3416,0,1,0,0.7507373994724684,1,-0.38342402405994946,0
2,9731,3,0,1,-0.8265804610593268,0,-0.1555288871850988,0
5,1787,0,0,1,2.7781276338209278,2,-0.9658319083771096,0
6,3532,3,0,0,1.126485895044179,1,0.578091395363703,0
4,7194,0,1,0,-0.7832248654164372,1,-0.3883098572996355,0
3,6832,1,1,0,0.5607985995131424,1,-0.7222027322558121,0
1,2450,0,0,0,-0.046179739487312924,0,-1.0398647035682858,0
9,6127,0,1,1,-0.3455398046405987,0,0.8237080290740254,0
6,1567,3,1,0,1.3639093949933363,2,-0.6352514627359744,0
0,1846,1,0,0,-0.3310879394263021,0,-0.7271713762283742,0
8,2600,3,0,0,-0.29599055247729616,0,-0.0790117700076417,0
9,2351,0,0,0,0.4038926343293511,1,0.028973425662709232,0
6,9108,0,0,0,-0.02966332209954542,2,-0.49828251055901124,0
6,8010,3,0,0,-0.06269615687508043,2,-0.8222380975700635,0
6,9083,3,0,0,-0.32282973073241833,1,-1.0026826845069456,0
3,2267,2,1,0,0.30479413000274624,1,1.114456512201787,0
9,3171,0,0,0,-0.025534217752603634,0,-0.5861446981404853,0
6,4477,2,1,0,0.1953728648087866,1,0.1491317990658372,0
7,3117,0,0,1,1.5827519253812556,0,1.1470011302220693,0
2,8742,2,1,1,1.3288120080443304,1,-0.5133540639424498,0
9,6835,1,0,1,-0.9731636653757633,0,-0.724107379111961,0
3,5915,0,0,0,-0.9256789653859316,1,-0.6285437933730156,0
4,2494,2,0,0,-0.6614162871816519,1,1.2963916923304382,0
5,2925,1,0,0,-0.31457152203853456,2,0.34075583494098405,0
3,5857,3,1,0,0.06530607788011764,1,-0.9408230670485469,0
9,7183,1,0,0,2.0968254165755185,0,1.2080326403517079,0
1,4689,1,1,1,-0.5024457698243898,0,1.0404237170106112,0
3,1001,2,0,1,-0.5045103219978607,1,-0.8413673768644278,0
9,1567,2,0,0,-0.021405113405661667,2,0.5935770024115216,0
9,9816,2,0,1,-0.624254348059175,0,-1.047400480260005,0
4,4731,3,0,1,2.5179940599635895,2,-0.10907206604164268,0
1,1333,1,1,0,-0.5354786045999248,2,-1.0687656493420221,0
6,1955,1,0,1,-0.6861909132633031,0,0.09033617872385177,0
8,4734,3,0,0,-0.7481274784674312,0,-0.8536233653300811,0
2,5836,0,0,0,0.8023512038092419,2,0.7015621980818725,0
1,7875,0,0,0,-0.758450239334786,2,0.0032192877382619662,0
4,2288,0,0,0,-0.09985809599755721,1,-0.9823112442194407,0
8,7381,2,0,0,-0.911227100171635,1,-0.30433977416333513,0
6,2320,2,0,0,0.3976989778089384,0,1.3615637391038784,0
3,6025,1,1,0,-0.7501920306409021,1,-0.16066315262341294,0
4,8975,1,0,0,2.140181012218408,0,2.5644724448611753,0
8,2964,1,0,0,-0.06063160470160953,2,2.1415580320632603,0
2,5216,2,0,0,-0.07095436556896417,2,0.24130014475686506,0
2,1992,0,1,0,-0.02346966557913256,1,0.4496933540394094,0
7,9901,3,0,1,0.800286651635771,0,0.382161201379002,0
5,5107,2,1,0,-0.8121285958450302,0,0.9119842703198796,0
6,6533,1,1,0,-0.9545826958145249,1,-0.5780292463186337,0
3,3198,2,0,0,-0.170052869895569,2,-0.1348262039660897,0
2,4647,0,1,0,-0.33315249159977306,2,-0.6039076003423949,0
1,4993,1,1,1,-0.8616778480083327,1,-0.7279166728242586,0
9,3245,3,1,0,2.18766571220824,2,-0.2994539409236491,0
7,7388,2,0,0,-0.12256816990573757,2,-0.38433494212158587,0
8,7697,3,0,0,0.30272957782927534,2,0.2904069093523544,0
7,1413,2,0,0,0.49266837778860145,0,2.109096224775854,0
5,3435,2,1,0,-0.4054118176712558,1,-0.4327792208540668,0
5,3323,3,1,0,1.089323955921702,0,-0.6732615891260749,0
1,2302,0,1,1,1.060420225493109,0,1.2722937690635117,0
2,6828,2,0,0,0.22427659523737964,1,-0.0627808663639386,0
3,9910,1,0,0,-0.5519950219876923,0,-0.03487364938471448,0
3,7869,3,0,1,-0.6201252437122332,2,0.4939556907616504,0
2,9245,1,0,0,-0.6634808393551228,2,2.4850569520330565,0
2,5581,1,1,0,-0.6758681523959484,2,-0.8669558933231228,0
7,5228,3,1,0,1.1636478341666556,1,-0.22923043944477065,0
1,2095,1,0,0,-0.8121285958450302,0,-0.6056880310992298,0
4,1761,3,1,0,0.14582361264548407,2,-0.8036884934058315,0
7,2583,1,0,0,-0.07508346991590596,0,1.7454742967171804,0
1,6360,2,1,0,0.8147385168500676,2,0.33644967683143034,0
5,9589,0,0,0,-0.9669700088553504,1,0.6732409274382681,0
4,4952,0,0,0,-0.34347525246712773,2,-0.7794249486731529,0
5,3544,3,0,0,-0.01727600905871988,2,1.3478999681793322,0
1,1241,2,0,0,-0.7976767306307336,2,-0.29895707652639286,0
2,4410,3,1,1,0.7713829212071778,1,-1.049967612979162,0
8,2709,2,0,0,0.3626015908599325,0,-0.7365289890433664,0
3,6820,1,1,0,-0.8079994914980884,1,0.03154055838186636,0
2,6697,2,0,0,-0.19895660032416215,0,-0.9537415413772085,0
2,1865,2,0,0,-1.0185838131921239,2,-0.2980047530983184,0
1,5273,2,1,0,0.1933083126353157,2,0.6592873189486561,0
2,5062,2,0,0,-0.6944491219571868,0,-0.4370853789636207,0
1,5053,1,1,0,0.5773150169009099,2,0.0870237494088103,0
2,2286,0,0,1,-0.8410323262736232,2,2.107274388652581,0
1,2982,3,0,0,-0.17624652641598187,1,-0.6213392596128006,0
4,7494,3,0,0,-0.6015442741509948,0,0.4950322302890391,0
0,6303,2,0,0,0.1912437604618448,0,-0.025019172172466235,0
0,4951,1,1,0,0.734220982084701,2,0.6664504473424332,0
0,8565,1,0,0,2.4581220469329326,2,-1.0459098870682364,0
1,4864,1,0,0,0.17679189524754818,1,-0.6740068857219593,0
5,8638,0,0,1,-0.8245159088858558,1,-0.8701027011724122,0
6,2681,2,1,1,-0.41986368288555237,2,-0.4413087263402985,0
1,1251,1,1,0,-0.6283834524061169,2,-0.26873115902663974,0
4,9529,1,1,0,2.0699862383203964,1,-0.41870139626514064,0
2,8233,0,0,1,-0.5210267393856282,2,-0.9830565408153251,0
9,6799,1,0,0,0.2118892821965541,0,-0.6876706566465052,0
0,8699,2,1,0,2.472573912147229,1,0.538756297247586,0
3,3314,1,0,0,0.827125829890893,2,-0.966411583507242,0
6,1675,0,0,1,-0.9545826958145249,1,0.4216619209608712,0
7,1153,2,0,0,-0.5664468872019888,1,0.5237261492305854,0
9,2770,0,1,0,-0.5272203959060411,1,0.18416073907240027,0
3,1949,3,0,0,-0.8802588175695711,2,0.16047686946985415,0
8,2723,2,1,0,-0.5334140524264538,2,-0.7900247224812855,0
8,8109,1,0,0,1.0088064211563355,0,-0.7920121800703104,0
5,6598,0,1,0,-0.5375431567733957,1,0.45097692039898785,0
5,2208,2,0,1,-0.3021842089977089,1,-0.5737230882090799,0
3,5948,0,1,0,0.3997635299824093,2,0.5167286423025603,0
0,9651,3,0,0,-0.595350617630582,2,-0.5773667604556255,0
9,5340,3,0,0,-0.430186443752907,2,-1.1831272714438277,0
0,4913,1,1,0,2.571672416473834,2,-1.0295961726916574,0
2,6388,1,0,0,-0.9380662784267574,2,-0.4755095590181014,0
2,2910,1,0,0,1.6157847601567905,2,1.61951917201273,0
9,2478,3,1,0,-0.30631331334465084,1,1.0036557516136513,0
6,9350,3,1,0,0.15201726916589695,2,-0.04505936952846681,0
6,7950,0,0,1,-0.5808987524162853,1,-0.7067171252079933,0
0,4980,2,0,0,-0.9050334436512224,0,-1.0803591519446671,0
8,5179,0,0,0,-0.6469644219673554,0,-0.6945439474752161,0
6,6132,2,0,0,-0.22992488292622626,0,-0.8595857380971557,0
6,8100,2,0,0,-0.3971536089773721,1,-0.12596545554835392,0
9,6815,3,0,0,-0.10398720034449918,2,0.003550530669766044,0
7,3058,2,1,1,-0.1390845872935051,2,-0.1269591843428664,0
4,9426,3,0,0,-0.8389677741001523,2,1.3141131891659097,0
4,1072,0,0,1,-0.6304480045795878,1,0.8707445253476136,0
2,5709,2,1,0,1.1946161167687197,2,-0.5420893882504342,0
6,2268,1,0,0,-0.3847662959365465,0,2.461124650231882,0
2,7869,1,0,0,0.5876377777682645,1,-0.7660924206801113,0
5,6729,2,0,0,0.602089642982561,0,-0.5727017558369419,0
0,2849,1,0,0,-0.624254348059175,1,-0.6636555441124549,0
6,9255,3,0,0,-0.8658069523552745,0,0.5508466642474871,0
1,3289,3,0,0,0.38944076911505465,0,-0.2634312721225734,0
7,5539,0,0,0,-0.054437948181196676,1,1.977013105838577,0
9,7932,0,0,1,-0.43844465244679076,2,1.3668636260079448,0
8,2222,0,1,0,-0.9029688914777515,0,0.36965678071472063,0
7,8609,3,0,0,-0.6304480045795878,0,-0.8103961627687903,0
6,4588,2,0,0,2.177342951340885,1,-0.2525830661158128,0
5,8722,3,0,0,0.6702198647071018,1,-0.7513521102281768,0
7,2222,0,0,0,1.4568142427995285,2,-0.9262897834288025,0
6,3515,1,1,0,0.12724264308424568,2,-0.34168741469042735,0
2,4283,0,0,0,-0.31663607421200557,0,0.8734772795325229,0
9,6905,1,0,1,-0.14527824381391777,0,-0.17084887276716537,0
4,9639,0,1,0,-0.9442599349471701,1,-0.7406695256871682,0
3,2644,3,0,0,-0.4116054741916686,2,1.2411569335021222,0
2,8373,2,0,0,0.5917668821152063,2,1.4058674811925573,0
6,3641,1,0,0,0.6598971038397474,1,-0.9329560474253235,0
5,3870,1,1,1,-0.4343155480998489,0,-0.7689493909643343,0
0,8188,1,1,0,1.0088064211563355,0,-0.7503583814336644,0
4,9442,3,1,0,-0.6738036002224775,2,-0.054002928679078785,0
1,2693,1,0,0,0.5153784516967816,2,-0.5873868591336258,0
0,7709,1,0,0,0.09008070396176888,2,-1.0009436591165488,0
3,2609,0,0,0,-0.8430968784470944,2,0.5071640026553781,0
6,8606,3,0,0,1.9481776600856113,0,0.5072882187546923,0
1,2969,3,0,1,-0.4900584567835642,2,0.7798183406497263,0
6,5149,1,0,0,-0.21340846553845877,0,-0.8628153566793211,0
5,8728,0,1,0,-0.7047718828245415,0,-0.573888709674832,0
7,4665,0,0,0,-0.5148330828652155,2,1.324050477111034,0
3,5049,0,0,0,-0.8575487436613908,2,1.0761151428801827,0
7,7855,1,0,1,-0.49418756113050605,0,-1.0183339130205165,0
1,1121,3,0,0,-0.7006427784775997,2,1.2845497575291651,0
9,5885,0,0,0,0.25111577349250197,1,-0.29622432234148366,0
2,7840,2,0,1,1.120292238523766,2,-0.7247698649749693,0
1,1612,1,0,0,1.450620586279116,0,-0.09068808334316274,0
7,4156,3,1,0,-0.04411518731384203,2,-0.4548068757990924,0
5,8980,2,0,0,-0.9174207566920479,0,-0.802529143145567,0
9,7129,0,0,0,2.8338705425046427,1,0.05746031777206555,0
7,7881,3,0,1,-0.2712159263956449,2,-0.09549110584997268,0
8,1315,1,0,1,-0.5788342002428144,2,-0.996637501006995,0
5,4493,1,0,1,-0.9215498610389898,1,-0.09400051265820421,0
2,1995,3,1,0,-0.9070979958246933,2,-0.31676138409474064,0
3,8744,0,0,0,-0.5643823350285179,1,-0.7871263468306243,0
4,4895,1,0,0,0.5958959864621483,2,-0.6211736381470484,0
9,9721,2,1,0,0.42866726041100234,2,1.3945224107885403,0
6,7546,0,0,0,-0.8513550871409781,1,-0.05640443993248376,0
1,6870,3,1,0,-0.8926461306103967,2,-0.9441354963635882,0
9,6938,3,0,0,-0.4343155480998489,1,-0.38607396751198253,0
6,2468,3,0,0,-0.915356204518577,0,-0.7345415314543415,0
1,9534,1,1,0,0.14582361264548407,1,-0.16674974148980154,0
3,4543,3,0,0,-0.9979382914574145,0,0.765409273129296,0
7,7142,3,1,0,-0.9669700088553504,2,-1.0967556770541222,0
8,8523,1,0,0,-0.3476043568140696,2,-0.7279994835571347,0
0,9262,3,1,0,-0.463219278528442,2,0.035101419895535724,0
3,8904,1,1,0,0.4493127821457118,2,-0.06451989175433537,0
5,3627,3,0,0,-0.7749666567225534,0,-0.7119342013791836,0
9,5772,0,0,1,0.5257012125641365,2,1.2683188538854617,0
8,9141,2,0,1,0.3109877865231591,2,0.6249622701715394,0
5,9191,0,0,1,0.3976989778089384,2,0.021768891902494075,0
2,1181,1,1,0,-0.3372815959467149,1,-0.01640685595335857,0
5,8332,3,1,0,-0.09159988730367347,0,-0.6175299659005028,0
8,3459,0,0,0,-0.7687730002021406,1,-0.6004709549280394,0
6,8552,1,1,0,0.3398915169517521,1,-0.9997843088562843,0
6,3161,3,0,1,-0.03792153079342917,0,-0.038848564562764254,0
3,5965,2,0,1,-0.624254348059175,2,0.4897323433849727,0
7,2464,1,0,1,0.06943518222705942,1,0.8170003597110664,0
7,2226,2,1,0,-0.44463830896720363,2,0.46538598791941815,0
8,3096,0,0,0,-0.8761297132226291,1,0.3664271621325554,0
9,2161,2,0,0,-0.886452474089984,1,-0.6531385810371982,0
5,4219,0,1,0,-0.7605147915082568,0,0.7977882696838262,0
4,3446,0,0,0,-0.170052869895569,1,-0.011396806614358379,0
8,3577,3,0,0,-0.42399278723249423,1,0.457850211227699,0
9,3864,3,0,1,-0.9979382914574145,2,-0.5931007997020722,0
1,3861,2,1,0,-0.7501920306409021,0,0.25628888740742756,0
3,7723,3,0,0,-0.948389039294112,2,-0.18310486123281872,0
1,1280,3,1,1,-1.0000028436308854,1,0.1035030852511415,0
3,3350,2,0,0,0.019885930063757093,1,-1.1009790244308002,0
1,4510,2,0,0,-0.562317782855047,2,0.14863493466858096,0
2,2924,0,1,0,0.1045325691760655,0,-0.8691089723778999,0
0,3442,0,1,1,-0.4508319654876164,2,-0.506977637510995,0
2,5104,0,0,0,0.16646913438019353,2,0.6624755321643836,0
1,5807,2,0,1,0.8147385168500676,2,1.007133802394445,0
6,1077,3,1,0,-0.1514719003343306,0,0.8975752027994492,0
5,4364,3,1,0,-0.5437368132938085,0,1.5242868292052887,0
8,1914,1,0,1,0.007498617022931373,2,0.922501233395136,0
0,8841,1,0,0,-0.01727600905871988,0,-0.16505212146584286,0
3,2371,2,0,0,0.49473292996207235,0,-0.8667902718573708,0
8,9433,0,1,0,-0.22786033075275527,1,1.342227432977324,0
5,6160,0,0,0,-0.7047718828245415,2,0.04859956935432977,0
5,9759,2,0,0,0.25318032566597287,2,-0.7375227178378787,0
8,1590,1,0,0,-0.9380662784267574,0,-0.39079417928591664,0
2,2072,1,0,0,0.346085173472165,0,-0.7154950628928533,0
0,4892,3,0,1,0.9117724690032014,2,-0.6653117587699755,0
8,4294,3,1,0,-0.42399278723249423,2,0.39739837622819263,0
5,1244,0,0,1,0.346085173472165,2,-0.7160747380229854,0
5,5278,1,1,0,0.6991235951356951,1,1.7612911466965033,0
4,8384,1,1,0,-0.9607763523349375,1,-0.1919656096505545,0
4,8709,2,0,0,0.8168030690235385,2,-0.721705867858556,0
8,7726,0,1,0,-0.9876155305900597,1,-0.24181767084192807,0
5,4975,0,0,1,0.34195606912522303,2,-0.19900452194501758,0
4,3405,2,0,0,-0.2443767481405228,1,-0.026716792196424977,0
9,7405,2,1,0,-0.9339371740798154,2,-0.5579062382297569,0
4,8210,2,0,0,-0.30424876117117994,2,0.15948314067534167,0
9,1453,1,0,0,-0.9876155305900597,1,-0.35319810656019635,0
4,9156,1,0,0,-0.2753450307425868,1,-0.5617983426749307,0
0,5644,3,0,0,0.3626015908599325,2,0.9461851029976823,0
7,9798,3,0,0,0.7238982212173461,0,-0.7357008817146059,0
8,5361,0,0,0,-0.21547301771192964,0,-0.809733676905782,0
1,5913,1,1,0,0.8539650081460153,1,0.291649070345495,0
1,2300,1,0,0,0.9860963472481553,1,0.7511658270746179,0
1,7345,2,0,0,-0.5540595741611632,2,-0.9755207641236059,0
2,1722,2,0,0,-0.8720006088756873,0,0.820644031957612,0
9,6728,0,1,0,-0.09779354382408632,0,-0.15130553980842093,0
6,1219,1,1,0,-0.6923845697837159,0,0.022596999231254383,0
7,6635,2,1,0,0.6598971038397474,0,2.450276444225122,0
2,8824,2,1,0,-0.22786033075275527,0,-0.014088155432829557,0
3,1383,1,0,0,-0.07508346991590596,0,-0.5784432999830139,0
5,9548,0,0,0,-0.4694129350488548,2,0.9161248069636814,0
5,6645,3,0,1,-0.006953248191365055,0,-0.8460875886383618,0
8,9581,3,0,0,-0.2774095829160578,2,0.7051230595955419,0
9,6903,2,0,0,-0.31663607421200557,0,-0.9212797340898022,0
0,2632,2,0,0,-0.8637424001818036,2,2.8614317329546397,0
2,5245,3,1,0,0.26969674305374036,1,-0.19080625939029,0
6,5395,1,1,0,-0.03379242644648738,1,0.1309134378331094,0
8,8658,2,0,0,-0.09779354382408632,1,0.06830852377882626,0
6,1049,1,1,1,-0.6139315871918204,1,0.5285291717373954,0
1,2209,1,0,0,-0.5685114393754597,2,-0.9076159631652564,0
0,5063,1,0,0,0.280019503921095,1,-0.4688432950215804,0
9,7748,2,0,1,-0.06063160470160953,1,0.29545836405779263,0
6,3291,0,0,1,1.1533250732993008,0,0.008850417573832462,0
0,1959,1,0,0,0.44724822997224073,1,-0.1313481531852963,0
4,2395,3,0,0,-0.03172787427301631,1,-0.25096825682473006,0
6,7114,3,0,0,-0.45909017418150017,2,-0.5335598827642024,0
6,9943,1,1,0,-0.9710991132022923,0,0.8493793562655965,0
0,9721,3,0,0,-0.2237312264058134,0,-0.16033190969190886,0
5,2191,1,0,0,-0.5396077089468667,1,-0.5317794520073676,0
3,4141,0,1,1,-0.49212300895703515,0,2.769014955064984,0
2,9770,0,0,0,-0.7150946436918962,1,-0.9253374600007281,0
0,9979,2,1,0,-1.0061965001512982,1,-0.4318683027924304,0
0,9407,3,0,0,-0.42399278723249423,1,-0.4774970166071262,0
4,8667,1,0,1,-0.02346966557913256,0,0.7235070422940221,0
8,8824,0,0,0,-1.0061965001512982,0,-0.48068522982285355,0
0,3620,1,1,0,-0.6861909132633031,1,-0.793502773262079,0
3,5930,1,0,0,-0.8761297132226291,0,-0.848654721357519,0
9,8409,3,1,0,1.9853395992080882,2,-0.6785614760301413,0
5,8292,3,0,0,-0.7460629262939602,1,-0.21159175334217503,0
1,1690,2,0,0,-0.9876155305900597,0,-1.0464067514654927,0
2,1398,1,0,0,-0.820386804538914,1,0.7440441040472788,0
8,8821,1,0,0,-0.26915137422217406,2,-0.4586989802442661,0
8,4323,3,1,0,1.6075265514629071,2,-0.47700015220986997,0
3,4357,1,0,0,2.0637925817999836,1,-0.1996670078080259,0
2,2512,2,1,0,1.4671370036668832,0,-0.7275854298927545,0
6,2338,1,0,0,2.5758015208207756,0,-0.8826899325695696,0
7,7351,1,0,0,-0.8018058349776755,0,-0.43733381116224873,0
4,3807,1,0,0,-0.5829633045897563,2,1.0824915693116373,0
1,8503,3,0,0,-0.41986368288555237,1,1.927078233914327,0
7,2878,3,0,0,0.8291903820643638,2,-0.14625408510298263,0
8,6532,2,1,1,-0.15973010902821436,1,0.5913411126238688,0
2,1799,1,1,0,0.7197691168704043,2,0.09273768997725675,0
3,2329,3,0,0,0.5938314342886772,2,0.41851511311158185,0
2,4175,3,0,1,0.275890399574153,1,-0.4236286348712649,0
5,6429,0,0,0,-0.7171591958653671,0,1.3304269035424885,0
3,2727,3,0,0,0.3584724865129906,2,-0.5715700091543029,0
6,1594,0,1,0,0.30272957782927534,1,-0.5092549326650859,0
3,3544,1,0,0,0.16440458220672266,2,-0.11669065346623787,0
2,7547,1,0,0,-0.36824987854877894,2,-0.38011159474490797,0
4,7995,0,0,1,-0.1514719003343306,0,0.4393006070634668,0
7,4327,3,0,0,0.41215084302323485,2,-1.033488277136831,0
0,5857,2,0,0,0.32337509956398464,0,-1.1482639529030165,0
2,2328,3,0,1,-0.5643823350285179,2,-0.6400544852427845,0
7,8228,3,1,0,0.49266837778860145,2,1.13068741584549,0
4,5210,3,1,0,-0.5127685306917444,0,-0.8706823763025445,0
8,8220,0,0,1,-0.9855509784165888,1,0.6515445154247467,0
6,9158,1,1,0,0.11072622569647818,2,-1.0050841957603507,0
0,3082,3,0,0,1.0686784341869924,0,2.0486443897763476,0
5,5908,3,1,1,-0.8327741175797395,1,0.11045918681272855,0
7,9856,3,0,0,-0.7625793436817278,2,-0.1243092408908332,0
1,1699,2,0,0,-0.40747636984472674,2,-0.06642453861048417,0
7,6126,1,0,1,-0.9855509784165888,2,-0.5179914649835077,0
6,3577,3,0,0,-0.35379801333448235,0,-0.7699845251252849,0
1,7326,2,1,1,-0.7935476262837918,2,-0.17474097721233905,0
3,4977,3,0,0,-0.6428353176204133,1,-0.8465016423027419,0
8,8640,2,0,0,-0.5829633045897563,0,0.7635460316395852,0
8,4685,2,0,0,0.5917668821152063,0,-0.5204757869697888,0
3,7671,0,1,0,2.065857133973455,0,0.5164802101039324,0
5,7664,2,0,0,0.9799026907277423,0,-0.130768478055164,0
3,3021,1,0,0,-0.9421953827736992,2,-0.8455079135082295,0
8,8425,2,0,0,-0.8389677741001523,2,0.23169409974324495,0
3,9087,3,0,0,-0.45496106983455825,1,-0.812052377426311,0
4,9889,0,1,0,0.028144138757640845,2,-0.9163110901172402,0
1,6262,0,0,0,1.15126052112583,1,0.36501937967366266,0
1,8455,2,0,1,-0.44463830896720363,1,-0.47054091504553913,0
4,5572,2,1,0,-0.21547301771192964,2,-0.4777454488057543,0
8,9333,0,0,0,0.42866726041100234,0,0.4268375917656234,0
0,3647,1,1,0,0.833319486411306,1,0.04007006386809797,0
8,9627,3,0,0,-0.6593517350081809,2,-0.285376116334723,0
2,7927,3,0,1,-0.5086394263448025,1,0.6740690347670284,0
4,6193,2,0,0,0.24079301262514713,2,0.6837578905135248,0
1,7729,3,0,0,-0.4838648002631514,1,-0.58813215572951,0
2,7330,2,0,0,-0.6799972567428904,2,-0.018766961840325502,0
4,9133,1,1,0,0.07562883874747228,2,0.10598740723742245,0
9,4168,2,0,0,-0.6118670350183495,0,-0.4505007176895385,0
0,7742,1,0,0,1.8098526644630584,2,-0.9440526856307123,0
3,9044,3,0,0,-1.0082610523247693,2,2.1163007585360694,0
2,8197,3,0,0,1.7726907253405815,2,-0.4721143189701838,0
3,7503,3,0,0,-0.2443767481405228,1,-0.14774467829475132,0
3,4628,2,0,0,2.604705251249369,2,-1.0479801553901373,0
5,1751,1,0,1,-0.2794741350895287,1,-0.6138448882875193,0
1,1503,0,0,0,2.3177324991369086,2,-0.400897088696793,0
3,4309,0,0,1,-0.1886338394568076,1,0.2865976156400567,0
8,4193,2,0,0,0.6867362820948694,1,0.5011602245218656,0
5,2625,1,0,0,-0.6283834524061169,2,-0.9353575586787285,0
3,5955,0,1,1,0.04466055614540835,2,1.0892820494074722,0
0,1019,3,1,0,-0.9938091871104726,0,0.013984683012146601,0
1,3930,2,0,0,-0.7956121784572627,1,-0.1740784913493308,0
4,8304,0,0,0,-1.012390156671711,1,0.03129212618323825,0
7,1066,2,0,1,1.4836534210546506,1,-0.5897055596541547,0
2,8033,1,1,0,0.3006650256558043,2,-0.14497051874340428,0
2,5203,3,0,1,1.2070034298095451,2,-0.12571702334972581,0
9,5742,1,0,1,1.475395212360767,0,0.02019548797784941,0
4,9879,3,1,0,-0.9504535914675829,2,0.37586758568042333,0
7,1100,3,0,0,0.6351224777580959,0,-1.0906276828212957,0
7,3852,0,0,0,-0.5168976350386864,2,-0.7083733398655141,0
8,2865,3,0,1,-0.5230912915590992,1,-0.5137681176068298,0
7,9568,1,0,0,-0.3496689089875405,0,-0.7944136913237154,0
5,7501,1,0,0,0.3646661430334034,2,0.23161128901036898,0
4,2522,3,0,1,-0.011082352538307022,1,-0.9465370076169933,0
8,1225,2,0,0,0.6908653864418112,2,-0.4550553079977204,0
0,4350,2,0,0,2.0472761644122164,1,-0.6881675210437614,0
1,9083,0,1,0,-0.8141931480185011,0,1.8781370907845902,0
3,2898,1,1,0,0.5835086734213225,0,-0.724107379111961,0
1,2769,2,0,0,-0.6139315871918204,2,-0.9433073890348279,0
7,8566,0,0,1,-0.08127712643631882,1,-0.9693927698907792,0
7,4768,0,0,1,-0.562317782855047,0,-0.5492939220106493,0
4,3885,1,0,1,-0.6923845697837159,2,-0.8275379844741297,0
7,1815,3,1,0,-0.38683084811001733,2,-0.045597639292161145,0
7,2319,3,0,0,-0.3847662959365465,2,1.6451904992043014,0
7,7564,3,1,0,-0.8616778480083327,1,1.0805869224554887,0
9,1816,3,0,0,0.07356428657400138,0,-0.8972646215557519,0
4,1152,2,1,0,0.9200306776970852,0,-0.7410007686186724,0
5,2277,1,0,1,-0.9463244871206411,0,-0.9784191397742671,0
7,9253,1,0,0,-0.8575487436613908,0,-0.6147144009827176,0
7,3444,2,0,0,1.6777213253609191,1,0.4927135297685101,0
7,4912,2,1,0,0.7321564299112301,2,-0.9286498893157696,0
4,7005,0,0,0,-0.19482749597722027,2,-0.32727834716999715,0
7,2688,0,0,0,1.7396578905650466,1,0.21053595749341775,0
9,3145,3,0,0,-0.7790957610694952,2,-0.4975372139631269,0
7,9308,2,0,0,0.8746105298807245,1,-0.07594777289122834,0
9,2288,3,0,0,0.10866167352300729,0,-0.30773501421125266,0
5,8267,2,0,0,0.8291903820643638,0,-0.9370137733362491,0
7,2868,0,0,0,-0.8245159088858558,0,-0.8615731956861805,0
6,9193,3,0,0,-0.8162577001919721,2,-1.0417693504244345,0
0,9819,3,0,0,-0.13082637859962132,0,1.0782682219349595,0
9,9507,3,0,0,-0.8781942653961002,0,-0.4591130339086462,0
3,4824,2,1,0,-0.8699360567022165,2,0.16076670703492024,0
7,2218,2,0,0,1.1595187298197138,2,-1.0024342523083176,0
5,3867,1,0,0,-0.6201252437122332,0,0.6234716769797706,0
4,5038,3,0,1,-0.9607763523349375,1,0.09240644704575267,0
3,8596,3,0,0,-0.2629577177017612,0,-0.7753672227622271,0
9,7660,0,0,0,-0.5705759915489307,2,-0.11958902911689909,0
0,9711,2,0,1,-0.9318726219063446,2,-0.9475307364115058,0
0,9125,3,1,0,-0.1906983916302785,1,-0.955066513103225,0
8,9212,2,0,0,0.860158664666428,0,-0.6981876197217617,0
8,5918,2,0,1,1.8057235601161166,2,-0.49869656422339137,0
3,1465,3,0,0,-0.34347525246712773,1,1.1834378526875249,0
7,8835,1,0,0,-0.8720006088756873,0,-0.05532790040509533,0
1,4470,3,1,0,2.8545160642393523,2,-0.4370025682307446,0
2,5220,1,0,0,0.8374485907582477,0,-0.7445616301323419,0
0,5570,2,0,0,-0.882323369743042,1,-0.4423024551348109,0
1,6591,0,0,0,-0.8988397871308095,0,-0.32823067059807154,0
2,5967,1,0,0,0.21601838654349606,2,0.4366506636114337,0
7,6726,3,1,0,-0.02966332209954542,0,-0.13656522935648654,0
6,9396,0,0,1,-0.5664468872019888,1,-1.1132350128964534,0
1,2658,1,0,0,-0.7398692697735474,2,-0.28744638465662387,0
7,9584,1,0,0,-0.26502226987523214,0,0.09232363631287648,0
8,2100,0,1,0,-0.3083778655181218,2,-0.3305079657521625,0
2,7813,3,0,1,1.1657123863401266,0,-0.8577639019738829,0
2,3391,0,0,0,2.6769645773208515,0,0.01315657568338641,0
1,7933,1,0,0,-0.9938091871104726,1,0.06110399001861111,0
4,4720,2,0,0,-0.9896800827635308,1,-0.09101932627466681,0
6,7353,0,0,0,-0.9029688914777515,1,-0.5737230882090799,0
7,3489,1,1,0,-0.21960212205887153,0,-0.8808680964462968,0
3,4080,2,0,0,1.1017112689625275,1,-0.6982704304546378,0
7,6615,2,0,1,0.20569562567614122,1,-0.46747691792912577,0
9,7464,3,1,0,0.3584724865129906,1,1.388642848754342,0
2,1791,2,0,0,-0.8699360567022165,0,-0.8813649608435531,0
3,2009,2,0,0,-0.7089009871714834,2,0.16710172809993687,0
2,4830,2,0,1,-0.021405113405661667,0,0.6968419863079383,0
9,9500,3,0,0,-0.8802588175695711,0,0.17240161500400328,0
7,2176,3,0,0,1.351522081952511,2,-0.9564742955621176,0
4,7448,2,0,1,-1.0165192610186529,2,-0.7179793848791344,0
3,8916,3,1,0,-0.6366416611000006,0,-0.3012757770469219,0
2,6549,0,0,0,2.9040653164026544,2,-0.495673972473416,0
5,8399,0,0,0,1.760303412299756,0,-0.6163706156402383,0
4,2269,2,0,0,0.9757735863808005,2,2.406883620198079,0
0,1565,3,0,0,0.06324152570664675,1,-0.7411663900844243,0
9,5668,3,0,0,0.0013049605025186968,2,-0.42764495541575265,0
3,2194,1,0,0,0.028144138757640845,1,0.0581228036350737,0
2,1882,2,1,0,-0.1514719003343306,1,1.3822664223228873,0
2,6020,2,0,0,-0.3125069698650637,1,-0.44598753274779446,0
0,3735,1,0,0,-0.7336756132531347,0,0.32825141427670274,0
0,9493,3,0,0,-0.44463830896720363,0,-0.42482939049796736,0
8,7132,1,0,1,-0.7852894175899081,1,-0.08638192523360878,0
0,4754,2,0,1,-0.5643823350285179,1,1.0967350153663156,0
2,2534,3,0,0,-0.9442599349471701,1,-0.8797087461860325,0
6,9264,0,0,0,0.04053145179846638,1,0.4277071044608217,0
0,5257,0,0,0,-0.5396077089468667,1,-0.6863456849204886,0
7,9683,3,0,0,-0.7543211349878439,2,-0.6752490467150998,0
4,2554,0,1,0,-0.9566472479879957,0,0.5304752239599825,0
1,6551,1,0,0,-0.8038703871511464,0,-0.1831876719656947,0
3,6491,0,0,0,2.472573912147229,1,-0.9198719516309097,0
9,9826,3,1,0,1.7726907253405815,2,0.9552942836140466,0
8,2683,0,1,0,1.0645493298400506,2,-0.9325419937609433,0
2,6341,0,0,0,0.6475097907989217,2,0.45917518295371546,0
7,4683,0,0,0,-0.7811603132429662,0,2.2954203737469343,0
6,6030,0,0,0,-0.886452474089984,1,-0.28314022654707005,0
1,1465,0,0,0,0.4555064386661245,0,0.8994384442891601,0
8,5019,3,1,0,-0.849290534967507,0,0.029056236395585192,0
2,2023,3,1,1,0.5236366603906654,2,-0.8892319804667765,0
7,4255,1,0,1,0.042596003971937274,0,-0.733464991926953,0
8,1628,0,0,0,-0.8038703871511464,0,-0.29630713307435974,0
0,5607,0,0,0,-0.6717390480490066,0,-0.3122896045194346,0
2,3922,3,1,0,-0.7646438958551987,1,-0.6913971396259269,0
9,2553,1,0,0,0.29240681696192056,1,0.15567384696304395,0
1,1963,1,0,0,1.1719060428605392,0,-0.6431184823591979,0
3,7380,1,1,0,-0.721288300212309,0,-0.495632567106978,0
4,7370,1,0,0,1.182228803727894,1,-0.027917547823127442,0
0,4087,2,0,0,0.24905122131903087,1,-0.585730644476105,0
5,9900,0,0,1,-0.042050635140370954,0,-0.08596787156922851,0
1,4407,2,0,0,0.1747273430740773,2,-0.05151860669279762,0
8,1294,0,0,1,0.38118256042117094,1,-0.8838492828298342,0
3,9631,0,0,0,-0.5272203959060411,0,-0.42516063342947147,0
8,6948,1,0,1,-0.8699360567022165,0,0.047274597628312987,0
6,7487,2,1,1,1.4299750645444063,0,-0.07909458074051766,0
4,7051,1,0,0,0.4885392734416595,2,-0.4605208163675389,0
1,5294,1,0,1,0.16440458220672266,0,0.31525012921516515,0
5,1028,3,1,0,-0.4425737567937326,1,0.13977418625084517,0
9,9606,0,1,0,-0.23198943509969716,1,-0.5106213097575405,0
0,3769,3,0,0,1.1017112689625275,1,-0.964424125918217,0
1,5837,2,1,0,-0.2815386872629997,1,-0.742491361810441,0
3,9865,2,0,1,-0.31457152203853456,1,-0.6649805158384714,0
7,5240,1,1,0,-0.5065748741713316,0,-0.40851567612138834,0
5,1697,2,0,0,-0.8513550871409781,1,-0.24413637136245708,0
7,9315,1,0,0,0.11691988221689104,0,-0.7681626890020121,0
5,3818,3,0,0,-0.15560100468127258,2,-0.7560723220021108,0
0,5091,1,0,0,-0.5932860654571109,1,-0.5451533853668475,0
8,8615,0,1,0,-0.5045103219978607,2,-0.8150335638098484,0
5,1834,0,1,0,0.827125829890893,1,0.2461859779965512,0
8,5187,1,0,0,0.4906038256151304,0,-0.5545938089147155,0
7,3227,2,0,0,-0.0028241438444232708,2,-0.26359689358832555,0
3,6194,2,0,0,-0.5334140524264538,0,-0.5165836825246151,0
9,2476,0,0,0,-0.8265804610593268,1,0.2565373196060557,0
4,9389,0,0,0,0.13137174743118765,1,0.5498529354529746,0
3,1882,2,0,1,1.08519485157476,1,0.3875438990159444,0
2,1581,0,1,0,0.21808293871696696,1,-0.7188074922078947,0
0,4078,1,0,0,-0.33315249159977306,1,1.8671232633120771,0
5,7177,1,1,1,-0.7027073306510705,0,-0.40222206042280956,0
1,8652,2,1,1,-0.14940734816085974,0,-0.9825596764180689,0
0,4044,0,0,0,-0.979357321896176,1,1.9368499003936994,0
4,7634,0,0,0,-0.9628409045084084,0,-0.044272667566144536,0
1,3463,2,1,0,1.543525434085308,1,-0.4101718907789091,0
1,8112,3,0,0,-0.849290534967507,2,0.12975408757284476,0
3,3505,2,0,0,-0.8513550871409781,1,-0.4972059710316227,0
9,5061,2,0,0,-0.2918614481303543,2,0.6349823688495395,0
1,5595,0,0,0,1.6612049079731512,1,-0.48345938937420074,0
2,9396,3,0,0,0.19743741698225747,2,-1.02181196380131,0
9,9057,0,0,0,-0.1886338394568076,1,1.3476515359807044,0
3,7971,2,0,0,-0.7089009871714834,0,-0.36967744240252753,0
7,3263,0,0,0,-0.31457152203853456,1,-0.8242255551590882,0
9,5338,2,0,0,-1.0041319479778272,2,-0.9419824173088113,0
1,6086,3,0,0,0.7238982212173461,2,-0.8449282383780973,0
8,6873,2,0,0,0.09420980830871067,0,0.2915662596126188,0
3,1459,1,1,1,-0.37031443072224984,0,-0.15180240420567717,0
9,9980,3,0,0,-0.6634808393551228,1,-0.16836455078088433,0
1,5903,0,0,0,-0.2567640611813484,0,-1.0995712419719075,0
4,5826,3,1,1,0.9076433646562596,0,-0.5041620725932098,0
4,9471,2,0,0,-0.0668252612220222,2,-0.708290529132638,0
5,3268,3,1,0,0.1396299561250714,0,-0.19652019995873646,0
8,9753,3,0,0,-0.5891569611101691,0,0.5193785857545936,0
5,8053,3,0,0,-0.6118670350183495,0,-0.5142649820040861,0
6,2692,2,1,0,0.7321564299112301,1,-1.0647907341639726,0
6,6885,1,1,0,-0.3785726394161336,2,-0.9217765984870585,0
3,7285,3,1,0,-0.7935476262837918,0,-0.8527124472684446,0
9,3496,2,0,0,0.37292435172728716,2,0.015392465471039228,0
4,8994,3,1,1,-0.8121285958450302,0,0.9817109074015019,0
9,1538,3,0,0,0.6722844168805727,2,-0.5846955103151545,0
4,6633,2,0,0,0.18917920828837373,2,-0.6732615891260749,0
3,2714,3,0,0,0.21601838654349606,0,-0.9708833630825479,0
7,2118,2,0,0,-0.624254348059175,2,-1.1475186563071325,0
2,1910,1,0,0,-0.10398720034449918,0,-0.892875652713322,0
0,2010,0,0,0,-0.18450473510986562,2,-0.9611116966031755,0
9,7106,1,0,0,1.4361687210648193,2,0.7069448957188149,0
2,8747,3,0,0,0.05498331701276299,2,-0.4808508512886056,0
4,1736,3,0,1,-0.28360323943647053,1,-0.5727017558369419,0
5,2921,0,0,1,0.8911269472684921,2,0.760275007690982,0
8,9222,0,0,0,2.12160004265717,1,-0.6946267582080922,0
0,8637,2,0,0,2.8338705425046427,2,-1.059242415061278,0
7,3727,1,0,1,0.8993851559623757,2,1.175984886728682,0
2,4988,0,0,0,-0.6510935263142972,0,-0.9474479256786297,0
4,7735,3,1,0,0.038466899624995485,1,-1.0676891098146337,0
6,7460,0,0,0,0.14995271699242604,0,1.3649175737853578,0
8,3330,2,1,1,-0.7295465089061928,2,0.007111392183435642,0
6,3630,1,1,0,-0.595350617630582,2,-0.09731294197324546,0
4,4293,0,1,0,0.04672510831887924,1,-0.09971445322665067,0
9,4501,1,0,0,0.5752504647274388,0,-0.7040671817559603,0
1,1072,1,0,0,-0.9132916523451061,2,-0.7176481419476302,0
5,4174,1,0,0,-0.7914830741103208,2,0.8536855143751504,0
0,3024,1,0,0,-0.8947106827838677,1,-0.42905273787464515,0
8,7526,1,0,0,0.8973206037889048,0,-0.8725870231586932,0
7,8733,3,0,0,-0.8843879219165129,2,-0.90670504510362,0
9,2024,3,0,1,-0.8389677741001523,0,2.0315025680710086,0
3,9598,3,1,0,-0.5870924089366982,2,-0.5954195002226013,0
8,5021,0,0,0,-0.6201252437122332,0,-0.7677486353376318,0
9,4851,0,0,0,0.015756825716815123,1,-1.0617267370475592,0
9,8181,3,1,1,-0.7419338219470184,1,-0.4330276530526949,0
5,1807,0,0,0,-0.8059349393246173,2,2.6693108326822363,0
7,1981,0,0,0,-0.9339371740798154,2,-0.8623184922820648,0
4,8900,1,0,0,-0.9236144132124607,1,-0.4811406888536717,0
5,7591,2,0,0,1.8098526644630584,1,-0.1493180822193961,0
9,8008,1,0,0,0.3667306952068743,0,-0.571901252085807,0
6,1002,3,0,0,-0.006953248191365055,0,-1.0319148732121863,0
1,8645,3,0,0,-0.4528965176610873,0,-1.0354757347258559,0
6,1858,0,0,0,0.07562883874747228,0,0.4646406913235338,0
5,6002,1,0,0,-0.3001196568242381,0,0.8439138478957782,0
1,2265,1,0,0,0.7858347864214744,2,-0.580844811236419,0
1,2807,0,0,1,-1.0041319479778272,2,-0.8329206821110722,0
2,6650,1,0,0,0.13550085177812943,0,-1.1336064531839585,0
8,4377,1,0,0,1.4712661080138252,0,-0.2840511446087064,0
0,3919,0,1,0,0.1747273430740773,0,-0.8948631103023469,0
1,1047,2,0,0,0.5649277038600842,2,-0.7539192429473338,0
4,5575,3,0,1,0.3584724865129906,1,-0.22508990280096886,0
8,9758,0,0,0,0.8560295603194862,1,-0.239333348855647,0
8,5017,1,0,0,0.06530607788011764,2,1.432035672781385,0
2,5231,1,0,0,0.4678937517069502,1,-0.3832584025941974,0
8,6758,3,0,0,-0.9917446349370017,0,-0.7621175055020614,0
6,4076,0,1,0,-0.8472259827940362,1,0.3325161670198185,0
7,2188,2,0,0,2.140181012218408,1,-0.6179026141984449,0
1,6878,2,0,1,-0.719223748038838,0,-0.6740896964548353,0
8,9225,2,0,0,-0.4694129350488548,0,2.472552531368775,0
6,8696,0,1,0,0.16646913438019353,0,-0.8495656394191553,0
0,3308,3,1,1,0.19950196915572854,2,-0.3060787995537319,0
1,8027,1,1,0,-0.31457152203853456,1,-0.8686121079806436,0
3,8827,0,0,1,0.3151168908701009,2,-0.6398060530441564,0
7,1891,2,1,1,-0.6758681523959484,1,0.698208363400393,0
9,6123,0,0,0,2.4147664512900424,2,-0.5846955103151545,0
3,9561,3,1,0,1.1987452211156615,1,2.6701389400109967,0
8,8365,2,1,1,-0.1886338394568076,2,-0.8173522643303774,0
0,5551,3,1,0,0.5855732255947934,0,-0.6459340472769831,0
6,3986,1,0,0,0.4555064386661245,2,-0.890308519994165,0
4,5399,2,0,0,0.2449221169720891,0,0.4326757484333841,0
8,1927,0,1,0,-0.1535364525078015,1,-0.7860498073032358,0
0,1901,2,0,0,-0.6036088263244657,1,2.037878994502463,0
2,5226,1,0,0,-0.08540623078326079,2,-1.176916466478125,0
6,7384,0,1,0,-0.07921257426284793,2,-0.6552088493590991,0
4,4745,3,0,0,2.567543312126892,1,0.5392531616448423,0
2,6523,3,0,0,1.0439038081053413,2,-0.5726465486816914,0
2,2125,1,0,1,-0.7646438958551987,0,-0.06642453861048417,0
0,4146,2,0,0,1.4031358862892842,2,-1.0327429805409467,0
6,2918,3,0,0,-0.8348386697532105,1,-0.3416046039575514,0
7,2588,2,1,1,-0.9091625479981642,1,-0.47418458729208474,0
2,5887,2,1,0,1.6612049079731512,2,-0.044065640733954574,0
8,9745,3,0,0,0.07356428657400138,0,-0.913412714466579,0
1,5820,3,0,0,-0.22166667423234251,2,0.5312205205558667,0
2,7633,2,1,0,0.7280273255642883,1,-0.40371265361457825,0
4,1550,3,0,0,1.9172093774835477,0,-0.2087347830579518,0
3,3231,1,1,0,-0.5458013654672794,1,-0.054002928679078785,0
5,6715,2,0,0,-0.5334140524264538,2,-0.84675007450137,0
1,7416,0,0,0,-0.7543211349878439,1,-0.10468309719921277,0
0,8266,2,0,0,-0.7563856871613149,1,-0.9446323607608444,0
9,6158,0,0,0,1.5146217036567147,0,0.0872307762410004,0
2,9721,0,1,1,-0.2237312264058134,0,-0.39518314812834654,0
9,2822,2,1,0,0.8457067994521313,0,-1.0645423019653444,0
0,8532,1,0,0,0.46582919953347934,2,-0.5114494170863009,0
7,5161,1,0,0,-0.7047718828245415,0,0.6394541484248456,0
8,2539,3,0,1,0.3522788299925777,2,-0.698891510951208,0
3,6430,0,0,0,-0.6469644219673554,0,0.33487627290678557,0
8,1505,3,0,0,0.2098247300230832,2,-0.6868425493177449,0
1,3764,2,0,0,-0.690320017610245,2,0.506874165090312,0
1,7767,1,1,0,0.06737063005358852,1,-0.4370025682307446,0
1,7239,1,1,0,2.4911548817084674,1,-0.7161575487558616,0
5,7597,3,0,0,-1.0061965001512982,1,-0.38975904512496623,0
7,3455,3,0,0,0.7115109081765207,2,-0.9518368945210596,0
3,3888,0,0,0,1.5930746862486105,2,-1.0807732056090475,0
2,2730,1,0,0,0.11691988221689104,0,-0.5943429606952128,0
3,6882,1,1,1,1.3288120080443304,1,-0.4288043056760171,0
2,6227,0,0,0,-0.9463244871206411,2,-0.5745511955378402,0
6,9139,0,0,0,-0.7068364349980125,0,-0.5430003063120705,0
0,7831,0,0,0,-0.5107039785182735,2,-0.17159416936304975,0
0,9547,2,1,0,0.10866167352300729,0,0.2017994251749961,0
6,1248,0,0,0,-0.9545826958145249,1,-0.3395343356356505,0
3,2496,2,1,0,-0.7130300915184252,1,-0.3529496743615682,0
7,5431,0,0,0,-0.4694129350488548,1,-0.41381556302545464,0
7,7463,2,0,1,0.007498617022931373,0,1.0527625162091405,0
2,4877,3,0,0,0.5029911386559561,0,-0.825633337617981,0
1,6638,1,0,1,0.49886203430901416,1,-0.2540736593075814,0
6,8006,2,1,0,-0.7254174045592509,2,-0.8162757248029889,0
9,6238,1,1,0,0.20363107350267035,2,0.04503870784066017,0
8,8074,2,1,0,0.09627436048218176,0,-0.9999499303220365,0
6,8800,1,0,0,0.5504758386457875,0,0.3941687576460273,0
2,4705,1,1,1,-0.3372815959467149,2,-0.8029431968099471,0
6,8864,1,1,0,0.10246801700259443,2,-0.3530324850944443,0
3,4113,3,0,0,-0.7935476262837918,2,-0.1643068248699585,0
1,1163,3,1,0,1.5910101340751395,0,-0.11437195294570887,0
2,7808,1,0,0,0.0013049605025186968,2,-0.4091781619843966,0
1,2582,1,0,0,-0.3476043568140696,0,0.3226202844411322,0
5,3088,2,0,0,0.10659712134953639,0,-0.8628981674121972,0
5,6851,2,0,0,0.4885392734416595,2,1.067088772996695,0
9,4950,1,0,0,-0.6428353176204133,2,1.582171531485638,0
7,2865,3,0,1,-0.7068364349980125,1,-0.9457917110211089,0
3,2430,3,1,0,-0.5829633045897563,2,0.21662254635980646,0
0,3219,3,0,0,-0.432250995926378,2,-0.7434850906049533,0
5,8122,3,0,0,2.1071481774428733,0,-0.10915487677451864,0
8,4358,0,1,0,-0.30424876117117994,2,-0.8616560064190566,0
2,7029,0,0,0,-0.9050334436512224,1,0.06938506330621463,0
5,8628,1,0,1,0.2738258474006821,1,-0.9370965840691252,0
7,4651,1,1,0,-0.7914830741103208,2,0.1875559791203177,0
9,2312,3,0,0,-0.7976767306307336,0,-0.31883165241664146,0
7,9623,1,1,0,0.20156652132919944,2,-0.12298426916481676,0
4,5736,3,0,0,-0.6779327045694193,1,-0.12994037072640358,0
4,5082,0,0,0,1.1801642515544233,0,0.4461738978921779,0
3,2312,1,0,0,-0.21340846553845877,0,-1.1201083037251645,0
1,9786,0,0,0,-0.9442599349471701,0,-0.4662347569359853,0
0,3376,1,0,1,-0.820386804538914,1,2.0085639950643466,0
9,8304,2,1,0,-0.9752282175492342,1,-0.6333468158798257,0
2,9850,0,0,1,-0.5416722611203376,0,-0.6928877328176956,0
5,6650,2,0,0,1.797465351422233,2,0.022762620697006544,0
8,3736,1,0,0,-0.43844465244679076,0,0.0893424499293393,0
3,4491,1,0,0,-0.4425737567937326,1,-0.4345182462444636,0
2,9000,1,1,0,-0.7089009871714834,0,-0.06675578154198825,0
2,2676,0,1,0,1.8862410948814832,0,-0.43087457399791806,0
2,6979,2,1,1,-0.5189621872121573,0,0.8988173637925899,0
3,8482,3,1,1,1.9667586296468498,2,1.0271739997504452,0
0,5713,0,1,0,1.2441653689320222,0,0.28403048292089955,0
9,6636,1,1,0,-1.0041319479778272,0,0.11931993523046433,0
0,3941,0,1,0,0.4534418864926536,0,-0.10269563961018784,0
1,6492,1,0,0,0.31305233869663,0,-0.5562500235722363,0
5,1574,1,0,0,-0.06269615687508043,1,-0.2639281365198296,0
5,9885,1,0,0,0.23459935610473445,2,-0.6564510103522397,0
4,9601,1,0,0,-0.32076517855894743,2,-0.11188763095942793,0
2,7546,0,1,0,1.6240429688506746,2,0.12693852265505953,0
1,5661,0,0,0,0.32543965173745554,0,0.18705911472306172,0
5,4584,2,1,0,-0.626318900232646,0,0.786318983180495,0
3,4651,0,0,0,-0.9091625479981642,1,-0.3980815237790078,0
4,1903,2,0,1,-0.849290534967507,1,-0.6320632495202472,0
8,2983,1,0,0,-0.5519950219876923,2,-0.670942888605546,0
5,4996,0,0,0,-0.2897968959568834,1,-0.11122514509641954,0
8,4038,3,1,0,-1.0020673958043562,1,1.1282859045920852,0
5,3960,3,1,0,1.3804258123811037,1,0.7124932148215092,0
4,7447,3,0,0,1.08519485157476,2,-0.6792239618931496,0
3,2080,3,0,1,-0.8720006088756873,0,0.7911634110537432,0
7,9373,1,0,0,-0.08953533513020258,0,1.3195786975357278,0
0,2508,0,0,1,1.4857179732281218,2,0.10565616430591837,0
1,1405,2,0,0,-0.3930245046304302,0,2.6216946612785157,0
1,8605,1,1,0,0.17059823872713534,2,0.7635460316395852,0
4,7198,2,0,0,-0.430186443752907,0,-0.38292715966269325,0
6,8629,2,0,0,-0.35173346116101145,1,0.39441718984465546,0
0,4744,0,0,1,1.0439038081053413,1,-0.3932785012721977,0
6,3400,0,0,0,0.7094463560030495,2,-0.17639719186985975,0
9,5427,1,0,1,-0.853419639314449,0,-0.2629344077253173,0
1,8541,0,0,0,-0.8183222523654431,0,0.16436897391502783,0
5,2869,0,0,0,1.083130299401289,0,-0.48230003911393626,0
5,5114,1,0,0,-0.9649054566818795,2,-0.7160747380229854,0
4,3300,3,1,0,-0.2072148090180459,2,1.365207411350424,0
5,3100,0,0,0,-0.7501920306409021,0,-0.6181096410306351,0
1,7793,0,0,0,2.241344068718484,0,-0.5566640772366165,0
3,8179,2,0,0,-0.5396077089468667,1,-0.6557885244892314,0
2,5200,2,0,1,-0.7460629262939602,0,0.13397743494952252,0
9,7955,0,0,0,-0.9463244871206411,2,0.5334564103435196,0
1,9755,2,0,0,-0.4405092046202617,2,0.3069690559275616,0
4,5011,2,0,1,-0.01727600905871988,0,-0.5841572405514603,0
8,4583,0,0,0,0.22014749089043784,0,0.5969722424594393,0
3,7749,2,1,0,0.7094463560030495,0,-1.0156839695684832,0
5,1912,2,0,0,-0.9649054566818795,2,-0.005779478567600564,0
6,9782,3,1,0,0.0529187648392921,0,-0.8803712320490407,0
9,3596,2,0,0,-0.6758681523959484,0,-0.839545540741155,0
9,2001,3,0,0,-0.43638010027331986,2,1.77619707861419,0
4,6925,3,0,0,-0.65728718283471,1,-1.0857418495816096,0
3,6083,1,0,1,0.926224334217498,2,2.1303785831249953,0
8,4339,2,0,0,-0.5932860654571109,2,-0.46288092225450583,0
7,9599,2,0,0,-0.47767114374273856,1,-0.7063030715436133,0
9,7818,2,0,0,-0.9318726219063446,1,-0.6325187085510653,0
4,1371,3,0,0,-0.7894185219368498,2,-0.7768578159539957,0
9,1278,3,0,0,-0.496252113303977,1,0.7840416880264041,0
8,7036,3,0,0,-0.33315249159977306,2,-0.2193345568660844,0
6,3839,0,1,0,-0.853419639314449,2,-0.5361270154833596,0
1,1334,3,0,0,0.438990021278357,0,0.483438727686394,0
0,6350,2,0,1,-0.4116054741916686,1,-0.6391435671811482,0
9,6623,1,0,0,-0.03585697861995828,1,-0.7525942712213173,0
9,9544,0,0,0,-0.8369032219266814,0,-0.433276085251323,0
3,2602,2,0,0,-0.9401308306002283,0,-1.0045045206302183,0
4,8435,3,1,0,-0.8348386697532105,1,-0.47078934724416727,0
6,8620,1,0,0,1.34945752977904,2,0.35731798151619126,0
8,8751,0,0,0,-0.7914830741103208,2,-1.1039602108143374,0
7,4130,1,0,0,-0.32076517855894743,0,0.20875552673658304,0
4,5015,1,0,0,-0.43638010027331986,2,-0.9467026290827454,0
2,7357,3,0,0,-1.014454708845182,0,-0.2087761884243898,0
0,7134,0,0,0,-0.9401308306002283,1,-0.7876232112278805,0
5,6071,0,0,0,-0.9174207566920479,0,0.6902999384107316,0
0,7373,0,1,0,0.15614637351283892,0,-0.40495481460771876,0
8,8551,2,0,0,0.14788816481895514,1,1.9040568501747894,0
6,1386,0,0,0,0.6578325516662762,2,-0.6748349930507196,0
1,8737,1,0,0,-0.8947106827838677,0,-0.42482939049796736,0
9,6356,1,0,1,-0.10811630469144097,1,-0.8796259354531563,0
0,8578,0,1,1,-0.8616778480083327,1,0.9555013104462365,0
7,2506,2,1,1,2.0968254165755185,1,-0.735535260248854,0
8,2241,1,0,0,1.7004313992690991,2,-0.8769759920011232,0
9,1117,3,0,0,1.091388508095173,1,1.9785865097632216,0
3,3036,2,0,0,-0.6304480045795878,1,-0.7106920403860432,0
4,7019,0,0,1,1.0975821646155857,0,-0.6894096820369019,0
7,5876,0,0,0,-0.18037563076292384,0,0.4354913133511693,0
0,4888,1,0,1,-0.556124126334634,0,-1.1556341081289838,0
9,2488,3,0,1,0.48028106474777577,1,-0.3238831071220797,0
5,4819,3,1,0,-0.12463272207920847,2,-0.5810104327021709,0
7,6223,2,0,0,-0.47147748722232574,0,-0.32131597440292253,0
6,9364,1,0,0,2.0865026557081636,0,-0.8726698338915693,0
9,1276,1,0,0,0.5174430038702528,1,0.9666393540180634,0
7,6783,1,1,0,-0.979357321896176,0,-0.6222501776744369,0
9,6047,1,0,0,1.8676601253202447,0,-0.2588766818143915,0
2,4558,2,0,0,-0.6304480045795878,2,1.045226739517421,0
7,3733,2,1,0,-0.32282973073241833,1,0.6657879614794249,0
8,1442,3,0,0,-0.7233528523857801,0,-0.7292416445502752,0
7,2716,0,0,0,-0.10605175251797007,2,-0.7652643133513508,0
7,2979,2,0,0,-0.9029688914777515,2,-0.8124664310906913,0
2,7147,0,1,1,-0.20102115249763314,0,-0.7846420248443431,0
3,7261,2,0,0,-0.3104424176915927,2,-0.8341628431042127,0
5,8920,3,1,0,-0.5540595741611632,2,-0.7099053384237208,0
7,9245,2,0,0,-0.9463244871206411,2,1.0202178981888583,0
7,6257,1,0,1,-0.006953248191365055,2,1.3783743178777135,0
5,4322,2,1,0,-0.42605733940596513,0,1.2415709871665024,0
1,9835,1,0,0,-0.49212300895703515,2,2.4139225324925424,0
7,8619,0,0,0,-0.8079994914980884,2,0.8494621669984724,0
4,2555,0,0,0,-0.7316110610796638,2,-0.5293365353875247,0
7,3463,2,0,0,-0.5519950219876923,0,-0.31096463279341807,0
6,2510,3,1,1,-0.8596132958348617,1,-0.5496251649421534,0
0,2700,1,0,0,-0.7047718828245415,2,-0.2797449864991526,0
6,9886,1,0,0,-0.12463272207920847,1,-0.4340213818472074,0
3,6463,2,0,1,-0.6469644219673554,1,-0.8101063252037242,0
4,1712,2,0,0,1.060420225493109,1,-0.47608923414823356,0
9,5367,3,0,0,-0.8781942653961002,2,-0.5895399381884028,0
8,4139,1,0,0,1.5022343906158893,0,-1.0445021046093437,0
3,6824,3,0,0,-0.7832248654164372,1,-0.282974605081318,0
1,1403,1,1,0,-0.39095995245695925,1,-0.7389305002967714,0
7,4611,2,0,0,-0.8389677741001523,1,0.5499357461858508,0
6,7000,1,0,0,-0.8988397871308095,1,-0.5888774523253945,0
9,1291,1,0,0,0.4018280821558802,1,0.08437380595677721,0
8,5660,3,0,0,-0.19276294380374936,0,0.13637894620292762,0
3,6014,3,1,1,-0.560253230681576,1,0.08942526066221528,0
7,6462,0,0,0,-1.012390156671711,1,-0.5426276580141284,0
2,5110,1,0,0,0.9117724690032014,1,-0.775284412029351,0
7,5186,0,1,0,2.0369534035448615,1,-0.278502825506012,0
0,5786,1,0,1,-0.9318726219063446,2,0.8342249921492818,0
4,1876,2,0,0,-0.7398692697735474,1,-0.3906285578201646,0
4,1537,2,0,0,-0.5127685306917444,2,0.3581874942113897,0
8,3721,1,0,1,1.7169478166568664,1,-0.44495239858684404,0
5,4568,2,0,0,0.5442821821253748,0,-0.005779478567600564,0
8,6033,2,0,0,-0.09366443947714435,1,0.7428019430541383,0
3,1393,3,0,1,-0.8575487436613908,2,-0.5838259976199562,0
6,9339,0,0,0,-0.8162577001919721,0,2.4380204557594687,0
1,6817,0,0,0,-0.24850585248746465,0,-0.07106193965154217,0
8,9464,2,0,0,-0.6676099437020646,1,0.0666523091213054,0
1,1810,2,0,1,-0.4900584567835642,1,-0.8578467127067588,0
4,3664,0,0,0,-0.8121285958450302,2,1.9715475974687584,0
8,2771,2,0,0,-0.3641207742018371,2,-0.29374000035520265,0
9,6835,2,0,0,-0.5850278567632272,1,0.2579865074313863,0
2,3811,0,1,0,-0.22579577857928437,1,2.255174357569181,0
1,1185,2,0,0,1.6116556558098487,0,2.5185124881149754,0
9,6307,3,0,0,-0.6428353176204133,1,-0.20745121669837324,0
4,7344,3,0,0,0.8147385168500676,0,0.013197981049824281,0
8,3349,1,1,0,1.2648108906667317,2,-0.3930300690735696,0
5,2072,1,0,0,1.5806873732077846,1,2.3849387759859297,0
7,5467,0,1,1,-0.9772927697227051,0,-0.05847470825438466,0
0,4686,3,0,0,0.6124124038499158,0,-0.6095801355444034,0
0,6168,2,1,0,2.297086977402199,0,-0.156108562315231,0
9,8362,1,0,0,-0.9463244871206411,2,-0.34930600211502266,0
0,8975,1,0,0,-0.1906983916302785,2,0.4143745764677801,0
6,8725,0,1,0,-0.5850278567632272,2,-0.31965975974540184,0
7,7104,3,1,1,-0.9070979958246933,1,1.0635279114830254,0
5,5067,3,1,1,-0.981421874069647,1,-1.0069060318836234,0
4,1241,2,0,0,0.866352321186841,0,-0.45886460171001814,0
6,2076,2,0,1,0.7899638907684161,0,-0.9561430526306135,0
4,4465,2,0,0,2.3590235426063275,0,-0.23916772738989497,0
8,5641,3,1,0,-0.25057040466093555,0,0.5346157606037842,0
9,8325,0,0,0,0.40802173867629304,2,-0.24471604649258938,0
0,4231,0,0,0,-0.42605733940596513,0,1.2142434453174105,0
6,6556,1,0,1,1.2586172341463187,0,-1.063714194636584,0
2,6888,3,0,0,0.6309933734111541,0,-0.06882604986388914,0
4,9812,1,0,0,1.737593338391576,0,-0.7824061350566903,0
4,1513,1,0,0,-0.06888981339549329,0,0.5263346873161806,0
3,3045,3,0,1,0.13550085177812943,0,0.928546416895087,0
1,2337,3,0,1,-0.16592376554862723,1,1.4986155020137175,0
3,9872,0,0,0,-0.44670286114067453,1,0.5148239954464116,0
0,6775,3,1,0,-1.012390156671711,2,-0.30053048045103753,0
6,7067,0,0,1,-0.9318726219063446,0,0.338023080756075,0
9,7179,2,0,0,1.4010713341158134,0,-0.2912556783689216,0
5,5350,3,0,0,-0.6861909132633031,0,1.7250200456967997,0
3,6307,3,0,1,-0.7832248654164372,2,1.9615274987907583,0
9,1948,3,0,0,-0.8843879219165129,1,-0.6141347258525853,0
6,4344,1,0,0,-0.06063160470160953,2,-0.14675094950023887,0
3,4830,2,1,1,1.8614664687998317,2,-0.262354732595185,0
7,5316,1,0,0,-0.6944491219571868,0,-1.146607738245496,0
0,9787,0,0,0,-0.7914830741103208,2,-0.6772779096705627,0
1,1083,1,0,0,-0.5767696480693435,2,-0.13283874637706494,0
6,3324,1,0,0,-0.9256789653859316,0,-0.4529850396758195,0
9,9426,3,0,1,-0.24850585248746465,2,-0.2137448323969519,0
8,3839,2,1,1,-0.3971536089773721,0,-0.5155071429972267,0
6,5036,3,0,1,1.1553896254727718,2,0.9581512538982695,0
7,7234,2,1,0,-0.16179466120168526,1,1.732969876052899,0
0,2682,0,1,0,-0.5478659176407504,1,-0.6678788914891326,0
2,2914,0,0,0,-0.4508319654876164,1,-0.4913264089974242,0
2,1738,0,0,1,0.10246801700259443,0,-0.22398575969595505,0
5,3358,3,1,0,0.5174430038702528,1,-0.9686474732948949,0
5,8098,3,1,0,-0.04411518731384203,0,-0.9196235194322817,0
5,4512,2,1,0,-0.8430968784470944,0,-0.6522276629755618,0
2,6236,3,0,0,0.019885930063757093,2,2.1848680453574265,0
9,7866,3,0,0,-0.9504535914675829,2,-0.21573228998597685,0
3,6977,0,0,0,-0.13289093077309222,1,-0.7002578880436626,0
6,5312,1,0,0,-0.8018058349776755,0,0.36758651239281975,0
4,3671,3,0,0,-0.14114913946697596,2,0.5074538402204445,0
2,1948,3,1,0,-0.0028241438444232708,1,-0.528011563661508,0
3,4601,3,0,1,2.445734733892107,0,1.017071090339569,0
2,5590,1,0,0,0.3378269647782813,0,1.365207411350424,0
4,4606,1,0,0,-0.8967752349573386,1,-0.6188963429929574,0
8,9260,1,0,0,-0.34141070029365683,2,-0.8690261616450238,0
4,8342,3,0,0,1.0356455994114575,1,-0.1595866130960245,0
7,8006,1,1,1,-0.6717390480490066,0,-0.66647110903024,0
7,4197,1,0,0,-0.6841263610898322,2,-0.8790876656894622,0
4,3034,0,0,0,-0.7832248654164372,0,-0.9086096919597688,0
4,7516,2,0,0,2.0369534035448615,2,-0.8803712320490406,0
9,3619,3,1,0,-0.12256816990573757,0,0.7383301634788324,0
8,6916,0,0,0,0.11898443439036192,1,0.903454764833648,0
8,1390,0,1,0,-0.04411518731384203,1,-0.6123957004621885,0
5,5875,1,1,0,-0.6387062132734717,1,-0.9640928829867129,0
8,2685,1,1,0,0.5360239734314911,2,-0.7559067005363587,0
1,5881,0,1,0,-0.31457152203853456,1,-0.42259350071031443,0
7,2451,3,0,0,-0.9938091871104726,0,-0.35576523927935344,0
8,6703,3,1,0,1.7272705775242212,1,-0.6321046548866852,0
3,6924,3,0,0,-0.7914830741103208,0,-1.0042560884315903,0
5,2589,2,0,0,-0.5726405437224016,1,-0.9751895211921017,0
8,2922,1,1,0,-0.7150946436918962,0,1.510871490479371,0
8,5987,2,0,0,0.28827771261497875,0,0.5707212401377357,0
9,7478,2,0,0,-0.9649054566818795,1,-0.34003120003290666,0
4,1272,3,0,0,-0.09572899165061544,0,-0.8807024749805448,0
7,4070,2,0,0,-1.0061965001512982,0,0.44509735836478925,0
3,7908,1,1,1,0.8147385168500676,0,0.5380110006517017,0
5,4049,0,1,0,0.21808293871696696,1,0.2935537172016437,0
7,6891,0,1,0,-0.7852894175899081,0,-0.9637616400552088,0
0,7797,3,0,0,0.6743489690540436,0,0.24287354868150973,0
6,3602,1,0,0,-0.7625793436817278,2,-0.8310988459877994,0
5,1391,0,1,1,-0.9442599349471701,1,-0.16024909895903278,0
6,7076,3,0,0,-0.7171591958653671,1,1.000508943764362,0
0,9351,1,1,0,-0.6139315871918204,1,2.461952757560643,0
1,6643,1,1,0,-0.6779327045694193,0,-0.6775677472356288,0
5,6188,3,0,0,0.6082832995029738,1,-1.0731546181844522,0
7,5908,1,1,0,-0.8658069523552745,0,-0.8388830548781467,0
4,5451,3,0,1,-0.8699360567022165,1,0.4029466953308872,0
3,3081,1,0,0,0.06737063005358852,0,-0.2994539409236491,0
0,1101,0,1,0,-0.5829633045897563,0,-0.19246247404781075,0
2,8779,3,1,0,-0.9091625479981642,1,-0.726674511831118,0
4,2004,0,0,0,-0.10605175251797007,0,-0.6700319705439096,0
6,7359,0,1,1,-0.3393461481201858,2,-0.10650493332248556,0
8,3408,0,1,0,-0.21960212205887153,2,-0.2800762294306567,0
6,5494,1,1,1,-0.8472259827940362,2,0.8555073504984232,0
1,3171,2,0,1,-0.9380662784267574,0,-0.7457209803926064,0
3,9184,0,0,1,-0.7254174045592509,0,-0.9621882361305641,0
4,5889,1,0,1,2.4643157034533454,2,0.9187747504157144,0
9,3160,2,0,0,-0.8843879219165129,0,-0.5181570864492597,0
7,7172,0,1,0,-0.7171591958653671,1,0.5513435286447433,0
7,7119,0,1,0,-0.08953533513020258,1,-0.7346243421872175,0
5,3946,0,0,0,0.5731859125539679,0,-0.31601608749885624,0
7,1312,1,0,0,-0.42812189157943614,2,0.2466000316609315,0
2,1986,1,0,0,0.1045325691760655,0,0.05042140547760255,0
4,9120,2,0,0,-0.7336756132531347,0,0.6147765500277868,0
6,4742,0,0,0,-1.0000028436308854,0,0.044127789779023666,0
8,8285,3,1,0,0.3109877865231591,2,0.07774894732669421,0
7,8184,1,1,0,-0.07714802208937703,0,1.6940488316011624,0
2,6321,1,0,0,-0.8740651610491582,2,1.2461255774746844,0
0,3094,3,1,0,-0.8307095654062686,0,-0.7091186364613985,0
2,9892,2,0,0,-0.911227100171635,2,-0.09135056920617088,0
1,4895,3,1,0,1.9378548992182565,2,-0.49107797679879606,0
0,6614,1,0,1,0.08595159961482693,2,-0.4236700402377029,0
4,8872,0,0,0,-0.7894185219368498,0,-0.950594733527919,0
8,4044,1,0,0,0.7817056820745326,1,0.7778308830607014,0
2,3263,2,0,1,0.04053145179846638,1,0.0728631140870081,0
4,6332,1,0,0,0.5215721082171945,0,-0.6845238487972158,0
0,6580,1,1,0,-0.8781942653961002,0,-0.4074391365939998,0
9,4238,1,0,0,0.6495743429723926,2,0.6464930607193086,0
2,6771,1,0,0,-0.6882554654367741,0,1.9709679223386263,0
0,5784,3,0,0,-0.3827017437630755,0,-0.4096750263816528,0
6,7902,2,0,0,0.34402062129869393,2,1.5032529030547754,0
9,5949,1,1,0,-0.9545826958145249,2,0.8603517783716711,0
2,2444,2,0,0,1.343263873258627,0,-0.8957740283639833,0
5,9720,3,1,0,-1.01032560449824,2,1.331420632337001,0
2,1965,0,0,0,-0.5065748741713316,1,-0.9169735759802485,0
5,2521,3,0,0,1.0418392559318705,0,-0.8322581962480637,0
9,7769,1,0,0,-0.9855509784165888,2,-0.23361940828720054,0
5,7363,0,1,1,-0.8885170262634549,1,0.8329000204232653,0
8,4658,1,0,0,-0.5705759915489307,2,-0.39650811985436313,0
5,6123,0,0,0,0.24698666914556,1,-0.9452120358909768,0
9,8674,3,0,0,-0.8905815784369258,1,1.7754517820183053,0
2,4546,0,0,0,-0.32076517855894743,1,-0.6623305723864382,0
9,8209,2,0,0,0.30892323434968805,1,1.224429165461163,0
9,1774,3,0,0,-0.6965136741306578,0,-0.664069597776835,0
2,8370,3,0,0,-0.9834864262431179,1,-0.08911467941851807,0
3,8548,0,0,1,-0.4983166654774479,2,0.17637653018205293,0
0,8577,1,0,0,-0.5767696480693435,1,-0.6451887506810988,0
0,4811,2,0,0,-0.4879939046100933,1,-0.3589120471286428,0
2,7448,1,0,0,-0.6015442741509948,2,-0.6947095689409682,0
4,7300,1,1,0,0.4018280821558802,1,-0.5916930172431796,0
5,6471,0,0,0,-0.38683084811001733,1,-0.9659147191099857,0
3,9909,2,0,0,0.4885392734416595,1,-0.09673326684311326,0
3,8295,3,0,0,0.280019503921095,1,-0.9650866117812253,0
8,6894,2,0,1,-0.3310879394263021,1,0.5132505915217669,0
6,1553,3,0,0,-0.8947106827838677,1,-0.5422550097161862,0
5,1530,2,1,0,-0.6387062132734717,1,0.38481114483103535,0
5,7109,1,0,0,0.3832471125946418,1,-0.807249354919501,0
8,6056,2,0,0,-0.3393461481201858,2,1.4781612509933368,0
1,9200,3,1,0,-0.6036088263244657,1,1.5391099503900993,0
6,7518,1,1,0,-0.9917446349370017,1,-0.636369407629801,0
8,2019,2,0,0,-0.44670286114067453,1,2.3518972935683915,0
2,4750,1,1,0,-0.5478659176407504,0,0.022596999231254387,0
3,3776,3,0,1,-0.6965136741306578,0,-0.01321864273763107,0
9,1018,0,1,0,-0.5808987524162853,1,-0.2402442669172834,0
9,4867,3,0,0,-0.10192264817102811,2,0.22482080891453385,0
6,3108,1,1,0,-0.9876155305900597,0,-0.5409714433566077,0
8,1924,1,1,0,0.2573094300129146,1,-0.06890886059676533,0
1,2887,3,1,0,0.6082832995029738,2,1.6456873636015574,0
1,6629,0,0,0,-0.7832248654164372,2,2.232898270425528,0
5,2842,2,0,0,-0.9772927697227051,0,-0.8970990000899999,0
9,9997,0,0,0,0.6867362820948694,1,1.342227432977324,0
8,2071,0,0,0,-0.6448998697938844,2,1.9226064543390213,0
5,6185,1,0,0,0.2118892821965541,1,-0.1134610348840726,0
0,6989,1,1,0,-0.45909017418150017,2,-0.6720194281329344,0
6,6596,0,0,0,-0.5107039785182735,0,-0.3989096311077682,0
3,8111,1,0,0,1.2276489515442548,2,2.284903410671678,0
4,3552,2,0,0,-0.37031443072224984,2,1.358913795651845,0
1,4862,2,0,0,0.2635030865333275,1,-0.16919265810964465,0
4,1954,2,1,1,-0.8988397871308095,0,-0.8253849054193529,0
5,2456,2,0,0,-0.6283834524061169,2,0.45006600233735156,0
5,3200,3,0,0,-0.08540623078326079,2,0.32493898496166124,0
1,7439,2,0,0,2.028695194850978,1,-0.7794249486731529,0
4,7729,3,0,0,0.346085173472165,2,0.05712907484056124,0
4,2789,1,0,0,1.8139817688100008,2,0.0012318301492370302,0
6,3296,1,1,0,-0.5870924089366982,0,-0.12579983408260179,0
0,4038,1,0,0,-0.5148330828652155,1,-0.696448594331365,0
1,5051,3,0,0,-0.29392600030382526,2,0.776754343533313,0
1,9542,1,0,0,-0.7749666567225534,2,0.46016891174822794,0
9,4183,0,0,1,-0.8245159088858558,1,-0.691976814756059,0
7,6752,3,0,0,-0.9318726219063446,1,-0.5680919583735095,0
6,6608,2,0,0,-0.9917446349370017,2,0.8276001335191989,0
0,2069,2,1,0,-0.2423121959670519,0,-0.03603299964497911,0
1,5447,1,1,0,0.7878993385949453,2,-0.8307676030562952,0
1,3773,2,0,0,-0.09985809599755721,1,-0.7530083248856975,0
4,1307,2,1,0,1.3184892471769758,0,-0.4612661129634231,0
6,6199,0,1,0,-0.9876155305900597,2,-0.07851490561038547,0
4,1677,3,0,0,1.341199321085156,0,0.6906311813422356,0
9,6690,1,0,1,0.16853368655366444,0,-0.7005891309751668,0
2,3268,2,0,0,2.14431011656535,2,-0.636410812996239,0
1,3882,0,0,0,-0.6407707654469424,0,-0.7169028453517459,0
6,6065,1,0,0,-0.7646438958551987,0,1.5901213618417371,0
8,6238,1,1,0,-0.14527824381391777,0,-0.5626816571589416,0
1,6111,1,1,0,-0.8637424001818036,1,-0.4998559144836559,0
8,8079,2,0,0,-1.0000028436308854,2,-0.6936330294135798,0
8,9574,1,0,1,-0.9731636653757633,2,-0.6205939630169162,0
6,1898,0,0,1,-0.5705759915489307,0,-0.4548896865319684,0
6,3229,2,1,0,-0.45909017418150017,1,0.7253288784172949,0
1,1229,3,0,1,0.27176129522721126,1,-0.945957332486861,0
0,2764,3,1,1,-0.6965136741306578,1,-0.7310634806735479,0
2,9490,1,0,0,-0.8616778480083327,0,-0.7883685078237649,0
1,7741,1,0,0,0.37705345607422897,0,1.0132617966272717,0
6,2636,1,0,0,0.48441016909471774,2,-0.8033572504743274,0
5,7905,1,0,0,-0.9566472479879957,1,-0.6061848954964859,0
9,3374,1,1,0,0.29240681696192056,2,0.89003942610773,0
8,2489,2,1,0,0.6846717299213985,0,0.4200885170362265,0
2,8850,3,0,0,-0.7997412828042045,1,-0.09226148726780739,0
0,9797,1,0,1,-0.6510935263142972,1,-0.8530436901999489,0
3,4555,1,1,0,-0.7956121784572627,1,-0.9235156238774553,0
7,2448,2,1,0,-0.6139315871918204,2,0.010755064429981202,0
9,8760,3,0,0,-0.8596132958348617,1,-0.6985188626532659,0
2,2019,3,0,1,-0.8740651610491582,2,-0.7862154287689879,0
6,2556,1,1,0,0.7899638907684161,1,-0.5802651361062867,0
3,3602,0,0,0,1.1615832819931848,1,-0.1711801156986696,0
5,5339,0,1,0,-0.28773234378341245,2,-0.029325330282020185,0
1,7766,1,1,0,0.5318948690845492,0,-0.5723981164830633,0
7,4229,1,0,0,-0.7646438958551987,1,-0.8225693405015676,0
9,8938,3,0,0,2.6521899512392006,0,-0.6803833121534141,0
4,7196,1,0,1,-0.7109655393449543,0,-0.6712741315370501,0
2,9451,1,0,0,-0.8472259827940362,1,-1.0435083758148314,0
7,7649,0,1,0,-0.3372815959467149,2,2.1697136812411126,0
2,6627,0,1,1,1.4031358862892842,0,1.1922986011052612,0
4,6723,3,1,0,-0.16592376554862723,1,-0.9904266960412923,0
5,7537,2,0,0,2.051405268759158,0,-0.21399326459558,0
6,9742,0,0,1,-0.5127685306917444,2,-0.6936330294135798,0
8,1227,0,0,1,0.22221204306390874,2,0.6021893186306294,0
8,7099,3,0,0,-0.5375431567733957,1,0.3192664497596529,0
5,9461,2,1,0,-0.7233528523857801,1,-0.7352040173173497,0
3,8485,3,1,0,-0.8699360567022165,2,-0.6782302330986371,0
4,4742,0,0,0,0.11898443439036192,1,0.4372303387415659,0
5,1067,3,0,0,1.508428047136302,1,-0.2105152138147866,0
2,7746,0,0,1,1.8449500514120645,2,0.20627120475030197,0
1,1196,0,0,0,1.7954007992487624,2,-0.2290648179790186,0
2,6847,3,0,0,-0.37237898289572086,1,-0.5386941482025167,0
5,3995,2,0,1,-0.5045103219978607,1,-0.7336306133927051,0
6,5956,2,0,0,-0.7171591958653671,1,-0.32247532466318707,0
5,2063,1,0,0,-0.8121285958450302,1,1.658191784265839,0
3,3356,1,0,0,0.23047025175779248,1,-0.19685144289024065,0
3,8977,1,0,0,-0.09572899165061544,0,0.5845506325280339,0
3,3450,3,0,0,0.3976989778089384,1,0.1926902445586321,0
4,3150,3,0,0,1.2957791732687958,0,-0.8848430116243465,0
1,9456,0,0,0,-0.9504535914675829,1,-0.6772779096705627,0
6,6816,0,1,0,-0.6552226306612391,1,1.301360336303,0
8,3062,1,0,0,0.32750420391092644,1,-0.5449877639010954,0
2,9495,3,0,0,-0.9938091871104726,1,0.5295643058983459,0
0,5567,3,0,0,0.07769339092094317,1,-0.8922959775831898,0
3,1345,1,0,0,-0.8720006088756873,2,0.4198400848375984,0
6,9125,3,0,0,-0.17831107858945278,0,-0.6274672538456272,0
0,3007,3,1,0,-0.9504535914675829,0,0.76532646239642,0
1,4558,1,0,0,-0.8967752349573386,2,0.035515473559916,0
2,7370,0,0,0,-1.014454708845182,1,0.30183479048924733,0
2,5962,0,0,1,0.06530607788011764,2,0.5102694051382295,0
7,8077,3,0,0,1.4877825254015926,0,-0.38160218793667666,0
0,6185,2,0,0,1.8552728122794193,1,-0.054996657473591254,0
3,4748,0,1,0,-0.7563856871613149,2,-0.7107748511189192,0
5,5794,2,0,1,0.8519004559725444,1,0.4530471887208889,0
4,5303,3,0,0,1.6529466992792676,2,-0.2699733200197803,0
4,1212,1,0,0,-0.529284948079512,1,0.31773445120144633,0
9,4768,1,0,1,1.3659739471668075,1,-0.3926988261420655,0
5,2388,2,1,0,-0.8265804610593268,0,0.6203248691304813,0
2,1686,2,0,0,-0.5003812176509189,0,-0.7410835793515483,0
5,2170,2,0,0,2.4477992860655777,0,-0.04994520276815295,0
2,4069,1,1,1,0.6578325516662762,1,-0.39650811985436313,0
8,2743,2,0,0,1.962629525299908,0,-0.6065989491608661,0
6,9425,2,0,0,-0.8038703871511464,2,-0.3501341094437831,0
7,9803,1,0,0,-0.3393461481201858,0,0.8115348513412481,0
8,8937,1,1,0,2.303280633922612,2,-0.1510571076097928,0
7,5539,2,1,0,-0.26915137422217406,0,-0.2105152138147866,0
8,6660,0,1,1,0.030208690931111736,0,0.21430384583927745,0
4,6069,3,0,1,0.29034226478844966,2,0.8583229154162082,0
7,6071,2,0,1,-0.09572899165061544,2,-0.4188670177308928,0
1,4225,0,0,0,-0.9421953827736992,1,0.5039757894396508,0
0,7555,3,0,1,0.12930719525771658,1,-0.3888895324297678,0
7,7010,1,0,0,-0.7935476262837918,0,-0.793419962529203,0
2,4306,0,1,1,0.38944076911505465,1,0.289744423489346,0
2,1849,2,0,0,-0.6820618089163613,2,-0.49828251055901124,0
9,2942,0,0,0,-0.5168976350386864,0,2.0018563257013877,0
4,9288,3,0,0,-0.8224513567123849,2,-0.5028371008671931,0
6,1096,2,0,0,0.08388704744135603,1,0.29545836405779263,0
5,5675,2,0,0,-0.11224540903838294,2,0.4969368771451878,0
3,1993,0,0,0,-0.07921257426284793,0,-0.46366762421682817,0
6,1709,1,0,0,-0.5210267393856282,2,-0.6824535804753149,0
0,2000,0,0,0,0.22427659523737964,1,-0.7431538476734493,0
1,4400,2,0,0,0.8395131429317186,0,-0.28032466162928477,0
7,9372,3,0,0,0.30685868217621715,2,-1.183872568039712,0
9,5718,1,0,1,0.20156652132919944,1,0.07882548685408267,0
6,8041,3,1,0,-0.5107039785182735,2,-0.6730131569274469,0
4,5895,3,0,0,0.9530635124726203,0,-0.2297273038420269,0
0,3496,2,1,0,-1.0082610523247693,0,-0.8021979002140628,0
2,5506,3,0,0,0.49473292996207235,1,1.691647320347757,0
5,7524,0,0,0,0.5153784516967816,1,0.015640897669667347,0
5,8068,0,0,1,-0.4859293524366223,1,0.29371933866739586,0
5,3754,0,0,1,-0.8059349393246173,1,-0.9264968102609926,0
5,5820,1,0,0,-0.7873539697633789,1,-0.02998781614502834,0
2,7935,3,0,0,2.5902533860350725,2,1.3523717477546384,0
0,3215,0,0,0,-0.4425737567937326,2,-0.7110232833175474,0
9,2930,3,0,0,0.37498890390075806,1,-0.705971828612109,0
4,7914,3,0,1,1.8139817688100008,1,-0.6834473092698273,0
4,5829,0,0,0,0.8023512038092419,2,0.06673511985418161,0
5,4466,3,0,0,-0.18244018293639475,0,-0.2629344077253173,0
4,2153,0,0,1,-0.5994797219775239,1,-0.5304130749149132,0
4,4553,2,0,1,-0.17418197424251097,0,-0.3696360370360895,0
0,1050,1,0,0,1.8738537818406578,0,1.1816160165642522,0
6,5005,2,1,1,-0.6944491219571868,2,-0.6581900357426363,0
9,4737,2,0,1,-0.8038703871511464,0,0.008519174642328384,0
1,3798,1,0,0,0.800286651635771,0,1.8084104537029677,0
5,9413,3,1,1,0.028144138757640845,0,0.8102098796152316,0
8,1002,0,0,0,-0.12669727425267938,2,0.875713169320176,0
4,8770,0,0,0,-0.4425737567937326,2,0.48410121354940217,0
0,7211,0,0,0,0.5938314342886772,2,0.11749809910719156,0
9,4550,2,0,0,1.1553896254727718,0,0.2861835619756766,0
4,2584,1,0,0,2.0596634774530416,0,0.9947950031959154,0
9,9120,2,1,0,2.152568325259234,2,-0.12107962230866778,0
9,3323,3,0,1,-0.00901780036483613,1,0.7078558137804511,0
8,6848,3,0,0,-0.18450473510986562,1,-0.38632239971061066,0
7,4488,1,0,0,-0.5396077089468667,2,0.5775945309664469,0
2,2891,1,1,0,1.9048220644427216,1,-0.19122031305467016,0
1,7778,0,0,0,-0.915356204518577,2,-0.6636555441124549,0
8,6061,2,0,0,1.5600418514730754,1,0.6546913232740362,0
9,8538,2,0,0,-0.8988397871308095,0,0.9058562760870529,0
0,4768,3,1,0,0.571121360380497,0,-0.917967304774761,0
6,5199,2,0,0,1.6570758036262094,2,-0.3205706778070382,0
9,5676,3,0,0,-0.7171591958653671,2,0.6397853913563497,0
3,5852,2,1,0,-0.9979382914574145,2,0.17505155845603637,0
4,9826,3,0,1,2.2826351121879034,1,-0.8979271074187603,0
1,6806,2,1,0,-0.5994797219775239,2,-0.8453422920424775,0
7,1416,3,1,0,-0.08953533513020258,0,-0.9582961316853904,0
4,8802,1,1,0,0.48028106474777577,0,-0.5098760131616562,0
9,9003,2,0,1,0.7713829212071778,0,-0.5410956594559216,0
8,6109,2,0,0,-0.5747050958958726,1,-0.9480276008087619,0
9,1088,3,1,0,-0.26915137422217406,2,0.6191655188702166,0
2,9284,3,0,0,-0.8430968784470944,0,-0.21341358946544783,0
2,5319,3,0,0,0.07356428657400138,2,-0.31883165241664146,0
4,5010,2,0,0,0.14995271699242604,1,-0.7987198494332693,0
0,2569,2,0,1,1.2710045471871443,0,0.1521129854493746,0
6,1563,0,1,0,-0.595350617630582,2,-0.43087457399791806,0
3,9952,3,0,0,-0.2546995090078774,2,-0.7654299348171029,0
0,3981,2,0,1,0.6433806864519799,0,-0.5897055596541547,0
6,5734,2,0,0,-0.10398720034449918,2,-0.6001811173629733,0
4,4612,1,0,1,-0.7006427784775997,2,-0.9959750151439867,0
1,4980,3,0,1,1.1326795515645915,1,-0.1263795092127342,0
9,6866,2,0,0,0.833319486411306,1,1.148574534146714,0
3,4947,2,0,0,1.2792627558810281,0,-0.20927305282164602,0
3,6261,2,0,1,-0.7976767306307336,2,-0.4112484303062975,0
8,8258,1,0,0,-0.3125069698650637,1,2.1789884833232285,0
8,1539,0,0,0,-0.7997412828042045,0,-0.3074865820126246,0
3,4253,1,0,0,-0.595350617630582,1,-0.8462532101041139,0
2,7322,1,0,1,-0.7894185219368498,0,-1.0843340671227168,0
8,8458,2,1,0,0.8106094125031255,0,-0.0966504561102373,0
3,7866,1,1,0,-0.1370200351200342,1,-0.6130581863251969,0
1,3507,0,0,0,0.24905122131903087,2,0.024336024621651204,0
2,8170,3,0,1,-0.31870062638547647,1,-0.5577406167640049,0
8,9950,3,1,0,-0.45702562200802915,1,-0.6815426624136786,0
7,8850,3,0,1,-0.6655453915285937,2,-0.05648725066535996,0
7,8876,0,1,0,-0.65728718283471,0,1.1994203241325998,0
8,3972,0,1,1,-0.9525181436410538,1,2.476610257279701,0
0,6547,3,0,1,1.7871425905548781,0,0.6009471576374888,0
2,3732,2,0,0,-0.35173346116101145,0,-0.36528847356009764,0
0,8679,0,0,0,-0.65728718283471,2,-0.7661752314129872,0
5,8630,3,0,0,-0.5726405437224016,1,-0.48958738360702736,0
6,2918,1,1,0,-0.8781942653961002,0,-0.3416046039575514,0
2,3067,0,0,1,2.8648388251067067,2,-0.8214928009741792,0
7,4581,2,0,0,0.19950196915572854,0,-0.8101477305701623,0
8,6654,1,0,0,0.37085979955381626,2,-0.7501099492350363,0
3,4471,3,0,0,-0.7708375523756115,1,0.06483047299803263,0
8,4467,2,1,0,-0.11018085686491186,0,-0.4533162826073237,0
0,8691,3,0,0,-0.6531580784877681,0,-0.49381073098370526,0
4,2682,1,0,0,-0.8059349393246173,0,0.62222951598663,0
7,1849,3,0,0,1.4939761819220054,1,0.10118438473061249,0
8,7089,3,0,0,-0.47354203939579664,2,-0.9769285465824985,0
8,4580,3,0,0,-0.6965136741306578,2,-0.9977968512672595,0
2,9317,1,0,1,-0.1514719003343306,1,0.6957654467805499,0
0,1615,2,0,0,0.6392515821050377,0,-0.48768273675087864,0
2,7769,1,0,0,-0.10192264817102811,0,-0.652724527372818,0
0,7412,2,0,0,0.21808293871696696,2,-0.28935103151277275,0
4,3691,3,1,0,-0.4528965176610873,0,0.058039992902197746,0
3,5109,1,0,0,-0.8699360567022165,0,0.7589500359649656,0
4,6211,2,1,0,-0.3806371915896046,1,-0.7101123652559109,0
6,1134,0,0,0,-0.9710991132022923,2,-0.1881563159382569,0
8,4188,3,1,0,-0.03998608296690006,1,-0.786629482433368,0
6,6994,2,0,1,-0.9318726219063446,1,-0.8040197363373356,0
8,7824,3,1,0,-0.19276294380374936,0,1.1821956916943845,0
8,6690,3,0,0,0.30479413000274624,2,0.25289364735951014,0
6,1302,1,0,1,0.18298555176796105,1,-0.9719599026099363,0
8,5059,0,0,1,0.4534418864926536,0,-0.5574093738325008,0
6,2720,0,0,0,-0.2588286133548193,2,-0.7937512054607071,0
1,4918,1,0,0,0.05911242135970478,0,0.45387529604964927,0
2,6360,2,0,0,-0.6531580784877681,1,1.5863948788623157,0
2,5521,0,0,0,1.6735922210139764,2,-0.09449737705546021,0
1,5471,2,0,0,-0.26502226987523214,2,-0.6963657835984889,0
5,5245,2,0,0,-0.5499304698142213,0,-0.7019141027011835,0
8,3711,2,0,0,-0.4900584567835642,1,1.0920976143252576,0
8,8438,2,0,0,-0.8616778480083327,2,-0.11043844313409723,0
4,2817,2,0,0,-0.5065748741713316,1,-0.833003492843948,0
6,4920,1,0,1,-0.7481274784674312,2,0.2795587033455937,0
0,3754,3,0,0,0.7548665038194102,0,0.04089817119685838,0
5,8725,1,0,0,1.1553896254727718,1,-0.11760157152787439,0
1,4873,2,0,0,-0.0028241438444232708,2,-0.3889723431626439,0
6,9425,2,1,0,-0.050308843834254706,2,0.8796880844982256,0
2,4660,2,0,1,-0.8513550871409781,2,-0.33158450527955097,0
9,2993,1,0,1,-0.5850278567632272,0,1.5064825216369413,0
4,2554,0,0,0,-0.8926461306103967,1,-1.0642110590338403,0
7,8762,3,1,0,-0.8554841914879199,1,-0.9992046337261521,0
2,4503,2,0,1,1.4650724514934121,0,0.10590459650454648,0
5,9123,0,0,0,0.5773150169009099,0,-0.786712293166244,0
4,5190,3,0,0,-0.9566472479879957,0,-0.9196235194322817,0
6,9657,2,1,0,-0.624254348059175,0,-0.964258504452465,0
2,7902,0,0,0,2.4519283904125193,0,-0.872090158761437,0
6,1010,1,0,0,0.9675153776869165,1,-0.7825717565224423,0
8,7832,0,0,0,1.5166862558301857,0,-0.5640342324625837,0
7,6682,2,0,0,0.021950482237227984,0,-0.18683134421224024,0
9,1809,0,0,0,-0.45496106983455825,0,0.61262347097301,0
3,1132,0,0,1,-0.758450239334786,1,-0.03168543616898706,0
1,7804,0,1,0,-0.886452474089984,1,-0.14633689583585882,0
7,2959,1,0,0,-0.47767114374273856,2,2.84950698742049,0
7,7174,1,1,0,-0.9442599349471701,2,0.13182435589474567,0
5,4577,3,0,0,-1.0165192610186529,0,2.1933975508436587,0
1,3444,3,0,1,1.8057235601161166,2,-0.2302241682392831,0
7,4827,2,0,0,-0.41986368288555237,2,-0.34748416599174986,0
0,7311,0,0,0,0.22014749089043784,0,-0.4096750263816528,0
0,4963,1,0,0,-0.006953248191365055,2,-0.7593019405842762,0
1,5347,0,0,0,-1.012390156671711,0,-0.9207828696925462,0
1,3817,0,1,0,1.2028743254626033,1,-0.2040559766504558,0
8,8243,3,0,0,0.9675153776869165,2,-0.8975130537543801,0
3,4343,2,0,1,-0.9009043393042804,0,-0.14410100604820583,0
1,3808,3,1,0,-0.7274819567327218,1,-0.10534558306222093,0
0,5225,1,0,0,-0.5664468872019888,1,-0.9149033076583477,0
4,5649,0,1,0,-0.948389039294112,1,0.1288431695112085,0
7,6686,0,1,0,-0.5808987524162853,0,-0.8540374189944613,0
6,7346,1,1,0,-0.2443767481405228,1,-0.97585200705511,0
3,4648,3,0,0,1.6199138645037323,1,-0.6396404315784044,0
1,1477,1,1,0,0.45963554301306647,0,2.18751798880946,0
4,4376,2,0,0,-0.5705759915489307,0,-0.9853752413358541,0
8,6847,1,0,0,0.23459935610473445,1,0.395659350837796,0
5,9786,3,1,0,0.7321564299112301,0,-0.5102072560931604,0
0,1810,1,0,0,1.0624847776665798,1,1.0174851440039494,0
9,6493,1,0,1,-0.3827017437630755,2,1.0101149887779823,0
7,1945,0,0,1,1.2978437254422666,1,0.5668291356925621,0
1,2317,1,0,0,1.2813273080544991,1,1.6098303162662337,0
5,4389,3,0,0,0.5752504647274388,0,-0.10985876800396502,0
6,8966,3,1,0,-0.18656928728333652,2,-0.4918232733946804,0
6,1385,3,1,0,-0.6056733784979366,0,-0.601547494455428,0
7,5412,2,0,0,0.2552448778394437,2,-0.3971706057173714,0
6,9672,1,0,0,0.4493127821457118,0,-0.659266575270025,0
6,5813,3,1,0,-0.03998608296690006,0,2.2545118717061734,0
9,6560,2,0,0,0.7507373994724684,0,0.2430391701472619,0
0,8530,2,1,1,0.6867362820948694,2,-0.8220724761043114,0
7,5069,3,0,0,-0.03792153079342917,0,0.6141554695312166,0
8,8386,3,0,0,0.5360239734314911,1,-0.09565672731572483,0
5,2409,0,0,0,2.4519283904125193,2,2.1283911255359707,0
1,5341,3,1,0,0.8725459777072537,0,0.09108147531973614,0
6,1277,2,0,0,0.7961575472888288,0,-0.46350200275107617,0
3,4215,2,0,0,-0.5127685306917444,0,-1.16532296387548,0
8,1044,3,0,0,-0.8059349393246173,0,-0.25357679491032514,0
1,7157,2,0,0,-0.011082352538307022,1,-0.3719133321901804,0
5,4383,0,0,1,-0.560253230681576,1,2.0060796730780655,0
1,2776,3,1,0,1.2297135037177258,1,-0.220618123225663,0
8,7572,3,1,0,-0.4487674133141455,0,-0.14037452306878426,0
0,9253,1,0,0,1.4939761819220054,1,-0.6220017454758088,0
2,8503,1,0,1,-0.6965136741306578,1,-0.7408351471529202,0
5,2277,1,0,0,-0.4116054741916686,2,0.6747315206300368,0
5,3288,3,0,0,-0.6696744958755356,2,0.47118273922074055,0
1,1604,3,1,1,0.4224736038905897,2,-0.11296417048681635,0
3,8842,3,0,1,-0.47147748722232574,2,0.3557445775915466,0
6,3454,0,1,0,-0.886452474089984,0,1.5580736082187112,0
6,7526,0,1,0,-0.3971536089773721,0,-0.2828917943484419,0
0,4199,0,0,0,-0.6614162871816519,1,-0.9394152845896543,0
4,6402,1,0,0,1.7809489340344657,2,-0.6859316312561085,0
0,5448,0,1,0,-0.22579577857928437,0,-0.4302948988677857,0
6,1901,2,1,1,2.061728029626513,2,2.247390148678834,0
5,9275,1,0,0,0.9840317950746841,1,0.10060470960048018,0
1,5003,1,0,0,-0.4879939046100933,0,-0.3023523165743103,0
0,3326,3,1,0,0.280019503921095,2,-0.7204637068654153,0
9,6140,0,0,1,-0.9298080697328737,2,-0.3595745329916511,0
7,2507,0,0,0,0.04053145179846638,2,0.31218613209875185,0
4,3456,3,0,0,-0.6159961393652913,2,-9.314157677951538e-05,0
3,4611,1,1,0,-0.8781942653961002,0,-0.8586748200355193,0
5,3556,3,1,0,2.226892203504188,2,-0.04870304177501237,0
6,9485,1,0,0,0.20156652132919944,0,-0.7626557752657557,0
5,5486,3,0,0,0.18298555176796105,0,-1.006409167486367,0
5,3495,0,0,0,-0.3393461481201858,1,1.194700112358666,0
9,5759,0,0,1,-0.14114913946697596,0,2.9685888212962306,0
3,8260,0,1,0,0.0364023474515246,0,-0.7476256272487551,0
1,8948,0,1,0,-0.8699360567022165,0,0.06880538817608238,0
5,4464,1,0,1,-0.9029688914777515,2,0.7270679038076914,0
1,7732,0,0,0,-0.9876155305900597,2,0.5304752239599825,0
3,6237,1,0,0,-0.8678715045287456,0,-0.6908174644957946,0
7,9281,0,0,0,2.12160004265717,1,1.7299886896693617,0
9,8165,3,1,0,0.2841486082680368,2,0.06888819890895846,0
3,7029,0,1,1,-0.4673483828753839,0,-0.8678668113847593,0
5,6075,2,1,0,-0.7274819567327218,1,-0.4206888538541656,0
9,5421,3,0,0,-0.8575487436613908,0,-0.3506309738410392,0
1,1842,3,0,0,-0.22579577857928437,2,-0.9428933353704477,0
8,6469,0,0,0,0.3336978604313393,2,-0.8368955972891218,0
5,3229,2,1,0,-0.10605175251797007,2,-0.20397316591757972,0
1,3918,1,0,0,-0.1370200351200342,0,-0.8020322787483107,0
6,5196,2,0,0,-0.6944491219571868,2,2.137003441755078,0
3,3291,1,0,1,-1.0185838131921239,1,-0.09598797024722891,0
0,4963,2,0,0,-0.9256789653859316,0,2.548158730484596,0
4,8574,0,1,1,-0.4425737567937326,1,0.017462733792940124,0
6,7304,1,0,0,1.4134586471566388,2,-0.81876004678927,0
7,5235,3,0,0,-0.9277435175594025,0,0.3415011315368685,0
5,6533,1,0,0,-0.1721174220690401,1,0.9423758092853849,0
0,8775,1,0,0,-0.6944491219571868,2,-1.0478145339243852,0
5,6712,0,0,0,-0.12876182642615044,0,-0.7765265730224917,0
7,4444,0,0,0,-0.529284948079512,2,0.23475809685965832,0
1,7748,0,0,0,-0.432250995926378,1,-0.11913357008608091,0
3,8626,0,1,0,-0.8802588175695711,0,0.04868238008720573,0
6,9068,0,0,1,0.758995608166352,0,-0.2140760753284561,0
8,4332,2,0,1,-0.9855509784165888,0,0.5835569037335214,0
1,1170,2,0,0,1.5621064036465464,0,-0.4350151106417198,0
6,3556,1,0,1,-0.7873539697633789,2,-0.8657965430628584,0
5,1331,0,0,0,1.023258286370632,0,-0.9847127554728459,0
3,7309,3,0,0,-1.012390156671711,2,-0.546312735627112,0
6,3879,3,0,0,-0.9318726219063446,2,-0.9813175154249284,0
8,6390,0,1,0,0.2986004734823334,0,1.0758667106815547,0
7,3224,2,0,0,-0.6056733784979366,2,-0.8768103705353711,0
1,7183,2,1,0,-0.7873539697633789,2,-0.43915564728552164,0
9,6220,2,1,0,-0.5519950219876923,2,0.09985941300459596,0
4,3323,0,0,1,-0.6861909132633031,2,-0.8108102164331705,0
0,1011,2,0,1,-0.8162577001919721,2,-0.14451505971258605,0
5,3543,3,0,0,-0.4797356959162095,2,-0.8364815436247417,0
9,7239,0,0,0,-0.6428353176204133,2,-0.8482406676931387,0
9,6073,3,0,0,-0.8348386697532105,2,-0.3299282906220302,0
9,5635,1,1,0,0.7218336690438752,2,-0.9093549885556531,0
9,3233,0,0,0,-0.9628409045084084,0,-0.7925090444675666,0
3,8719,1,0,0,-0.4508319654876164,1,-0.47459864095646487,0
3,1145,2,0,1,-0.16798831772209813,2,-0.839711162206907,0
6,2834,0,0,0,0.18298555176796105,0,0.8231283539438929,0
2,8704,0,0,0,-0.4157345785386105,1,-0.46317075981957195,0
4,4842,3,1,0,-0.9855509784165888,2,-0.6234923386675774,0
1,4153,2,1,0,0.8353840385847768,0,-0.39501752666259443,0
5,1849,2,0,0,-0.7501920306409021,0,-0.5701622266954103,0
0,8251,2,0,0,-0.6531580784877681,0,-0.31866603095088936,0
6,4715,0,0,0,-0.6841263610898322,2,0.9772391278261958,0
5,4388,0,0,0,0.07149973440053049,0,0.008684796108080305,0
9,4256,3,1,0,-0.9752282175492342,2,-0.9974656083357554,0
0,5734,1,1,0,-0.9194853088655189,0,-0.39932368477214836,0
8,8114,1,0,0,0.47615196040083396,0,0.8151785235877937,0
4,1277,3,0,0,0.11691988221689104,0,0.2752111398696017,0
4,2561,1,0,0,-0.22166667423234251,1,-0.652724527372818,0
5,8316,2,0,0,1.0810657472278182,0,-0.058640329720136816,0
6,1126,2,0,0,2.131922803524525,2,-0.20827932402713356,0
6,3623,3,0,0,-0.06888981339549329,2,0.5018227103848738,0
9,7380,3,0,0,-0.35379801333448235,2,0.11402004832639791,0
2,2131,0,1,0,1.1966806689421907,1,0.7291381721295923,0
9,4276,0,1,0,1.1409377602584756,1,-0.009947618789027763,0
3,3662,0,1,0,0.860158664666428,0,0.00744263511493972,0
8,3877,2,0,0,-0.8637424001818036,1,1.9147394347157976,0
4,2272,0,0,1,-0.09366443947714435,0,-0.9927453965618214,0
9,3957,0,0,0,-0.04824429166078381,2,-1.0956791375267338,0
9,5740,0,0,0,0.35640793433951967,2,-0.9822284334865647,0
5,6512,0,1,0,-0.40128271332431387,0,-0.017483395480747,0
8,7633,1,0,0,0.22221204306390874,0,-0.9809034617605482,0
5,3131,0,1,0,-0.7481274784674312,2,-0.8943662459050906,0
8,9744,0,0,0,-0.6325125567530587,2,0.6871531305614422,0
2,3908,1,0,0,-0.9009043393042804,1,0.30059262949610677,0
6,7927,0,1,0,-0.47147748722232574,0,-0.7181450063448863,0
0,3637,0,0,0,1.2008097732891325,2,-0.24595820748572986,0
5,7854,2,0,1,-0.461154726354971,0,-0.6130581863251969,0
3,3608,0,0,0,1.440297825411761,0,0.08917682846358715,0
1,3486,1,0,1,-0.9917446349370017,2,-0.6138448882875193,0
8,4178,3,1,0,-0.886452474089984,0,-0.2516721480541764,0
8,4640,0,0,0,-0.19482749597722027,0,-0.3827615381969412,0
9,2914,0,1,0,0.30685868217621715,0,0.34348858912589336,0
3,5815,3,1,0,1.4939761819220054,2,-0.6779818009000089,0
5,8883,3,0,1,-0.8699360567022165,2,2.951612621056643,0
7,5620,3,0,0,-0.5767696480693435,1,2.3870918550407065,0
2,7029,3,1,1,-0.08953533513020258,0,-0.38400369919008165,0
9,4025,3,0,0,0.8436422472786604,0,-0.5004355896137881,0
4,6845,0,0,0,-0.820386804538914,1,1.069987148647356,0
4,5849,0,0,1,2.538639581698299,0,0.8168347382453143,0
4,7829,2,0,0,-0.3785726394161336,1,-0.3231792158926333,0
6,2154,3,1,1,0.32543965173745554,0,-0.4768345307441179,0
7,8254,2,1,1,-0.5664468872019888,2,0.2141382243735253,0
9,2073,0,0,0,-0.3001196568242381,2,-0.7361977461118622,0
0,2469,3,1,0,0.019885930063757093,0,-0.6556229030234794,0
4,8212,1,0,0,-0.0028241438444232708,0,-0.025681658035474626,0
3,7767,3,0,0,2.065857133973455,1,0.4634399356968314,0
2,6720,0,0,0,-0.5974151698040528,0,0.22506924111316198,0
7,3438,0,1,0,1.2276489515442548,0,-0.6960345406669848,0
9,4525,0,0,0,-0.5932860654571109,1,0.19575424167504535,0
2,2249,0,1,1,0.2986004734823334,2,0.5014086567204936,0
8,6487,3,0,0,-0.3393461481201858,1,1.351792072624506,0
8,6871,1,0,0,-0.6407707654469424,0,0.16130497679861447,0
3,8619,2,0,1,0.9778381385542714,0,-1.1172927388073792,0
3,2020,3,1,0,-0.5107039785182735,2,-0.4432961839293234,0
8,4937,2,1,1,0.48028106474777577,1,0.22962383142134407,0
5,2816,0,1,0,-0.1721174220690401,1,0.2149663317022856,0
4,2909,2,0,0,-0.11224540903838294,1,-0.3165129518961125,0
8,9177,0,0,0,1.3246829036973886,0,0.7106713786982364,0
1,7728,3,0,0,0.2449221169720891,2,0.8796052737653496,0
1,2390,0,0,0,-0.42399278723249423,0,1.6552105978823015,0
8,4133,2,0,0,0.41008629084976395,2,1.16265235873564,0
6,8209,3,0,1,-0.5519950219876923,2,-0.25332836271169706,0
3,1053,3,0,0,-0.882323369743042,1,-0.21747131537637354,0
4,5976,0,1,0,0.8106094125031255,1,0.42853521178958226,0
4,8113,3,1,0,-0.9525181436410538,0,-0.25572987396510216,0
1,4807,3,1,1,-0.366185326375308,1,-1.105285182540354,0
0,6332,2,0,0,0.2986004734823334,0,0.6401166342878537,0
3,2553,3,0,0,-0.24850585248746465,2,-0.8532921223985769,0
2,7835,0,1,0,0.088016151788298,0,-0.6831160663383232,0
2,8588,0,1,0,-0.8327741175797395,0,-0.5452361960997235,0
4,7456,1,0,0,1.766497068820169,1,-0.5666427705481788,0
0,2388,3,0,0,-0.6015442741509948,1,0.0880588835697608,0
6,7208,0,1,0,0.2118892821965541,0,-0.29142129983467363,0
0,6857,0,0,0,0.14995271699242604,0,-0.998873390794648,0
2,5754,3,0,0,-0.9318726219063446,2,0.5739508587199013,0
2,4924,3,1,1,-0.9298080697328737,0,-1.027111850705376,0
5,9486,1,0,0,0.538088525604962,1,-0.5968272826814939,0
9,2682,0,0,0,-0.5499304698142213,1,-0.913743957398083,0
3,3569,0,0,0,1.983275047034617,2,0.018125219655948516,0
7,8885,3,1,0,-0.8100640436715593,1,-0.7302353733447876,0
9,6706,3,0,0,-0.7398692697735474,2,-0.2289820072461426,0
8,2095,1,0,0,0.23459935610473445,1,-0.6625790045850662,0
6,7593,1,0,0,-0.2608931655282903,1,-0.9082784490282647,0
6,7286,2,0,0,1.0810657472278182,2,-0.4071078936624957,0
6,1991,3,1,0,1.6859795340548025,0,0.10457962477852993,0
0,1050,2,0,0,-0.3620562220283661,0,2.484642898368677,0
1,8555,3,0,0,-0.21134391336498778,0,-0.5424206311819383,0
1,5610,2,0,0,-0.45496106983455825,0,-0.3462420049986093,0
8,8290,3,0,0,-0.08953533513020258,0,-0.49289981292206886,0
7,7875,0,0,0,-0.6366416611000006,0,-0.7178137634133822,0
3,8839,2,0,0,-0.7460629262939602,0,0.03187180131337044,0
5,7137,1,0,1,0.5257012125641365,1,-0.14343852018519762,0
7,2002,1,1,0,-0.6118670350183495,1,-0.8168553999331212,0
6,3064,1,0,0,1.754109755779343,0,0.44352395444014475,0
1,2927,3,0,0,-0.7254174045592509,2,1.45364927406203,0
4,2770,3,0,0,-0.9896800827635308,0,-0.4423024551348109,0
8,5131,1,1,0,-0.496252113303977,2,0.37909720426258886,0
0,2695,0,0,0,0.438990021278357,2,0.21364135997626907,0
8,6632,3,0,1,-0.7543211349878439,2,-0.5572851577331868,0
2,7918,3,0,0,-0.7439983741204893,2,-0.700920373906671,0
5,6603,2,1,1,-0.820386804538914,0,0.37147861683799344,0
4,4563,1,1,1,0.6371870299315668,2,-0.18956409839714952,0
6,6490,1,0,1,-0.3558625655079533,0,-0.13739333668524684,0
9,8613,0,0,0,1.192551564595249,0,0.5255065799874201,0
1,9835,0,1,0,-0.9958737392839434,0,-0.6679617022220087,0
6,7892,3,0,0,-0.65728718283471,0,-0.012597562241060855,0
7,6919,0,0,1,-0.19895660032416215,0,-0.9687302840277708,0
8,1230,3,0,1,-0.6944491219571868,0,-0.07462280116521179,0
9,9035,3,0,0,-0.4797356959162095,1,-0.555587537709228,0
2,5904,1,0,0,1.5559127471261336,0,-0.9589586175483986,0
7,3962,3,0,0,-0.7852894175899081,1,0.5541176881960905,0
6,2178,2,0,0,0.2944713691353916,1,0.538756297247586,0
5,8395,3,1,0,-0.11430996121185383,2,0.034356123299651375,0
4,3535,1,0,0,0.8209321733704803,1,-1.0122059187876897,0
6,2702,0,1,1,0.021950482237227984,0,-0.2987086443277647,0
0,6457,0,0,0,0.35640793433951967,2,-0.7246870542420933,0
0,6496,2,0,0,-0.45496106983455825,0,-0.4980340783603831,0
1,5376,3,0,0,0.3791180082476998,1,-0.4856952791618537,0
0,4676,1,0,0,-0.752256582814373,0,0.2981911182427017,0
1,2498,3,0,0,-0.463219278528442,1,-0.5536828908530792,0
0,4600,0,0,1,-0.8637424001818036,0,-0.130768478055164,0
5,5380,3,0,0,-0.8761297132226291,1,-0.31634733043036034,0
5,2914,0,1,0,-0.4694129350488548,1,0.35499928099566247,0
7,4334,2,0,0,-0.28360323943647053,1,-0.9349435050143483,0
7,3752,3,0,0,2.509735851269706,0,-0.9708005523496718,0
4,4849,3,1,0,2.18766571220824,1,-0.6765740184411163,0
1,9385,3,0,0,-0.9958737392839434,1,0.596558188795059,0
9,3444,0,0,0,-0.16385921337515633,0,-0.42532625489522363,0
6,2210,1,1,0,-0.4900584567835642,0,0.3015863582906192,0
2,1210,2,0,0,0.20156652132919944,0,-0.3937753656694539,0
6,4621,1,1,1,-0.6820618089163613,2,-0.37075398192991593,0
4,6081,2,0,0,-0.9339371740798154,0,-0.6643180299754631,0
8,9514,2,0,0,0.9716444820338587,0,0.08089575517598356,0
5,9965,2,0,1,-0.7254174045592509,0,-0.10985876800396502,0
5,7096,2,0,0,-0.9442599349471701,0,1.6471779567933258,0
4,6183,3,0,0,0.3481497256456359,0,-0.11047984850053519,0
0,6401,1,0,0,0.011627721369873341,2,-0.6084207852841389,0
5,4052,1,0,1,0.9509989602991491,2,-0.33125326234804686,0
5,6643,1,0,0,0.08182249526788514,2,-0.518488329380764,0
2,7190,1,0,0,-0.5747050958958726,0,-0.7254323508379775,0
3,3230,3,1,0,0.5009265864824852,1,-1.098494702444519,0
3,6619,1,0,1,-0.07714802208937703,1,1.83615204921644,0
7,9332,3,1,0,-0.9339371740798154,1,-0.10410342206908058,0
8,1570,3,0,0,-0.882323369743042,1,0.2430391701472619,0
9,1992,3,0,0,0.4018280821558802,1,-0.7290760230845231,0
9,8550,2,0,0,-0.7749666567225534,1,-0.23875367372551481,0
0,1915,1,0,0,-0.9401308306002283,0,-0.2772192591464334,0
2,4464,2,0,0,2.005985120942798,1,-0.052015471090053854,0
8,4106,3,0,0,-0.32282973073241833,1,0.003550530669766044,0
7,5052,0,0,1,-0.3558625655079533,2,2.890581110927004,0
5,5140,0,0,1,-0.4116054741916686,2,-0.9352747479458524,0
5,3095,3,0,1,-0.4838648002631514,2,-0.2954790257455993,0
5,1725,3,0,0,1.343263873258627,1,-0.8939521922407107,0
6,9152,3,0,0,1.248294473278964,2,-0.7964011489127404,0
4,3429,0,0,0,0.10246801700259443,2,-0.8153234013749145,0
4,2966,2,0,0,-0.9360017262532863,2,-0.3481466518547581,0
9,1687,1,1,0,0.7507373994724684,0,-0.8101477305701623,0
8,4171,3,1,0,-0.39921816115084297,1,-0.4442899127238358,0
2,7352,1,0,0,1.2400362645850802,0,-0.6069301920923702,0
4,2350,2,0,0,-0.06888981339549329,1,-0.7455553589268542,0
4,1979,3,1,0,-0.8513550871409781,1,-0.7024109670984395,0
0,1187,2,0,0,-0.9545826958145249,1,-0.9213625448226785,0
5,4549,2,0,0,-0.6428353176204133,0,1.4088486675760947,0
1,4997,1,0,0,-0.47354203939579664,2,-0.6928877328176956,0
1,9614,2,0,0,1.1615832819931848,0,-0.9640100722538368,0
1,3304,0,1,0,-0.5788342002428144,1,-0.2335365975543245,0
6,5140,2,0,0,0.1747273430740773,2,-0.5124431458808133,0
8,4751,1,0,0,-0.5767696480693435,2,-0.13449496103458564,0
9,2441,2,0,1,-0.042050635140370954,0,-0.12157648670592403,0
0,6100,2,0,0,0.17885644742101908,1,1.4248311390211696,0
2,4139,2,0,0,2.740965694698451,1,2.6670749428945832,0
0,1420,0,0,1,0.4555064386661245,0,-0.37050554973128785,0
4,2834,1,0,1,-0.5478659176407504,0,0.7336927624377744,0
5,3673,2,0,0,0.06117697353317585,1,-0.7095326901257787,0
5,5191,2,0,0,-0.8059349393246173,2,-0.8343284645699647,0
3,4762,2,1,0,-0.562317782855047,0,2.077131281885704,0
8,1253,1,0,0,2.152568325259234,0,-0.5521922976613105,0
5,4699,3,0,0,1.0418392559318705,2,-0.7501927599679122,0
6,6813,3,1,0,-0.7646438958551987,1,-1.0896339540267832,0
8,1094,0,0,0,-0.31457152203853456,1,-0.878880638857272,0
5,9869,3,0,0,-0.7336756132531347,0,-0.7980573635702609,0
7,5047,3,0,0,-0.11224540903838294,0,0.15807535821644916,0
1,6411,2,1,1,-0.8451614306205653,0,1.398000461569334,0
1,2903,2,0,0,0.3006650256558043,1,-0.7116029584476795,0
6,3948,3,0,0,-0.8348386697532105,0,-0.5274732938978138,0
1,7953,0,0,0,-0.4838648002631514,1,-1.052451934965443,0
4,4689,2,0,0,-0.046179739487312924,2,-0.4932310558535729,0
9,9911,0,0,0,-0.820386804538914,1,0.6001190503087286,0
6,2808,0,0,0,0.37085979955381626,2,0.5666635142268102,0
1,3570,0,0,0,-0.7625793436817278,2,-0.0816617134596748,0
8,9823,1,0,1,-0.8059349393246173,0,-0.677898990167133,0
3,5858,2,0,0,2.5468977903921823,1,-1.0102184611986649,0
2,4345,2,0,0,-0.046179739487312924,1,0.13472273154540687,0
9,3070,3,1,0,1.2028743254626033,2,-0.8596685488300316,0
7,7519,0,0,1,-0.9360017262532863,1,0.883166135279019,0
1,2128,3,0,0,-0.7398692697735474,1,-0.7623659377006895,0
4,4165,3,1,0,0.7383500864316428,2,-0.4679737823263821,0
7,5308,3,0,0,-0.9938091871104726,2,-0.5284670226923263,0
4,1751,2,0,0,-0.9298080697328737,2,-0.47799388100438245,0
7,1526,2,0,0,1.058355673319638,2,0.3145048326192808,0
8,6620,1,0,0,1.1037758211359983,1,-0.17979243191777725,0
5,5923,1,0,0,-0.5334140524264538,1,1.547639455876331,0
2,7786,0,1,0,-0.3950890568039011,0,0.006117663388923175,0
0,7057,2,0,0,-0.9236144132124607,1,-0.894945921035223,0
1,5994,3,1,0,-0.3001196568242381,2,-0.2770950430471194,0
9,4037,1,1,1,-0.3599916698548952,2,-0.8206646936454188,0
9,8800,3,1,0,-0.40128271332431387,1,-0.5630405036680712,0
0,8351,1,0,0,-0.14114913946697596,1,-0.7938340161935832,0
2,9336,2,0,0,0.007498617022931373,0,2.523315510621785,0
3,4553,3,0,0,0.23872846045167623,0,-0.6194346127566517,0
3,3148,0,0,0,-0.4343155480998489,1,-0.38632239971061066,0
1,2687,2,1,1,-0.8141931480185011,0,-0.6061020847636099,0
4,5038,0,0,0,-0.9876155305900597,1,-0.345413897669849,0
0,6234,3,1,1,0.3997635299824093,0,-0.5770355175241213,0
1,9347,2,0,0,-0.28773234378341245,0,-0.4437102375937036,0
7,3523,2,0,0,-0.20102115249763314,1,-0.5113666063534249,0
9,5402,0,0,0,-0.7625793436817278,0,0.0390763350735856,0
6,2123,3,0,1,-0.1721174220690401,1,-0.7725516578444419,0
6,1035,2,1,0,-0.2794741350895287,2,-0.49828251055901124,0
3,9253,1,0,1,-0.11637451338532472,2,2.083342086851407,0
0,4419,3,0,0,-0.12050361773226669,0,-0.0980582385691298,0
5,2488,1,0,0,1.1326795515645915,2,-0.7645190167554665,0
0,5722,1,1,0,-0.42605733940596513,1,-0.1156969246717254,0
3,6621,3,1,0,-0.7274819567327218,1,1.0957412865718033,0
4,8734,3,0,0,0.6103478516764447,2,0.2542186190855267,0
6,7276,1,0,0,-0.34347525246712773,0,-0.290179138841533,0
0,2517,3,0,0,-0.08747078295673168,2,-1.1851975397657286,0
8,7966,3,0,0,-0.7357401654266056,2,0.2247379981816579,0
3,5286,2,1,0,-0.23818309162011,1,-0.6172815337018747,0
2,6944,2,1,0,0.18505010394143195,2,0.9102452449294828,0
0,6379,1,1,1,-0.9194853088655189,0,1.1003786876128612,0
0,5197,1,1,0,0.505055690829427,1,-0.687173792249249,0
2,9848,3,0,0,0.7073818038295786,0,1.8095698039632322,0
9,2721,1,0,1,-0.2443767481405228,0,0.03609514869004819,0
5,8215,0,0,0,-0.31663607421200557,2,0.44393800810452483,0
1,3285,0,0,0,-0.10398720034449918,1,0.5970550531923152,0
3,3599,2,0,0,-0.8451614306205653,1,-0.6498261517221569,0
1,9255,2,1,0,0.6227351647172704,2,1.111144082886746,0
3,4351,1,0,0,-0.14321369164044687,0,0.6180889793428282,0
5,5515,2,0,0,0.26763219088026946,1,0.14639904488092792,0
2,4627,3,0,0,-0.37031443072224984,0,-0.8536233653300811,0
7,6714,3,0,0,-1.014454708845182,2,-0.6893268713040259,0
9,5312,0,0,0,0.44518367779876983,2,0.0016872891800552847,0
3,9782,0,0,1,-0.5994797219775239,0,0.05058702694335447,0
8,3450,1,1,0,0.30685868217621715,2,-0.9786675719728952,0
5,1191,1,1,1,0.13137174743118765,2,-0.696614215797117,0
2,6487,0,0,0,-0.205150256844575,0,1.4360105879594343,0
2,6927,3,0,0,-0.882323369743042,0,-0.5213038942985491,0
8,6808,1,0,0,-0.31457152203853456,0,1.889896214852987,0
5,7068,2,1,0,1.1595187298197138,2,0.7615999794169983,0
8,1599,2,1,0,-0.47147748722232574,0,-0.22840233211601033,0
8,3136,3,1,0,0.17885644742101908,1,0.1794405272984663,0
8,1236,0,0,1,-0.4116054741916686,2,-0.442385265867687,0
2,5896,3,0,0,-0.9876155305900597,2,-0.04199537241205368,0
2,6885,3,0,0,0.2635030865333275,2,-0.6920596254889351,0
3,7135,2,1,0,-0.9360017262532863,1,0.33148103285886826,0
4,4220,2,0,0,-0.6283834524061169,0,-0.22840233211601033,0
1,6550,0,1,1,-0.7316110610796638,1,0.33868556661908317,0
6,8555,2,0,0,0.20776017784961232,2,-0.8936209493092064,0
8,5821,1,0,0,1.7561743079528145,0,-0.7686595533992683,0
1,8545,3,0,0,0.6598971038397474,0,-0.1996670078080259,0
6,2513,2,0,0,-0.07714802208937703,0,-0.6407169711057928,0
8,4208,2,0,0,-0.3579271176814242,1,-0.2944024862182109,0
4,1017,1,0,0,0.32131054739051373,2,-0.28082152602654104,0
2,4739,0,1,0,-0.6036088263244657,0,1.0457236039146773,0
4,4735,1,0,0,-0.9070979958246933,1,1.0015026725588745,0
2,8285,2,1,1,-0.911227100171635,1,-0.49405916318233334,0
2,6831,1,0,0,-1.0082610523247693,1,-0.4016423852926774,0
9,3753,2,0,1,1.34945752977904,0,-0.7856357536388556,0
9,5646,0,0,0,0.47615196040083396,1,-0.040504779220284975,0
2,5541,0,0,0,-0.21134391336498778,2,-0.2196243944311505,0
7,1212,2,0,0,-0.8720006088756873,1,0.2934709064687678,0
6,6864,0,0,0,1.6859795340548025,2,-0.24471604649258938,0
8,4650,2,0,0,2.8875488990148876,1,1.8286162725247206,0
4,6085,2,1,0,-0.9298080697328737,0,-0.48068522982285355,0
2,1121,0,0,0,0.2118892821965541,1,0.5000836849944772,0
6,6113,2,0,0,-0.45702562200802915,2,1.677403874293079,0
0,1475,0,0,0,0.42040905171711856,2,-0.9918344785001849,0
4,6965,3,1,0,-0.050308843834254706,0,-0.23171476143105169,0
0,9559,1,1,0,-0.11843906555879562,0,0.6455821426576721,0
5,3643,0,0,0,-0.5705759915489307,1,-0.7794249486731529,0
9,7896,0,0,0,-0.9917446349370017,1,-0.5342223686272107,0
7,4423,3,0,0,-0.8307095654062686,2,-0.07296658650769093,0
0,9742,2,0,0,-0.09366443947714435,1,0.016772644352306482,0
0,3641,3,0,0,-0.4818002480896804,2,-0.19006096279440565,0
9,8894,2,0,1,-0.9772927697227051,1,1.943143516092278,0
9,5903,2,0,0,0.011627721369873341,2,-0.24082394204741572,0
1,8567,3,0,0,0.860158664666428,1,0.1959198631407975,0
5,9155,3,0,0,0.17885644742101908,2,0.41462300866640817,0
5,1150,0,1,0,0.5752504647274388,2,0.01978143431346914,0
8,6641,0,0,0,-0.06476070904855132,1,-0.17573470600685154,0
4,3254,2,0,0,-0.4508319654876164,1,-0.6694522954137773,0
4,4878,3,1,0,-0.14940734816085974,0,2.8338557589069193,0
0,5414,0,0,1,-0.7316110610796638,2,-0.12298426916481676,0
4,1345,2,1,0,-0.9504535914675829,2,0.018539273320328554,0
8,9629,2,0,0,-0.41779913071208136,2,0.8289251052452156,0
0,5388,2,1,1,-0.7563856871613149,2,-1.045164590472352,0
3,8690,0,0,1,1.5621064036465464,2,-0.3146083050399636,0
6,4783,0,1,0,0.5669922560335551,1,-0.27510758545809455,0
2,4260,1,0,0,-0.9050334436512224,1,0.6978357151024508,0
3,1297,2,0,0,-0.07921257426284793,2,1.2441381198856596,0
1,2793,0,0,0,0.8911269472684921,1,-0.8055931402619801,0
5,9941,0,0,1,-0.8988397871308095,1,-0.15097429687691674,0
6,1949,3,0,0,-0.6448998697938844,2,-0.47285961556606815,0
0,1593,2,1,0,-0.42812189157943614,0,-0.803026007542823,0
3,8413,1,0,0,0.30479413000274624,1,-0.38549429238185035,0
1,5987,0,1,0,-0.5086394263448025,1,1.1989234597353438,0
3,7192,3,1,0,-0.7914830741103208,2,-0.1849266973560915,0
1,2537,0,0,1,0.042596003971937274,0,0.42240721755675553,0
6,1321,3,1,0,-0.5251558437325701,0,0.05654939971042904,0
2,8674,2,1,1,-0.8740651610491582,0,-0.7513521102281768,0
4,9807,0,0,0,-0.6738036002224775,0,1.51277613733552,0
6,4872,0,0,0,-0.33315249159977306,0,-0.8233560424638899,0
1,2832,3,1,0,0.5669922560335551,1,0.20353845056539277,0
9,5821,2,0,0,-0.21753756988540063,2,-0.8867476584804954,0
0,4732,1,1,1,0.06324152570664675,2,0.5476998563981977,0
5,8229,1,0,0,-0.10811630469144097,1,-0.5492111112777732,0
9,2865,1,0,0,0.14995271699242604,0,0.07128971016236343,0
8,2581,1,0,1,-0.6985782263041288,1,-0.2704701844170365,0
5,8213,2,0,0,-0.4116054741916686,1,-0.36255571937518843,0
0,4097,1,1,0,-0.9256789653859316,2,-0.8531265009328248,0
2,6461,0,1,1,0.8890623950950212,0,0.22966523678778195,0
4,6953,2,0,0,0.28827771261497875,1,-0.7484537345775155,0
4,5337,1,0,0,-0.556124126334634,0,0.566497892761058,0
3,4648,0,1,0,-0.5540595741611632,2,-0.8548655263232217,0
9,1229,0,0,0,-0.17831107858945278,2,2.2487151204048503,0
0,2179,0,0,0,-0.8348386697532105,0,-0.36810403847788276,0
4,3062,2,1,0,-0.6676099437020646,1,-0.09085370480891465,0
4,3347,1,0,0,1.5621064036465464,2,0.27351351984564315,0
6,8055,1,0,0,2.0803089991877513,2,-0.6912315181601747,0
9,6422,1,0,0,-0.37031443072224984,1,-0.20562938057510047,0
7,8933,0,0,0,-0.9050334436512224,2,-0.5492939220106493,0
3,7825,2,0,0,-0.6221897958857041,0,-0.6948751904067203,0
1,6662,2,0,0,1.1368086559115334,1,-0.8290285776658984,0
2,1315,0,1,0,-0.9896800827635308,0,-0.5059010979836064,0
3,1940,2,0,0,-0.8121285958450302,1,0.18349825320939211,0
1,9055,2,0,1,-0.16592376554862723,1,-0.982725297883821,0
2,4922,3,1,0,-0.5643823350285179,2,0.15857222261370518,0
8,1549,2,0,0,2.6005761469024273,0,-0.6097457570101554,0
6,6611,0,0,0,-0.626318900232646,2,-0.3502997309095351,0
8,9042,0,1,0,-0.7873539697633789,2,-0.9761832499866141,0
6,3431,1,0,0,1.2648108906667317,0,0.7712888351634946,0
0,4409,3,0,0,0.14375906047201317,2,-0.5203929762369127,0
5,1289,0,1,0,0.2552448778394437,1,0.38058779745435733,0
9,1540,0,0,1,-0.5767696480693435,0,0.9056078438884247,0
6,4367,1,0,0,-0.06476070904855132,0,0.09464233683340549,0
3,1538,0,0,0,-0.0668252612220222,2,1.6526434651631443,0
9,6471,2,0,0,-0.9339371740798154,1,-0.4768345307441179,0
0,6131,0,0,0,0.6578325516662762,1,-9.314157677951538e-05,0
4,9587,1,0,0,-0.6758681523959484,2,-0.7128451194408201,0
4,2618,2,0,0,-0.7687730002021406,2,1.2602862127964864,0
2,7551,3,0,0,-0.29392600030382526,0,-0.19941857560939777,0
8,2798,1,1,0,0.5009265864824852,0,-0.19527803896559598,0
8,8794,3,1,0,-0.6304480045795878,2,-0.8821102574394374,0
5,7422,3,0,0,1.5930746862486105,1,-1.067937542013262,0
0,8072,1,0,1,2.334248916524676,1,2.3460177315341926,0
6,7605,0,1,0,-0.7646438958551987,2,-0.8657965430628584,0
1,7451,2,1,0,-0.853419639314449,0,-0.664400840708339,0
0,3731,3,1,1,-0.6779327045694193,1,-0.4095094049159007,0
4,3222,0,1,1,-0.6407707654469424,2,0.24461257407190656,0
5,1466,2,0,0,-0.16798831772209813,1,0.7295522257939726,0
5,5981,1,0,0,-0.05856705252813846,0,2.180230644316369,0
3,8684,0,1,0,-0.882323369743042,1,-0.7591363191185242,0
5,1138,0,0,0,0.04878966049235013,0,-0.5459814926956078,0
3,7396,0,0,0,-0.948389039294112,0,-1.0039248455000862,0
8,7956,1,1,0,0.5360239734314911,0,-0.8398767836726592,0
7,7574,1,0,0,-0.6882554654367741,1,-0.7095326901257787,0
3,7611,1,0,0,-0.5808987524162853,2,1.9500168069209893,0
7,9731,0,0,0,-0.11843906555879562,1,0.5307236561586105,0
2,8544,3,0,0,-0.203085704671104,0,0.011003496628609319,0
7,4064,0,1,0,-0.10398720034449918,2,0.04056692826535407,0
6,5411,0,0,0,0.701188147309166,2,-0.6912315181601747,0
5,8438,2,0,0,-0.853419639314449,0,-0.5239538377505824,0
2,8991,1,0,0,0.2593739821863857,1,-0.47078934724416727,0
9,4771,1,1,0,-0.8967752349573386,1,-0.795738663049732,0
0,9163,1,1,0,1.0088064211563355,1,-0.6509855019824213,0
9,5362,2,0,0,-0.7501920306409021,1,0.1152622093195385,0
6,9594,3,0,0,0.3481497256456359,0,2.2915282693017605,0
8,7184,3,1,0,-0.9607763523349375,2,1.1755708330643015,0
7,6121,3,0,1,-0.13495548294656312,0,-0.5800995146405347,0
1,6068,3,1,1,-0.5747050958958726,2,-1.0800279090131633,0
4,9033,2,0,0,0.9365470950848528,0,-0.6210080166812963,0
4,6355,2,1,0,-1.0082610523247693,1,-1.077874829958386,0
6,3930,3,0,0,-0.7956121784572627,1,1.1508932346672434,0
2,2103,1,0,0,-0.7254174045592509,2,-0.8783837744600158,0
9,9768,1,1,1,-0.26915137422217406,1,0.5019883318506261,0
6,9292,3,1,0,-0.9690345610288214,2,-0.12058275791141156,0
5,3641,0,0,0,-0.49212300895703515,2,-0.01855993500813543,0
0,2112,3,0,0,-0.7563856871613149,1,1.5198978603628586,0
0,2731,0,1,0,-0.3950890568039011,2,-0.8005416855565421,0
4,9377,0,0,0,-0.42192823505902327,2,-0.19821781998269516,0
9,2088,0,1,0,-0.2732804785691159,1,-0.5068120160452428,0
6,3038,1,0,0,-0.37444353506919176,1,-0.8578467127067588,0
0,2171,3,0,0,-0.9277435175594025,2,-0.8365229489911796,0
6,1420,3,1,1,2.2702477991470773,1,-0.4083500546556362,0
8,3092,2,0,0,0.8229967255439512,2,-0.43915564728552164,0
4,4781,1,0,0,0.734220982084701,1,-0.41534756158366126,0
8,6243,0,1,0,-0.7109655393449543,1,0.07907391905271079,0
0,1961,0,1,0,0.3976989778089384,2,-0.9582961316853904,0
2,8754,0,0,0,-0.3765080872426627,2,-0.4228833382753805,0
4,5107,2,0,0,-0.16798831772209813,2,-0.04530780172709493,0
3,7633,0,1,0,-0.626318900232646,1,-1.0742311577118404,0
2,6239,3,0,0,-0.5705759915489307,2,-0.6558713352221074,0
9,6492,0,0,1,-0.4528965176610873,0,-1.0069888426164995,0
7,3880,1,1,0,0.02607958658416977,1,-0.5536000801202031,0
3,9794,1,0,1,0.12724264308424568,0,-0.9787503827057713,0
0,2507,2,0,0,-0.886452474089984,0,0.0041302057998984735,0
3,1970,2,0,0,0.24079301262514713,0,0.4496933540394094,0
9,9843,3,0,1,-0.35173346116101145,0,0.22105292056867437,0
7,1893,2,0,0,-0.8988397871308095,1,0.05414788845702407,0
2,2380,3,0,0,-0.7336756132531347,1,-0.044272667566144536,0
8,4131,0,1,0,-0.2443767481405228,1,-0.29423686475245886,0
7,1532,1,1,0,-0.4487674133141455,2,1.2418194193651304,0
2,4096,1,1,0,0.09214525613523979,0,-0.4354291643061,0
3,3467,1,1,0,-0.3455398046405987,0,-0.904137912384463,0
8,3635,1,0,0,0.29034226478844966,1,-0.811721134494807,0
8,2954,1,0,0,-0.8926461306103967,2,-0.5493353273770872,0
9,8780,3,0,0,-0.6614162871816519,0,-0.4109999981076694,0
6,5915,3,0,0,-0.5189621872121573,1,-0.8901843038948509,0
5,2110,0,1,0,1.8139817688100008,2,-0.14766186756187535,0
5,4626,2,0,0,0.2552448778394437,0,-0.8551139585218498,0
8,8538,0,1,1,-0.3641207742018371,2,1.1036083061950264,0
4,4352,0,0,0,0.6619616560132183,1,1.259292484001974,0
9,6557,0,0,0,-0.5168976350386864,2,-0.5676779047091293,0
9,3112,0,1,0,-0.6965136741306578,0,0.20552590815441762,0
1,4556,0,0,0,0.8415776951051895,0,0.019284569916212906,0
1,8256,1,0,0,-0.49418756113050605,0,-0.3079006356770047,0
9,9009,1,0,0,-0.12876182642615044,1,-0.6976907553245054,0
1,2415,2,0,1,-0.5375431567733957,2,-0.24388793916382895,0
8,1257,2,0,0,0.1726627909006062,1,-0.7600472371801604,0
0,7742,3,0,0,0.5628631516866133,0,-0.17648000260273577,0
7,4394,0,0,1,0.019885930063757093,0,-0.06037935511053363,0
7,2268,0,0,1,-0.08953533513020258,1,-0.6053567881677255,0
2,5486,0,1,0,-0.21547301771192964,1,0.05704626410768528,0
2,5540,3,0,0,-0.1370200351200342,1,-0.31775511288925296,0
5,5736,1,0,0,-0.17831107858945278,2,0.7162196978009306,0
7,8654,1,1,1,0.8911269472684921,1,1.0825743800445136,0
5,8732,2,1,0,-0.09159988730367347,1,-0.9509259764594232,0
4,1064,3,0,0,0.4327963647579443,0,-0.5938460962979566,0
2,7867,3,0,1,-0.6345771089265296,0,0.17645934091492912,0
7,1856,1,0,1,1.6240429688506746,0,-1.0002811732535406,0
2,9883,2,0,0,-0.7460629262939602,1,0.7778308830607014,0
1,6666,2,1,1,-0.6221897958857041,0,2.2182407707064695,0
5,6629,1,1,0,1.442362377585232,0,0.6061642338086791,0
6,8583,3,1,0,-0.7852894175899081,0,-0.32495964664946814,0
8,3691,0,0,0,-0.7852894175899081,0,0.11302631953188544,0
5,7599,1,0,1,0.4823456169212466,0,-0.043485965603822146,0
6,4932,1,0,1,-0.6056733784979366,1,0.5963925673293068,0
0,2560,2,1,0,1.3370702167382142,2,2.0729079345090264,0
8,3760,2,0,1,-0.5065748741713316,1,-0.25490176663634184,0
0,6246,1,0,0,-0.5148330828652155,0,-0.36860090287513897,0
9,9180,2,1,0,0.6970590429622242,2,0.28494140098253606,0
5,6335,1,0,1,-0.35379801333448235,0,0.1926902445586321,0
6,6819,0,0,0,-0.6923845697837159,0,-0.09905196736364227,0
5,9169,3,0,0,1.3184892471769758,1,1.7578959066485857,0
5,5500,2,0,1,-0.556124126334634,1,-0.4544756328675882,0
1,5663,0,0,0,-0.23198943509969716,1,0.8837458104091513,0
2,7903,3,0,0,-0.5519950219876923,0,-0.19709987508886875,0
8,2923,0,1,0,-0.47767114374273856,1,-0.7382680144337631,0
6,4935,2,0,0,-0.9855509784165888,0,1.6471779567933258,0
1,3882,3,1,0,1.8490791557590063,2,-1.16532296387548,0
8,9250,0,0,0,0.02607958658416977,1,1.2048030217695425,0
6,5884,0,0,0,-0.7790957610694952,2,-0.6012990622567999,0
6,2920,0,0,0,-0.556124126334634,1,-1.0649563556297246,0
7,9211,3,1,0,-0.17831107858945278,0,-0.5012636969425486,0
3,8457,0,0,0,-0.7089009871714834,0,-0.894945921035223,0
2,6472,2,0,0,-0.9442599349471701,1,0.3325161670198185,0
4,6646,3,0,0,0.2841486082680368,2,1.418703144788343,0
7,5510,0,1,0,-0.758450239334786,1,-0.8840977150284623,0
9,4976,3,0,0,-0.011082352538307022,1,-0.8286973347343942,0
9,2193,2,0,1,0.6000250908090901,2,-1.0603603599551046,0
1,8596,3,1,0,0.8436422472786604,0,-0.21656039731473714,0
0,8527,1,0,0,-0.752256582814373,2,-0.8354050040973532,0
2,3916,1,0,0,0.3976989778089384,2,-0.583080701024072,0
9,4336,1,0,0,2.6170925642901945,2,-0.19362182430807526,0
3,8605,3,1,0,-0.7357401654266056,0,-0.546312735627112,0
6,9896,0,0,0,-0.6221897958857041,2,-0.31154430792355026,0
9,5965,1,0,0,-0.7295465089061928,1,1.3642964932887875,0
8,6903,2,0,0,-0.5437368132938085,0,-0.41534756158366126,0
7,3725,3,1,0,-0.8451614306205653,2,0.20022602125035122,0
1,2295,3,0,0,-0.8513550871409781,1,0.22564891624329442,0
0,9241,3,1,0,0.9303534385644397,1,1.9303906632293688,0
8,4360,0,0,0,-0.5747050958958726,2,-0.02187236432317691,0
2,8204,1,0,0,-0.12256816990573757,0,-0.5262725382711113,0
1,8935,3,1,0,-0.8100640436715593,2,-0.989515777979656,0
7,1003,3,0,1,-0.8616778480083327,0,-0.06075200340847575,0
4,2034,0,0,0,0.4348609169314152,0,-0.6548776064275951,0
4,6297,0,0,0,0.9427407516052655,0,-0.543828413640831,0
7,1859,0,0,0,-0.02346966557913256,2,-0.7578113473925077,0
0,9498,3,0,0,-0.7295465089061928,0,-0.8057587617277323,0
9,6174,1,0,1,-0.9896800827635308,0,-0.573888709674832,0
4,2693,0,1,0,-0.9421953827736992,2,-1.0226400711300703,0
6,7148,2,0,1,0.07149973440053049,1,0.13008533050434884,0
6,2088,2,0,0,-0.9690345610288214,2,-0.4029673570186939,0
5,9500,1,0,0,-0.9132916523451061,2,-0.7435679013378294,0
6,5454,1,0,0,-0.7460629262939602,1,-0.6606743577289176,0
9,2645,2,0,0,-0.5519950219876923,0,0.5586308731378344,0
5,6338,2,0,0,-0.8554841914879199,2,-0.7855529429059797,0
9,5399,1,1,0,0.12517809091077478,0,-0.5825010258939396,0
5,2250,1,1,0,0.017821377890286018,1,0.8496277884642246,0
4,1801,3,0,0,-0.07921257426284793,0,-0.7239417576462088,0
8,3292,3,0,0,-0.9463244871206411,0,-0.6831160663383232,0
4,1817,3,1,1,-0.21960212205887153,1,-0.8251364732207248,0
2,2586,3,0,0,-0.7790957610694952,2,-0.6127269433936927,0
6,5373,0,0,0,0.25111577349250197,1,2.6444676128194256,0
8,5322,2,0,1,-0.9421953827736992,2,1.7231982095735268,0
1,6763,3,0,0,-0.7811603132429662,0,-0.7753672227622271,0
8,5573,2,1,0,0.5752504647274388,1,2.3478395676574655,0
0,3522,2,1,1,-0.853419639314449,0,1.5694186786227282,0
5,7999,2,0,1,-0.4136700263651395,1,-0.6743381286534634,0
5,6340,0,1,0,-0.37031443072224984,2,1.4540633277264101,0
3,3102,1,0,0,-0.7914830741103208,0,-1.0486426412531455,0
5,3315,0,0,0,-0.11430996121185383,2,-0.9522509481854398,0
1,6441,0,0,1,0.07769339092094317,0,-0.578608921448766,0
3,9287,1,0,0,-0.6738036002224775,0,-0.7692392285294005,0
1,1657,2,0,0,-0.5065748741713316,0,-0.303842909766079,0
8,2994,1,1,0,2.1587619817796466,2,2.8866061957489544,0
3,8362,3,0,0,-0.5767696480693435,2,-0.3888895324297678,0
2,7248,2,0,0,-0.0028241438444232708,0,-0.7030734529614479,0
2,4943,3,1,0,-0.8224513567123849,2,0.33487627290678557,0
7,1899,3,1,0,1.836691842718181,1,-0.20430440884908393,0
9,6646,3,0,0,-0.2423121959670519,2,1.2038092929750301,0
0,9511,3,1,0,-0.9834864262431179,0,-0.3173410592248728,0
7,6732,2,1,0,-0.9215498610389898,2,-0.578567516082328,0
8,1195,0,1,0,-0.6118670350183495,2,0.43350385576214434,0
5,2146,2,0,0,0.1953728648087866,1,0.5850474969252899,0
3,7739,1,0,0,-0.9174207566920479,0,-0.6880018995780094,0
8,4300,3,0,0,-0.9050334436512224,0,-0.3030976131701946,0
7,9386,0,1,0,0.5360239734314911,1,-0.585565023010353,0
4,8799,2,0,1,-0.5850278567632272,2,-0.5941773392294607,0
8,2493,0,0,0,0.8973206037889048,1,-0.6258938499209825,0
6,3274,0,0,0,-0.7481274784674312,0,-0.17722529919862012,0
0,5684,3,1,0,-0.849290534967507,1,-0.680300501420538,0
0,3631,2,1,0,-0.10398720034449918,0,-0.8421954841931882,0
4,6915,1,0,0,-0.1886338394568076,2,-0.763276855762326,0
7,7784,0,0,0,-0.9091625479981642,2,-0.014792046662275737,0
7,1592,3,1,0,1.3969422297688712,1,-0.02377701117932565,0
8,9347,2,1,0,-0.205150256844575,2,-0.6032865198458246,0
4,4194,3,0,1,-0.3310879394263021,1,0.7923227613140076,0
0,6834,1,1,1,1.1450668646054174,0,0.9097483805322265,0
5,7573,1,0,0,-0.7481274784674312,1,2.661775055990517,0
8,4695,3,0,0,-0.5065748741713316,0,0.43797563533745026,0
4,9701,0,1,0,0.8869978429215503,2,1.5172479169108255,0
4,3865,2,0,0,-0.32282973073241833,0,-0.2143245075270842,0
8,5401,3,0,0,-0.9215498610389898,2,-0.6562025781536116,0
5,2581,2,0,0,-0.9710991132022923,0,-0.7223683537215643,0
0,7802,0,0,0,-0.5375431567733957,1,-0.8262130127481132,0
1,8702,3,0,0,-0.9896800827635308,2,0.3753707212831671,0
9,2911,2,1,0,-0.6820618089163613,1,1.3478999681793322,0
8,4940,3,1,0,0.47615196040083396,0,-0.10683617625398963,0
5,1332,3,0,0,0.701188147309166,1,0.732616222910386,0
5,2332,2,1,0,-0.8245159088858558,1,-0.3235518641905755,0
1,5633,2,0,1,-0.624254348059175,1,1.1942860586942856,0
9,9198,2,0,0,1.8284336340242966,1,-0.31344895477969914,0
4,2342,0,0,1,-0.6015442741509948,0,0.06367112273776825,0
6,1172,1,1,0,-0.3579271176814242,1,-0.18525794028759557,0
3,7759,3,0,0,-0.00901780036483613,1,-0.04688120565173959,0
4,5791,1,0,0,1.3308765602178017,2,1.5634563058556539,0
7,7266,0,0,0,-0.10811630469144097,1,0.1761280979834248,0
4,7748,2,0,0,-0.0028241438444232708,2,-0.9009911045351736,0
1,2728,0,1,0,0.213953834370025,0,-0.1684473615137603,0
0,5351,0,0,0,-0.11843906555879562,0,-0.6718538066671823,0
8,9758,1,0,0,0.22427659523737964,1,1.0053119662711718,0
6,2579,2,1,0,-0.3558625655079533,2,-0.32164721733442664,0
7,2435,3,0,1,-0.8245159088858558,1,-0.6446918862838426,0
4,5489,3,0,0,0.9902254515950971,0,0.5038101679738989,0
8,9069,2,0,1,-0.626318900232646,0,1.1417012433180032,0
9,2003,1,0,0,1.7788843818609945,2,-0.39551439105985065,0
8,5775,1,1,0,-0.4425737567937326,0,1.7063048200668158,0
0,9817,2,0,1,-0.22786033075275527,0,1.6686259366082192,0
0,3084,3,0,0,0.29240681696192056,2,-0.5237054055519542,0
8,8399,1,1,0,0.38118256042117094,0,0.48273483645694765,0
6,3900,3,1,0,-0.9277435175594025,0,-1.047317669527129,0
1,3392,3,0,0,-0.7501920306409021,1,-0.5803479468391628,0
2,6461,2,0,1,-0.7254174045592509,0,-0.772551657844442,0
6,3909,2,0,1,-0.6407707654469424,0,0.8259439188616782,0
4,6209,3,0,0,-0.1390845872935051,1,-0.39692217351874326,0
9,1779,0,0,1,-0.7109655393449543,1,-0.38118813427229653,0
6,4773,3,0,0,-0.6345771089265296,0,-1.0599877116571623,0
8,1491,0,0,0,-0.7171591958653671,2,-0.042906290473689955,0
2,9937,2,1,0,-0.7274819567327218,1,-0.49058111240153984,0
3,7738,1,0,1,-0.32282973073241833,2,-0.24877377240351511,0
6,1635,3,0,0,1.6839149818813313,0,0.6984153902325831,0
7,3518,3,0,0,-0.7625793436817278,0,-0.9813175154249284,0
4,5136,0,0,0,1.248294473278964,0,1.4086830461103428,0
4,6094,0,0,0,-0.170052869895569,2,0.8250330008000419,0
9,2589,0,1,0,-0.042050635140370954,1,1.2034780500435258,0
4,4075,3,1,0,0.3398915169517521,1,-0.6350858412702225,0
9,9347,2,0,1,-0.9958737392839434,1,1.76741914092933,0
6,8490,0,1,0,0.8147385168500676,2,1.3011119041043722,0
9,5814,3,0,1,-0.6820618089163613,2,1.0747073604212898,0
2,7280,0,0,0,-0.8678715045287456,1,-1.0951822731294776,0
8,2129,1,0,0,-0.4694129350488548,0,-0.41952950359390107,0
4,3569,2,1,0,0.8415776951051895,0,-0.4651582174085969,0
9,2592,3,0,0,0.1953728648087866,2,0.7887618998003383,0
3,4253,3,1,0,-0.3021842089977089,1,-1.0412724860271783,0
4,2138,3,1,0,0.8519004559725444,1,-0.5819213507638075,0
6,4590,0,1,0,0.5422176299519038,0,1.2989588250495954,0
1,2950,1,0,0,-0.07921257426284793,1,-0.858177955638263,0
7,9017,1,0,0,0.6991235951356951,1,-0.10128785715129533,0
2,4988,3,0,0,-0.5086394263448025,1,-0.8455079135082295,0
0,9994,2,0,0,0.45757099083959557,2,0.7363427058898074,0
7,5044,2,0,0,2.4705093599737578,2,-0.5873040484007498,0
8,6511,0,0,0,-0.719223748038838,0,2.336411686520573,0
3,3222,2,0,0,-0.22992488292622626,2,2.1831290199670303,0
9,6167,1,1,0,1.2235198471973128,1,0.45296437798801276,0
8,1465,2,0,0,-0.6221897958857041,2,-0.8939521922407107,0
3,9395,1,1,1,-0.7997412828042045,2,-0.028580033686135833,0
3,5054,2,0,1,-0.911227100171635,1,-0.5696653622981541,0
0,3417,0,1,0,-0.2526349568344065,1,-0.7993823352962776,0
4,5804,3,0,0,0.2552448778394437,2,-0.003322760158944801,0
4,4708,3,0,0,0.18298555176796105,0,-0.8045166007345917,0
7,9402,0,1,0,-0.8637424001818036,2,-1.0180854808218882,0
8,7791,2,0,0,-0.4694129350488548,0,2.879650094187368,0
7,8787,0,0,0,0.3832471125946418,0,-0.43584321797048015,0
0,6329,1,0,0,-0.9215498610389898,0,-0.5621295856064349,0
5,5398,2,0,0,-0.10811630469144097,2,0.661564614102747,0
2,6237,2,0,1,0.48441016909471774,1,2.176090107672567,0
3,3575,0,0,0,-0.31870062638547647,1,2.526959182868331,0
9,7380,2,1,0,-0.9360017262532863,1,-0.4572083870524974,0
7,5643,2,0,0,-0.8905815784369258,2,-1.001026469849425,0
5,9573,3,0,1,0.04878966049235013,2,-0.25192058025280456,0
9,1606,2,0,0,-0.45496106983455825,0,-0.046384341254483485,0
5,1372,3,1,0,1.0810657472278182,2,-0.35369497095745256,0
5,9517,1,0,0,-0.496252113303977,2,-0.6723506710644386,0
0,5729,0,0,0,-0.5932860654571109,1,-0.6268047679826189,0
4,1570,2,0,0,0.633057925584625,1,-0.40603135413510727,0
6,2720,2,1,0,-0.719223748038838,0,-0.9777566539112588,0
5,9427,3,1,1,-0.9091625479981642,2,0.765243651663544,0
3,7135,1,0,0,0.10866167352300729,2,2.66003603060012,0
0,3591,3,0,0,0.5091847951763689,2,-0.7257635937694817,0
8,4251,2,0,0,-0.21340846553845877,2,-0.3921191510119332,0
6,1356,0,0,1,-0.5272203959060411,2,-0.3188316524166415,0
3,5663,2,0,1,-0.8265804610593268,2,-0.6453543721468509,0
3,7510,3,0,0,-0.8967752349573386,2,-0.014005344699953362,0
6,3086,0,0,0,-0.4797356959162095,2,-0.8041025470702117,0
4,4722,1,1,0,0.6929299386152821,1,-0.7833170531183266,0
2,7442,3,1,1,-0.7956121784572627,0,-0.4153061562172232,0
1,7418,1,1,0,0.07149973440053049,0,-0.7419944974131847,0
4,7668,2,0,0,0.7507373994724684,1,-0.8662105967272385,0
5,1409,2,1,0,1.6240429688506746,2,0.7524079880677584,0
4,6041,1,1,0,1.1904870124217777,2,0.05754312850494151,0
3,3372,2,0,1,0.4018280821558802,1,0.5218629077408745,0
9,4129,3,0,0,0.3151168908701009,0,0.35027906922172825,0
7,8968,1,1,0,-0.9752282175492342,2,-0.222936823746192,0
5,9417,1,0,0,-0.43638010027331986,0,1.1251390967427959,0
0,7513,2,1,0,1.731399681871163,2,-0.5105384990246644,0
3,4880,2,0,1,-0.22166667423234251,0,0.3952038918069778,0
3,6867,0,0,0,-0.6407707654469424,0,-0.7119342013791836,0
4,6521,0,0,1,-0.9504535914675829,2,-0.0809992275966664,0
8,1328,3,0,0,1.7768198296875233,0,1.4654912088633032,0
2,4597,0,1,0,0.5133138995233107,0,-0.6260594713867345,0
7,2128,1,0,0,-0.04411518731384203,0,0.6837578905135248,0
0,5306,1,1,0,-0.3930245046304302,1,0.9748376165727906,0
4,9434,2,0,0,-0.09366443947714435,1,-0.7553270254062265,0
2,5351,1,0,0,0.22840569958432158,1,-0.5083026092370115,0
5,4974,1,1,1,0.2428575647986182,0,-0.7046468568860925,0
1,4698,2,0,1,-0.5045103219978607,2,0.7024731161435088,0
8,8624,2,0,0,-0.44463830896720363,1,-0.5540969445174594,0
2,8477,3,0,0,-0.979357321896176,0,-0.26401094725270574,0
4,6719,0,0,0,-0.9421953827736992,2,-0.15842726283576,0
0,7377,3,0,0,-0.8781942653961002,1,0.788265035403082,0
4,1228,0,0,1,1.0356455994114575,0,0.041560657059866536,0
9,9799,1,0,0,-0.07921257426284793,1,-0.6011334407910477,0
5,7633,1,1,0,-0.690320017610245,2,-0.7414976330159285,0
6,9354,2,0,0,1.4320396167178773,0,-0.5728121701474436,0
7,1403,2,1,0,2.0204369861570943,1,-0.4399009438814059,0
7,5648,0,1,0,0.604154195156032,2,0.8425060654368853,0
9,6126,0,0,0,-0.8905815784369258,0,-0.18707977641086837,0
5,6175,0,0,0,1.3143601428300342,2,0.41031685055685424,0
2,8868,2,0,0,-0.5251558437325701,0,-0.1754862738082234,0
1,4449,0,0,0,-0.03792153079342917,0,-0.3438404937452043,0
5,4564,2,0,0,-0.915356204518577,0,0.019533002114841023,0
2,9072,0,0,0,-0.6593517350081809,2,-0.4114968625049256,0
1,5967,0,0,0,-0.911227100171635,1,-0.19486398530121582,0
8,7736,3,0,1,-0.6965136741306578,2,-1.0296789834245332,0
2,4858,1,0,0,-0.45909017418150017,2,-0.8255505268851049,0
3,3647,0,1,0,1.9110157209631347,2,1.3383767338985884,0
0,9484,1,1,0,1.634365729718029,0,0.8713242004777461,0
2,8759,0,0,0,-0.5086394263448025,2,-0.5635373680653275,0
9,1959,0,1,0,-0.5230912915590992,1,0.5656697854322976,0
8,3046,3,0,1,-0.7997412828042045,1,-0.6878362781122572,0
0,2316,0,0,0,-0.9772927697227051,1,-0.6969454587286212,0
4,9969,3,0,1,-0.8079994914980884,0,-0.9428933353704477,0
9,1630,3,0,0,0.40595718650282214,2,1.6579433520672104,0
4,4306,3,0,1,-0.5003812176509189,2,0.7312912511843694,0
9,2018,1,0,0,2.090631760055106,1,0.3952452971734158,0
8,5131,2,0,0,-0.7233528523857801,0,-0.4106687551761652,0
3,9378,1,0,1,-0.6448998697938844,2,-0.5442424673052111,0
6,1093,0,1,0,2.7822567381678693,0,-0.03566035134703685,0
8,6979,2,1,1,-0.31870062638547647,0,0.48087159496723686,0
1,5441,0,0,0,0.30479413000274624,0,0.2668886612155602,0
6,2044,3,1,0,-0.6304480045795878,1,-0.664400840708339,0
0,5441,3,0,0,0.5897023299417354,0,-0.7010031846395469,0
3,9487,2,0,1,-0.979357321896176,1,0.5154036705765437,0
1,7045,0,0,0,1.2462299211054932,0,1.4736894714180306,0
5,5225,0,0,0,0.09008070396176888,1,0.30175197975637125,0
5,5761,1,0,0,-0.2794741350895287,2,-0.6365764344619911,0
4,1315,2,0,1,-0.5499304698142213,0,-0.19444993163683555,0
2,1953,1,0,0,-0.8141931480185011,0,0.8006038346016112,0
5,9462,1,1,1,0.13137174743118765,0,-0.42064744848772756,0
5,2612,1,0,0,-0.9587118001614666,0,1.1002958768799853,0
7,5760,1,0,0,0.4038926343293511,2,-0.14749624609612322,0
1,1417,1,1,1,-0.0007595916709523786,2,0.04421060051189986,0
8,7812,2,1,0,-0.8245159088858558,1,0.40298810069732505,0
7,5415,1,1,1,-1.0000028436308854,1,0.029801532991469544,0
1,9208,1,0,0,-0.9958737392839434,1,-0.2693936448896481,0
2,6953,2,0,0,-0.9628409045084084,1,-0.8773072349326273,0
4,8997,1,1,0,0.24905122131903087,2,0.022017324101122192,0
6,3579,3,1,0,-0.9050334436512224,0,-0.29895707652639286,0
6,3160,0,1,0,-0.06063160470160953,1,-0.7877060219607566,0
1,6385,2,0,0,-0.14114913946697596,0,-0.25900089791370556,0
8,7115,0,0,0,0.6722844168805727,0,0.7810605016428669,0
5,6878,0,1,0,-0.4405092046202617,0,-0.31796213972144316,0
7,3630,3,1,1,0.4038926343293511,1,-0.45166006794980296,0
5,4679,3,1,0,0.866352321186841,1,0.3536329039032078,0
7,9638,1,0,1,-0.758450239334786,1,-0.6959931353005469,0
7,9357,0,0,0,0.1623400300332516,1,-0.8699370797066601,0
2,2075,3,0,0,-0.6696744958755356,2,-0.7245214327763412,0
0,7934,3,0,0,-0.6077379306714075,2,-0.8532093116657008,0
1,5033,3,1,0,-0.7233528523857801,1,1.9654196032359317,0
5,9342,3,1,1,1.8759183340141283,1,-0.7547059449096563,0
3,7939,0,0,0,1.6612049079731512,0,-0.8055931402619801,0
9,8798,2,1,0,0.04466055614540835,1,-0.8518015292068083,0
2,3023,0,0,0,-0.8162577001919721,1,-0.9655834761784815,0
0,3328,1,0,0,0.18917920828837373,2,-0.6115675931334282,0
6,3686,2,0,0,-0.7295465089061928,2,-0.039179807494268436,0
4,5336,1,0,0,-0.33521704377324396,2,2.0689330193309763,0
3,5184,2,0,0,0.5979605386356192,1,1.8822776274283919,0
3,4657,3,0,1,-0.5788342002428144,1,1.1955282196874262,0
4,3144,2,1,0,-0.7935476262837918,2,-0.5453190068325996,0
4,1360,1,0,0,-0.14940734816085974,1,0.2406790642602949,0
7,3851,0,1,0,0.860158664666428,2,1.0648114778426037,0
2,6251,0,0,1,-0.8616778480083327,1,-0.3401140107657827,0
5,5091,3,0,0,-0.9669700088553504,2,-0.23067962727010122,0
4,5723,0,0,1,2.6005761469024273,1,-0.1440181953153298,0
8,4822,0,0,1,0.47408740822736306,2,2.348916107184854,0
6,2047,2,1,0,-0.8658069523552745,1,1.135242006153672,0
3,1803,2,1,1,-0.5685114393754597,2,1.0606295358323639,0
0,8372,2,0,0,-0.911227100171635,2,-0.20836213476000964,0
1,5846,1,0,0,-0.7316110610796638,0,-0.6690382417493971,0
2,5223,3,0,0,-0.170052869895569,1,0.6065782874730593,0
9,3565,1,0,0,-0.6738036002224775,0,0.358725763975084,0
6,9384,0,0,0,-0.2072148090180459,0,-0.4241669046349591,0
1,3661,1,0,1,1.6735922210139764,0,-0.7144185233654647,0
8,1257,2,0,0,-0.3827017437630755,0,-1.1404797440126693,0
2,6996,1,0,1,-0.8059349393246173,1,0.8976994188987633,0
9,5466,0,0,0,-0.12876182642615044,2,-0.5511985688667981,0
1,9838,3,0,0,-0.35379801333448235,1,-0.4413915370731746,0
5,7293,3,0,0,1.6529466992792676,0,-0.7641877738239623,0
6,3915,2,1,0,-0.626318900232646,2,-0.8722557802271892,0
7,4529,2,0,0,-0.8348386697532105,1,0.03667482382018039,0
1,2660,1,0,1,-0.9442599349471701,1,1.9453794058799312,0
5,2492,3,0,0,-0.5168976350386864,1,0.08834872113482685,0
8,5781,1,0,0,0.5607985995131424,0,-0.6538838776330825,0
4,7993,0,0,0,-0.59122151328364,1,-0.30433977416333524,0
2,3520,1,0,1,0.18298555176796105,0,-0.6460996687427352,0
2,1074,2,1,0,-0.7811603132429662,1,-0.7205465175982915,0
3,7215,1,0,0,0.5360239734314911,1,-1.1384094756907683,0
6,1925,1,0,0,0.6970590429622242,0,-0.1479102997605035,0
6,6791,2,1,1,-0.7646438958551987,1,-0.7844764033785911,0
6,1183,3,0,0,-0.09985809599755721,2,-0.18857036960263707,0
2,5541,3,0,0,-0.7481274784674312,2,2.876420475605202,0
6,1476,0,0,1,0.013692273543344232,0,-0.5742199526063361,0
4,2031,1,0,0,-1.0165192610186529,2,-0.5802651361062867,0
5,3723,0,0,0,0.14582361264548407,2,0.3931750288515149,0
3,8140,1,0,1,0.41215084302323485,1,-0.8508078004122959,0
1,8889,3,0,0,-0.16798831772209813,0,0.31525012921516515,0
4,5566,3,0,0,-0.006953248191365055,1,-0.34367487227945226,0
0,1076,3,0,1,-0.6614162871816519,2,0.324442120564405,0
7,1584,0,0,0,-0.2567640611813484,2,0.8773693839776966,0
8,1162,1,0,0,-0.6490289741408263,0,-0.32437997151933595,0
7,7568,2,0,0,-0.7006427784775997,2,-0.11983746131552721,0
3,5673,3,1,0,-0.758450239334786,0,-0.7684525265670781,0
4,4727,2,0,0,0.23459935610473445,0,0.5277424697750731,0
3,8807,3,0,0,0.602089642982561,2,-0.024356686309457844,0
8,9369,2,0,0,-0.2443767481405228,0,0.9339291145320289,0
5,1003,2,0,0,0.05498331701276299,1,0.04536995077216425,0
2,9372,3,0,0,-0.463219278528442,1,-0.20596062350660455,0
3,6752,2,0,0,-0.8967752349573386,0,-0.6899893571670341,0
9,8444,0,0,1,-0.5499304698142213,0,0.38621892728992785,0
9,3607,0,1,0,-0.5168976350386864,1,-0.8850086330900986,0
4,2190,1,0,0,-0.9607763523349375,0,-0.8361503006932374,0
0,9701,2,0,1,-0.37444353506919176,1,-0.24827690800625887,0
7,3430,2,0,0,2.4663802556268157,1,-0.8207475043782949,0
5,9536,1,0,1,-0.6098024828448785,2,-0.36139636911492395,0
7,3173,0,1,0,-0.8843879219165129,1,-0.27187796687592913,0
3,9039,0,0,0,-0.3290233872528312,0,-1.0281883902327646,0
2,7055,2,0,0,0.03433779527805352,0,-0.9555633775004813,0
4,9778,0,1,0,-0.37237898289572086,1,-0.21341358946544783,0
3,2541,3,0,1,-0.9607763523349375,1,-0.04712963785036771,0
6,1724,3,0,0,-0.17624652641598187,1,0.4268375917656234,0
0,1551,0,1,0,-0.5396077089468667,1,0.16511427051091218,0
5,3393,2,0,0,-0.7770312088960243,2,-1.0780404514241382,0
7,1020,1,0,0,-0.5148330828652155,0,-0.021789553590300714,0
7,3784,2,1,0,0.25318032566597287,0,-0.7246870542420933,0
1,4231,0,1,0,-0.7501920306409021,2,-0.6923080576875632,0
3,3058,2,0,0,-0.42192823505902327,2,0.10292341012100908,0
2,7392,2,0,0,-0.4033472654977849,0,-0.8475781818301305,0
3,4245,1,0,1,-0.6799972567428904,0,0.20097131784623556,0
4,7187,0,1,0,-0.11430996121185383,0,-0.4918232733946804,0
3,8463,2,0,0,-0.29805510465076707,2,-0.1570194803768674,0
6,4622,1,0,1,0.10866167352300729,2,-0.3955972017927267,0
8,8537,0,1,0,-0.14940734816085974,2,-0.8561076873163621,0
5,6009,1,0,1,-0.2443767481405228,2,-1.0766326689652457,0
0,2728,0,0,0,0.7755120255541196,0,-0.06435427028858327,0
5,2219,1,0,1,-0.7687730002021406,0,2.27587704078819,0
4,8936,0,0,0,-0.529284948079512,0,-0.7213746249270518,0
9,8395,2,0,0,-0.849290534967507,2,0.40518258511854,0
6,6097,0,1,0,-0.2712159263956449,0,-0.11412352074708075,0
8,7633,2,0,0,0.792028442941887,2,-0.5320692895724338,0
1,7449,1,1,0,1.601332894942494,1,-0.2814012011566732,0
7,6422,1,0,0,-0.9277435175594025,1,0.5562707672508675,0
1,1015,0,0,0,1.4733306601872962,2,-0.2558540900644162,0
0,5758,0,0,0,2.127793699177583,2,-1.0392022177052775,0
5,5985,1,1,0,0.16853368655366444,0,0.5833912822677693,0
3,2321,1,0,0,-0.7481274784674312,1,2.2825018994182735,0
0,5945,0,0,0,0.19950196915572854,2,-0.23511000147896927,0
1,3630,0,0,0,0.18505010394143195,0,0.13927732185358893,0
8,6243,2,0,0,-1.0041319479778272,1,-0.14497051874340428,0
9,3488,1,1,0,1.0748720907074054,0,-0.687173792249249,0
8,2909,2,0,0,-0.40954092201819764,0,-0.9253374600007281,0
6,5422,0,1,0,1.0315164950645157,2,-1.0205698028081693,0
9,4107,0,1,0,1.4258459601974645,2,-0.09714732050749354,0
5,2843,3,1,0,-0.7790957610694952,2,1.3554357448710517,0
7,8225,1,0,1,-0.4405092046202617,1,-0.4618043827271173,0
9,4369,2,0,0,1.1636478341666556,2,-0.994318800486466,0
7,1825,3,1,0,-0.8699360567022165,0,-0.8224037190358154,0
0,4599,2,0,0,-0.5437368132938085,1,-0.5365410691477397,0
9,4879,0,0,0,-0.12669727425267938,2,-0.6679617022220087,0
9,6724,2,0,0,-0.6283834524061169,0,-0.12141086524017186,0
4,6418,1,0,0,1.754109755779343,2,0.5866209008499348,0
2,9763,1,0,0,-0.6634808393551228,1,0.17505155845603637,0
6,2374,1,1,0,0.48441016909471774,2,0.21417962973996335,0
2,6332,1,1,0,-0.1390845872935051,1,-0.7239417576462088,0
5,7535,1,0,0,0.31305233869663,0,-0.31775511288925296,0
4,8742,2,1,0,1.1760351472074815,1,-1.1510795178208018,0
7,8959,2,0,0,-0.6036088263244657,0,0.18912938304496263,0
4,2026,0,0,0,-0.6655453915285937,1,-0.8215756117070552,0
5,8700,3,1,0,0.46582919953347934,0,0.9679643257440798,0
2,5685,0,1,0,-0.8451614306205653,1,2.2602258122746193,0
7,7198,1,0,0,-0.979357321896176,1,-0.21796817977362978,0
2,5245,2,1,0,0.22014749089043784,1,-0.2143245075270842,0
6,7607,1,0,0,-0.14321369164044687,0,2.8389900243452337,0
7,8093,3,0,0,-0.49212300895703515,0,0.2899928556879741,0
8,6178,2,0,1,-0.8720006088756873,2,-0.20695435230111703,0
3,6842,1,1,0,-0.6510935263142972,2,-0.025267604371094352,0
4,5914,3,0,1,-0.7667084480286697,1,-0.014833452028713908,0
4,4611,3,1,0,-0.9876155305900597,0,-0.20389035518470366,0
8,2392,1,0,0,-0.1721174220690401,2,-0.6990157270505222,0
1,7873,2,0,0,-0.3310879394263021,2,-0.8028603860770711,0
0,7348,1,0,1,-0.37237898289572086,0,1.510705869013619,0
0,5945,2,0,0,-0.8162577001919721,0,-0.3797803518134039,0
0,9829,2,0,0,0.6681553125336309,0,-0.4980616819380084,0
5,5870,2,0,0,-0.8513550871409781,1,-1.1252425691634789,0
4,7257,1,0,1,-0.38683084811001733,2,-0.7900247224812855,0
2,5899,2,0,0,-0.2897968959568834,0,-0.5766214638597411,0
6,7849,3,0,1,0.5153784516967816,1,-0.6099941892087836,0
2,9784,0,0,1,2.8318059903311714,1,0.8020944277933799,0
0,3106,2,0,1,-0.915356204518577,0,-0.9202860052952899,0
0,7514,1,1,0,-0.5210267393856282,0,0.007525445847815916,0
0,8309,0,1,0,-0.12876182642615044,1,-0.010444483186283998,0
7,7666,0,0,1,-0.17418197424251097,1,-0.5478033288188806,0
2,4014,3,0,1,-0.7976767306307336,0,0.8819239742858787,0
1,7606,2,1,0,-0.34347525246712773,0,-0.8600826024944119,0
4,9554,1,1,0,-0.9876155305900597,2,-0.9248405956034719,0
2,5225,0,0,0,-0.08540623078326079,2,-0.7651815026184747,0
3,5746,3,1,0,1.8057235601161166,2,2.445970286115568,0
2,7214,2,0,0,0.4410545734518281,1,0.23343312513364176,0
2,9010,0,0,0,-0.9029688914777515,1,0.8687570677585889,0
4,3605,2,0,0,0.6722844168805727,1,-0.25250025538293674,0
2,6171,2,1,1,-0.626318900232646,1,-1.0673578668831296,0
3,9338,0,0,0,-0.8678715045287456,2,-0.4935622987850771,0
8,7427,1,0,0,-0.6799972567428904,0,2.4836491695741643,0
9,8905,1,0,1,0.30685868217621715,1,1.1450964833659203,0
6,2713,0,1,0,1.149195968952359,0,-0.6791411511602736,0
5,7776,1,1,0,-0.42192823505902327,2,-1.0042560884315903,0
7,3919,0,1,0,0.019885930063757093,2,0.936579057984062,0
5,6356,1,0,1,0.05911242135970478,2,-0.32106754220429445,0
3,6988,3,0,0,-0.2774095829160578,2,0.012162846888873943,0
6,9454,0,1,0,1.7871425905548781,1,-0.3894692075599001,0
1,8077,0,1,0,-0.9525181436410538,2,0.4710999284878646,0
8,1587,0,1,0,-0.2526349568344065,0,-0.701085995372423,0
1,7202,3,0,0,0.6681553125336309,2,-0.511615038552053,0
4,4674,1,1,0,-0.432250995926378,0,0.8369163409677531,0
0,6682,3,1,0,-0.948389039294112,0,-0.7489505989747718,0
7,7656,0,0,0,-0.8265804610593268,1,-0.6076754886882546,0
9,7949,3,1,0,-0.0668252612220222,2,1.973203812126279,0
4,3540,2,0,0,0.3605370386864614,1,-0.22931325017764673,0
3,3447,1,0,0,-0.35173346116101145,0,-0.9810690832263003,0
7,7232,3,1,0,0.32543965173745554,1,-1.0508785310407984,0
6,9667,2,0,0,-0.6118670350183495,0,-0.8955255961653552,0
8,7999,2,0,1,-0.6799972567428904,2,1.1827753668245167,0
6,7368,3,0,0,-0.9050334436512224,0,-0.12621388774698206,0
2,9086,3,1,0,0.3791180082476998,0,1.0798416258596042,0
7,8672,3,0,0,0.3667306952068743,1,-0.5699137944967821,0
5,4599,1,0,0,-0.8802588175695711,1,-0.25900089791370556,0
1,4983,1,1,0,-0.8720006088756873,2,-0.9408644724149848,0
7,7450,1,1,0,-0.14940734816085974,0,0.05158075573786694,0
2,5690,1,0,0,-0.529284948079512,1,-0.8153234013749145,0
7,2030,3,0,1,-0.5354786045999248,2,-0.2028138156573152,0
4,9699,2,0,0,-0.7935476262837918,1,-0.3112958757249222,0
0,3287,2,0,0,2.7017392034025027,1,-0.022783282384813183,0
6,1807,2,0,0,-0.6448998697938844,1,-0.6009678193252956,0
2,4839,3,0,0,-0.2072148090180459,0,-0.26483905458146606,0
7,7915,1,0,1,-0.20102115249763314,2,-0.5147618464013424,0
1,6105,1,0,0,-0.9401308306002283,2,-0.6603431147974134,0
8,5120,3,1,0,-0.7625793436817278,2,0.8936830983542756,0
0,3752,0,0,1,-0.08953533513020258,2,-1.0999852956362879,0
8,5468,3,1,0,2.577866072994247,0,2.2374114553672717,0
0,4479,1,0,1,-0.4879939046100933,2,-0.9207828696925462,0
0,7495,1,0,0,0.32337509956398464,2,-0.8016182250839305,0
3,6658,3,0,0,2.569607864300363,0,-0.8006244962894181,0
3,1545,3,1,0,-0.4054118176712558,1,-0.1057596367266012,0
4,9880,3,1,0,-0.758450239334786,0,-0.4786563668673907,0
5,3443,3,0,0,0.8229967255439512,0,-0.343260818615072,0
1,7374,3,0,0,1.6157847601567905,2,0.6626411536301355,0
7,9107,3,0,0,-0.9339371740798154,2,-1.121847329115561,0
5,1307,3,1,0,-0.30424876117117994,2,0.4696093352960959,0
6,4863,0,0,0,-0.9256789653859316,0,-1.0575033896708814,0
5,5268,2,0,0,0.038466899624995485,1,-0.6587697108727687,0
3,6783,1,1,0,-0.1886338394568076,2,-0.050442067165409187,0
5,5802,0,0,0,-0.9194853088655189,1,1.686927108573823,0
5,6267,3,1,1,-0.9731636653757633,0,-0.7920949908031863,0
6,2811,0,0,0,-0.22786033075275527,2,0.01696586939568389,0
6,5831,3,0,1,-0.9876155305900597,1,0.025081321217535556,0
4,6216,3,0,0,-0.5210267393856282,2,-0.49008424800428363,0
8,5676,3,0,0,-0.19895660032416215,2,0.2752111398696017,0
5,6749,3,0,0,-0.47354203939579664,0,-0.6721022388658104,0
1,1483,0,0,0,-1.012390156671711,0,-0.7174825204818781,0
6,1334,1,1,0,-0.556124126334634,1,0.4981790381383284,0
2,6845,0,1,0,1.1615832819931848,0,-0.5961647968184856,0
3,3981,2,1,0,-0.9855509784165888,2,-0.2067059201024889,0
7,9350,0,0,0,1.1430023124319464,0,-1.1314533741291815,0
9,7748,2,0,0,-0.31663607421200557,1,1.5002717166712385,0
4,7479,2,1,0,-0.18244018293639475,1,-0.7536708107487059,0
6,6243,2,1,0,0.9509989602991491,0,0.3053956520029169,0
6,3679,0,0,0,-0.6325125567530587,2,-0.4063211917001734,0
6,8621,0,0,0,0.7631247125132942,1,-1.0228056925958222,0
7,6860,1,1,0,0.013692273543344232,2,1.243310012556899,0
8,6780,2,0,0,-0.9050334436512224,0,-0.8741604270833379,0
5,8113,3,0,0,-0.5664468872019888,0,-0.5584031026270132,0
3,8279,0,1,0,-0.9958737392839434,0,0.5876974403773232,0
1,6298,0,0,1,1.2668754428402025,0,1.774209621025165,0
3,3614,0,1,0,0.6247997168907413,1,-0.2862042236634833,0
1,6527,0,1,1,-0.9029688914777515,1,-0.5377832301408804,0
4,2675,0,0,0,-0.8885170262634549,2,-0.627136010914123,0
4,4077,0,0,0,-0.40954092201819764,1,1.5539330715749096,0
5,5155,0,0,0,0.3584724865129906,2,0.9738438877782781,0
7,4656,0,0,0,-0.9628409045084084,2,-0.6143003473183374,0
9,4355,3,1,1,-0.019340561232190773,0,-0.7800874345361613,0
9,5401,2,0,0,-0.9731636653757633,0,-0.6410482140372971,0
4,9987,3,0,1,-0.10398720034449918,1,-0.9523337589183158,0
6,4371,0,1,0,0.8519004559725444,1,0.686656266164186,0
6,9051,3,0,1,-0.5726405437224016,2,0.44741605888531844,0
0,6131,1,1,0,-0.6717390480490066,1,-0.44495239858684404,0
4,8868,3,1,0,-0.7501920306409021,2,0.6322496146646305,0
8,2463,2,0,0,-0.15766555685474348,2,-0.550867325935294,0
9,8357,3,1,0,1.9977269122489134,0,-0.8269583093439976,0
3,1036,1,1,0,2.022501538330565,2,-0.5771183282569974,0
7,7570,0,0,0,1.6901086384017443,0,0.15815816894932505,0
7,9502,1,1,0,-1.014454708845182,2,-0.7988026601661453,0
2,5951,3,0,1,-0.40747636984472674,2,-0.8956912176311073,0
8,8203,1,0,0,-0.6118670350183495,2,-0.754250485878838,0
5,5953,1,0,1,0.17885644742101908,0,1.3557669878025556,0
9,8118,1,0,1,-0.7790957610694952,0,-0.7713094968513015,0
5,8074,3,0,0,-0.21340846553845877,0,-0.40495481460771876,0
7,1255,1,0,0,-0.3125069698650637,0,-0.6033693305787007,0
7,8803,2,1,1,0.9551280646460912,1,-1.0858246603144857,0
2,1201,3,1,1,-0.7790957610694952,1,-0.49107797679879606,0
9,8944,0,0,1,-0.00901780036483613,1,-0.2920837856976819,0
0,7359,0,0,0,-0.027598769926074525,2,-0.841864241261684,0
5,6345,3,1,0,-0.9669700088553504,1,2.2497916599322387,0
5,8688,2,1,0,-0.34141070029365683,0,-0.09797542783625385,0
1,6288,0,1,0,-0.8162577001919721,0,-1.0333226556710788,0
7,9392,3,1,0,-0.7481274784674312,2,-0.3804428376764122,0
5,3728,1,1,0,-0.7150946436918962,2,-0.3228893783275672,0
3,1566,2,0,1,0.1602754778597807,1,-0.7127623087079441,0
6,6947,1,0,0,-0.170052869895569,0,-0.12488891602096551,0
9,8376,3,0,0,-0.8658069523552745,1,0.030712451053105817,0
0,3390,3,0,0,-0.7832248654164372,0,1.4754284968084277,0
8,2213,0,0,0,-0.9380662784267574,2,-0.8407048910014194,0
2,9224,1,0,0,-0.18656928728333652,0,-0.5719012520858071,0
0,6796,3,1,0,-0.3579271176814242,2,-0.47377053362770455,0
2,5849,0,0,0,-0.8967752349573386,2,-0.38607396751198253,0
2,4584,0,0,0,1.2379717124116092,0,0.8162550631151821,0
6,1243,3,1,0,0.10866167352300729,2,1.6925582384093936,0
2,7451,0,0,0,-0.06476070904855132,1,-0.25200339098568053,0
9,9827,2,0,1,-0.5189621872121573,0,0.0647476622651566,0
2,5460,2,1,0,1.7582388601262848,2,1.0787650863322158,0
9,6819,1,0,0,0.12724264308424568,0,0.4516394062619962,0
9,4558,3,1,1,0.7610601603398229,2,-0.5092135272986479,0
3,6069,0,0,0,-0.9215498610389898,0,0.24941559657871673,0
0,4200,3,0,1,0.30479413000274624,1,0.20213066810650018,0
3,5476,1,0,1,-1.0061965001512982,2,-1.0161808339657394,0
0,2357,2,1,0,-0.8967752349573386,1,-0.7164059809544897,0
4,9665,1,1,1,-0.8430968784470944,1,0.9421273770867565,0
2,5895,3,0,0,-0.5189621872121573,0,0.1690891856889618,0
5,4039,3,0,0,1.1615832819931848,1,0.46016891174822794,0
2,9693,1,0,0,0.07975794309441425,0,-0.9694755806236552,0
4,8215,0,1,0,-0.496252113303977,2,1.5531049642461494,0
6,8874,2,0,0,-0.752256582814373,0,-0.2717951561430531,0
3,9041,3,1,0,0.35640793433951967,0,-0.19130312378754616,0
1,8281,0,1,0,2.4808321208411126,0,0.27169168372237035,0
3,8802,1,0,0,-0.050308843834254706,2,0.11211540147024918,0
1,3667,1,0,0,-0.820386804538914,2,-0.11288135975394016,0
3,5189,3,0,1,-0.8286450132327977,2,0.261588774311494,0
5,7724,0,0,1,0.9117724690032014,0,0.5013258459876178,0
6,9128,2,0,0,0.5133138995233107,0,0.028145318333948687,0
8,3451,2,0,0,1.6240429688506746,0,-0.4174592352720002,0
4,7750,3,1,0,1.15126052112583,2,0.9882529552987085,0
0,3858,3,0,0,-0.8472259827940362,2,0.03634358088867631,0
2,5288,0,1,0,0.007498617022931373,2,-0.6024584125170643,0
2,8674,0,1,1,-0.41779913071208136,0,0.9413820804908725,0
8,1955,1,1,0,-1.0061965001512982,2,-1.0928635726089486,0
8,5332,1,0,0,0.9571926168195621,2,-0.9144892539939674,0
9,6668,1,0,1,2.4416056295451654,0,-0.7554926468719786,0
3,5698,0,1,1,-0.44463830896720363,1,0.6551881876712925,0
1,1450,3,0,1,2.1360519078714666,1,-0.3539434031560807,0
6,3421,3,0,0,1.5042989427893603,0,0.8279313764507031,0
2,3453,1,1,1,0.0529187648392921,2,-0.8031088182756992,0
2,3609,0,0,0,-0.05650250035466756,1,-0.5519438654626824,0
5,4049,1,1,0,-0.7439983741204893,0,1.0607951572981158,0
3,7635,1,0,0,-0.4983166654774479,2,-0.3952659588612225,0
8,8519,2,0,0,1.285456412401441,0,-0.6848550917287201,0
9,5451,2,0,0,-0.5437368132938085,1,-0.2578829530198791,0
2,2692,1,0,0,-0.7790957610694952,0,0.6662434205102431,0
8,8657,2,0,0,-0.9607763523349375,2,-0.6736756427904551,0
1,4171,0,0,0,0.1396299561250714,0,1.2572222156800732,0
8,4725,1,1,0,-0.15973010902821436,2,0.21388979217489718,0
1,6680,1,0,0,0.4864747212681886,2,-0.24753161141037466,0
4,2902,3,0,0,-0.6428353176204133,2,0.0828832127650085,0
4,5145,1,0,0,-0.8947106827838677,0,0.46505474498791405,0
4,4591,3,0,0,2.251666829585839,1,0.39300940738576273,0
8,1274,2,0,0,0.8229967255439512,1,-0.3471115176938078,0
5,3732,2,0,0,-0.9463244871206411,1,-0.6008021978595436,0
2,2686,1,0,1,-0.4859293524366223,0,-0.5428346848463185,0
4,3290,1,0,0,-0.17831107858945278,0,-0.7983886065017651,0
6,8757,0,0,0,-0.23198943509969716,1,1.8245585466137948,0
1,3084,0,0,0,0.10040346482912353,1,2.1905819859258733,0
8,5024,2,0,0,-0.9979382914574145,2,1.3001181753098596,0
6,6315,2,1,0,-0.7027073306510705,2,0.6715847127807474,0
0,3933,3,0,0,1.6157847601567905,1,1.3496389935697293,0
2,7076,0,1,0,-0.2794741350895287,2,-0.2729545064033176,0
7,7225,3,0,0,1.508428047136302,0,-0.9368481518704971,0
0,5477,1,0,0,0.9448053037787364,1,0.0644164193336526,0
1,4559,2,1,0,-0.8947106827838677,2,-0.7765265730224917,0
7,9528,1,0,1,-1.014454708845182,2,0.7459487509034276,0
1,7898,0,0,0,0.7548665038194102,1,-0.4359674340697942,0
7,3698,1,1,0,-0.5148330828652155,0,-0.17556908454109937,0
2,8487,3,1,0,-0.7729021045490825,0,-0.5770355175241213,0
0,4735,0,0,0,-0.7605147915082568,0,0.11890588156608406,0
3,6544,2,1,1,-0.7233528523857801,1,0.1639963256170856,0
5,9672,3,0,0,-0.26502226987523214,0,0.07054441356647909,0
9,8880,2,0,0,-0.2918614481303543,2,-0.45588341532648086,0
0,9997,3,0,0,0.725962773390817,1,0.5409921870352389,0
5,2596,3,0,0,-0.41779913071208136,2,0.0884315318677028,0
8,4701,0,0,0,-0.3372815959467149,0,0.758370360834833,0
6,5392,2,0,0,-0.8575487436613908,1,2.1905819859258733,0
9,8945,1,0,0,-0.4879939046100933,0,-0.6898237357012822,0
5,6729,0,0,0,1.4919116297485344,0,-0.6759943433109842,0
0,9674,1,0,0,-0.24850585248746465,2,0.1570816294219367,0
7,7616,2,0,0,-0.5065748741713316,0,-0.4898358158056555,0
4,7420,1,1,1,0.9654508255134456,2,-0.18368453636295093,0
5,6705,1,0,0,0.3687952473803452,0,-0.5497079756750295,0
3,4448,1,1,0,0.16853368655366444,1,-0.7081249076668862,0
4,6243,0,0,0,0.5938314342886772,1,2.153565588330285,0
0,9247,3,0,1,-0.4054118176712558,2,-0.19221404184918262,0
6,8129,3,0,0,-0.9463244871206411,1,-0.41323588789532234,0
8,7314,1,0,0,-0.06269615687508043,1,0.5830600393362652,0
8,8191,3,1,0,-0.3290233872528312,1,-0.31096463279341807,0
2,3320,1,0,0,0.37085979955381626,1,-0.8248052302892206,0
4,8359,0,0,1,-0.027598769926074525,0,-1.0066575996849954,0
7,3366,2,0,1,-0.01727600905871988,0,0.6348167473837876,0
9,9582,0,0,0,-0.979357321896176,2,-0.4836250108399528,0
1,1566,0,1,1,-0.02966332209954542,1,0.44824416621407875,0
1,5450,2,0,0,-0.31663607421200557,2,0.707524570848947,0
5,9697,1,0,0,-0.05856705252813846,2,-0.2703045629512845,0
2,8952,0,1,1,-0.6882554654367741,1,0.9768664795282537,0
0,8417,1,1,0,-0.6036088263244657,0,-0.6751662359822238,0
8,4481,2,0,1,-0.11018085686491186,0,0.2812977287359905,0
5,9497,3,0,1,-0.14734279598738884,1,1.148740155612466,0
4,7974,0,0,0,-0.6428353176204133,2,1.1556962571740532,0
1,9608,3,0,0,-0.8183222523654431,1,1.3891397131515983,0
2,5567,2,0,0,-0.8885170262634549,0,-0.7403382827556639,0
4,7255,2,1,0,1.2710045471871443,2,0.07443651801165276,0
2,5480,0,0,0,-0.7336756132531347,1,-0.7950761771867237,0
0,6386,0,1,0,-0.8410323262736232,2,-0.19030939499303376,0
3,9774,2,0,0,-0.8183222523654431,2,-0.7279166728242586,0
9,1553,2,0,0,1.3453284254320979,1,-0.7385992573652673,0
8,4431,3,0,0,-0.8327741175797395,2,-0.2537424163760773,0
7,4490,0,0,0,-0.8781942653961002,2,0.1738093974628958,0
8,8001,0,1,0,-0.05237339600772578,0,-0.9306373469047944,0
0,6191,0,1,0,0.14788816481895514,0,0.6744002776985327,0
0,4482,0,0,0,0.7528019516459393,2,-0.5818385400309314,0
5,8514,1,0,1,-0.3579271176814242,1,-0.887741387275008,0
6,7257,0,1,1,-0.6717390480490066,2,-0.04597028759010332,0
3,7933,3,0,0,-0.7811603132429662,1,-0.2193345568660844,0
7,5322,1,1,1,1.8821119905345414,1,0.06648668765555349,0
2,7645,3,0,0,0.6846717299213985,2,0.9159591854979294,0
0,3955,1,1,0,0.48441016909471774,2,-0.44255088733343906,0
8,1104,0,0,0,0.3832471125946418,0,-0.8349081397000969,0
1,9228,3,1,0,-0.7501920306409021,1,-0.6875878459136291,0
7,3557,3,0,1,-0.9772927697227051,0,-0.7853873214402275,0
5,8218,0,1,0,-0.43844465244679076,1,-0.850973421878048,0
6,7226,1,1,0,-0.7605147915082568,0,-0.795655852316856,0
7,7896,2,0,0,0.34195606912522303,0,-0.49298262365494494,0
2,3270,2,0,1,-0.9070979958246933,0,-0.3647087984299653,0
7,7998,0,1,0,-0.8245159088858558,0,-0.9196235194322817,0
4,5045,1,0,1,-0.5086394263448025,0,-0.7738766295704586,0
9,3021,2,0,0,0.49473292996207235,0,-0.1570194803768674,0
5,3306,2,1,0,0.2428575647986182,1,0.7107541894311123,0
6,2391,2,0,1,-0.6015442741509948,0,-0.8996661328091571,0
0,2745,3,0,0,1.9770813905142046,1,1.6321892141427632,0
6,3203,1,1,0,2.966001881606783,2,-0.9539071628429605,0
2,5620,2,0,0,-0.9607763523349375,0,-0.8316785211179315,0
3,1569,3,0,0,-0.8472259827940362,0,-0.47650328781261375,0
6,1985,2,0,0,0.9365470950848528,1,-0.3856599138476024,0
6,6657,2,0,0,0.44518367779876983,2,0.1314931129632416,0
6,9300,2,0,1,-0.690320017610245,0,0.042968439518759276,0
9,9771,1,1,0,2.505606746922764,2,0.42364937854989615,0
8,2067,3,0,0,0.2098247300230832,0,-0.6349202198044704,0
8,9945,0,1,0,-0.09572899165061544,1,0.10060470960048018,0
7,6451,1,0,0,0.4678937517069502,0,-0.8383033797480145,0
7,4089,1,0,1,-0.38889540028348835,1,-0.7876232112278805,0
8,3736,1,1,0,-0.7790957610694952,2,0.9799718820111049,0
9,8143,1,0,0,-0.9834864262431179,1,-0.5773667604556255,0
0,5012,2,1,0,-0.5932860654571109,2,0.2516514863663696,0
1,3360,1,1,0,0.5401530777784329,2,0.7640843014032794,0
4,5012,3,0,0,-0.22786033075275527,1,0.30340819441389194,0
7,3336,2,0,0,0.9943545559420389,0,0.7468596689650641,0
5,4213,3,1,0,-1.01032560449824,1,1.1670413275780702,0
4,2411,0,1,1,-0.1906983916302785,1,0.3766128822763077,0
9,7737,0,0,0,-0.6469644219673554,1,0.6052533157470428,0
3,4566,1,1,0,-0.6077379306714075,0,1.9718788404002627,0
6,8302,2,0,0,-0.8265804610593268,1,-0.24156923864330007,0
1,4684,0,1,1,0.9468698559522073,1,-0.21109488894491882,0
2,6252,0,1,0,-0.6531580784877681,2,-0.7623659377006895,0
8,3734,1,1,0,-0.3310879394263021,2,-0.04240942607643372,0
9,3274,1,0,1,-0.5045103219978607,1,-0.578567516082328,0
9,5387,0,0,0,-0.3930245046304302,2,-0.6239063923319575,0
4,4079,2,1,0,-0.9958737392839434,1,0.7725309961566352,0
6,9277,0,1,0,-0.7501920306409021,0,-1.1521560573481902,0
2,6348,0,0,0,-0.9876155305900597,2,0.6502195436987301,0
3,3952,0,0,1,-0.6861909132633031,1,-0.539273823332649,0
5,7469,1,0,0,-0.9855509784165888,2,-0.4422196444019349,0
8,9489,1,0,1,-0.16179466120168526,2,1.3021884436317606,0
8,4502,2,0,1,1.2895855167483827,1,2.023469926982033,0
1,1975,0,0,0,-0.853419639314449,1,-0.8389658656110227,0
0,1369,3,1,0,0.19743741698225747,0,-0.9715458489455561,0
5,7385,2,0,0,0.7817056820745326,2,-0.6788099082287694,0
0,9635,0,1,0,-0.626318900232646,1,-0.8722557802271892,0
9,2578,2,0,0,0.038466899624995485,0,0.6867390768970619,0
5,8211,1,0,0,0.6165415081968576,1,-0.659597818201529,0
5,7523,3,0,0,0.04053145179846638,2,-0.5669740134796829,0
0,3089,2,1,0,-0.7790957610694952,1,0.10880297215520769,0
9,4979,3,0,0,-0.03379242644648738,2,0.40298810069732505,0
5,8739,1,0,0,2.028695194850978,1,-0.3543574568204608,0
7,6473,2,0,0,0.6867362820948694,0,-0.2963899438072357,0
1,5447,1,1,1,-0.44670286114067453,2,-0.2764325571841111,0
5,7284,1,0,0,0.20156652132919944,1,1.317508429213827,0
0,9330,3,0,0,-0.5437368132938085,2,-1.0348132488628474,0
6,4713,0,0,0,0.18505010394143195,0,-0.8596685488300316,0
1,4172,3,0,0,0.024015034410698875,0,0.26672303974980816,0
4,5023,3,0,1,0.49886203430901416,2,-0.41522334548434725,0
6,6583,1,0,0,-0.2794741350895287,2,-0.4851570093981595,0
1,9214,0,0,1,0.17885644742101908,2,-0.5945913928938409,0
6,4868,2,1,0,-1.0000028436308854,0,1.002993265750643,0
2,4619,1,0,0,-0.6923845697837159,0,-0.22028688029415877,0
9,3194,3,0,1,2.6005761469024273,0,-0.7906872083442938,0
1,2616,1,1,1,1.450620586279116,1,-0.652558905907066,0
6,4206,0,0,0,1.1946161167687197,0,-0.6851863346602242,0
4,2407,0,1,0,-0.05856705252813846,1,-0.828034848871386,0
2,1501,2,1,1,-0.853419639314449,1,0.41172463301574697,0
0,8527,3,0,0,0.9633862733399747,2,0.6065782874730593,0
1,7036,3,0,0,0.7899638907684161,0,-1.109839772848536,0
0,9726,1,0,0,0.3316333082578684,2,-0.9009911045351736,0
9,7187,0,1,0,-0.08953533513020258,0,-0.7855529429059797,0
7,3202,0,1,0,-0.65728718283471,0,-0.08422884617883192,0
1,5597,1,0,0,-0.21134391336498778,0,-1.0790341802186507,0
4,1652,3,0,1,-0.7357401654266056,2,0.48273483645694765,0
6,4242,1,0,1,-0.21753756988540063,0,-0.6159565619758581,0
9,8355,1,0,0,-0.07095436556896417,1,0.3007582509618589,0
3,1246,1,0,0,0.6268642690642122,0,-0.26218911112943294,0
9,1425,2,0,0,0.8374485907582477,1,-0.4781871060477598,0
2,2671,0,0,1,1.3329411123912724,0,0.3489126921292737,0
0,4157,0,0,1,-1.01032560449824,0,-0.50499017992197,0
0,6184,1,1,0,2.621221668637136,0,0.06607263399117322,0
0,5479,2,0,0,0.017821377890286018,1,-0.21705726171199338,0
1,2625,0,0,0,0.04672510831887924,1,0.2538873761540226,0
8,3085,2,1,0,0.8477713516256022,0,-0.19536084969847195,0
4,5463,1,0,0,-0.4054118176712558,0,-0.3074865820126246,0
7,4381,2,0,1,-0.013146904711777915,2,-0.5242850806820863,0
3,6875,0,0,0,-0.981421874069647,2,-0.7694048499951526,0
5,2183,1,0,1,-0.5540595741611632,0,-0.09482861998696453,0
0,2061,3,1,1,0.005434064849460481,1,0.32907952160546305,0
2,1081,1,1,1,-0.44670286114067453,0,-1.0874808749720064,0
2,9706,1,0,0,-0.6098024828448785,0,2.697797724791593,0
6,5213,2,1,0,-0.8967752349573386,1,-0.30541631369072364,0
5,3290,2,1,0,0.5298303169110783,0,-0.2011576009997945,0
1,6857,3,0,1,-0.05237339600772578,0,-0.698891510951208,0
1,9070,2,0,0,2.323926155657322,0,-0.588049344996634,0
7,6428,2,0,0,-0.8616778480083327,0,-0.2675304033999372,0
9,2339,2,0,0,0.13137174743118765,2,-0.7396757968926557,0
4,1515,0,1,0,1.477459764534238,2,-0.8832282023332639,0
3,5982,2,1,0,-0.6552226306612391,1,1.646846713861822,0
6,9146,2,0,0,-0.027598769926074525,2,0.5464576954050572,0
9,7891,3,1,1,-0.3599916698548952,1,-0.10799552651425426,0
4,9717,2,1,0,0.0013049605025186968,1,0.9791437746823448,0
8,1356,0,0,0,-0.44670286114067453,1,0.2771571920921887,0
1,2304,2,0,0,-0.8018058349776755,0,2.979022973638611,0
4,5187,0,0,0,0.17885644742101908,1,-0.5835775654213281,0
8,4646,2,0,0,-0.47147748722232574,0,0.0969610373539345,0
2,1948,2,1,0,-0.8596132958348617,2,0.45056286673460777,0
5,1612,2,0,0,-0.8389677741001523,0,0.22966523678778195,0
6,4840,2,0,1,1.5042989427893603,2,0.3548336595299103,0
2,6206,1,1,0,-0.595350617630582,0,-0.5939289070308327,0
1,1949,1,0,0,-0.9504535914675829,1,-0.20736840596549716,0
1,8042,0,1,0,-0.9029688914777515,2,-0.5915273957774275,0
4,5575,2,1,0,2.6459962947187874,1,0.33172946505749634,0
4,2770,0,0,0,0.5360239734314911,0,0.6857453481025497,0
2,2397,1,0,0,-0.8348386697532105,1,0.33023887186572765,0
1,6661,3,0,1,-0.8389677741001523,2,-0.9125846071378186,0
4,2553,1,0,0,-1.0020673958043562,0,-0.4333174906177611,0
2,9801,0,1,0,-0.7006427784775997,2,-0.5363754476819876,0
7,7948,3,0,0,-0.9752282175492342,1,-0.7323884523995646,0
7,3547,2,0,0,2.5964470425554853,1,-0.6108222965375438,0
8,9297,0,1,0,1.28339186022797,1,-0.3320813696768072,0
0,1112,1,0,1,-0.6593517350081809,1,-0.012763183706813012,0
8,5761,3,1,0,-0.35173346116101145,1,-0.7692392285294005,0
5,8599,1,1,0,-1.0165192610186529,1,-0.5489626790791451,0
8,5421,1,0,0,-0.1886338394568076,1,1.0154148756820485,0
1,5816,3,1,0,0.02607958658416977,1,0.25761385913344415,0
2,8903,3,0,0,-0.7398692697735474,1,-0.4110828088405455,0
5,5625,0,1,0,-0.5705759915489307,0,-0.38433494212158587,0
8,2968,3,1,0,-0.7976767306307336,1,-0.14302446652081735,0
8,2014,0,0,0,0.23872846045167623,1,0.36369440794764607,0
2,5209,0,0,0,-0.8430968784470944,2,-0.33986557856715455,0
6,9222,1,0,0,-0.5148330828652155,1,-0.46317075981957195,0
5,1546,2,0,0,0.2655676387067984,0,0.5313861420216187,0
4,3378,1,1,0,0.04466055614540835,0,0.2135585492433931,0
0,2903,3,1,0,-0.5168976350386864,0,0.1167528025113072,0
5,6607,2,0,0,0.8766750820541954,2,1.2764343057073133,0
0,5647,2,0,0,-0.4054118176712558,0,-0.8477438032958825,0
7,2472,2,1,0,0.8560295603194862,1,0.025495374881915594,0
8,9660,0,0,0,-0.8430968784470944,2,-0.22398575969595505,0
9,4934,1,1,0,1.5889455819016687,0,-0.613223807790949,0
2,3375,3,0,0,1.4237814080239937,0,0.10499367844290998,0
0,1353,3,0,0,-0.8905815784369258,1,1.448597819356592,0
0,9794,0,0,1,0.346085173472165,2,-0.059965301446153356,0
9,7462,1,1,0,0.05911242135970478,0,-0.28901978858126853,0
3,6501,3,1,0,-0.7790957610694952,0,-0.6880847103108854,0
6,6369,1,0,0,-0.6036088263244657,0,0.11915431376471218,0
5,6342,0,0,1,2.1257291470041118,0,-0.7649330704198466,0
1,7708,1,0,0,-0.7832248654164372,2,-0.6724334817973145,0
6,9068,2,0,0,1.477459764534238,1,0.8542651895052826,0
0,5284,2,1,0,-0.36824987854877894,2,0.14027105064810141,0
4,8223,2,0,0,-0.752256582814373,0,-0.26111257160204454,0
9,4976,2,1,1,0.39563442563546736,2,1.7864656094908185,0
3,2446,0,1,0,-0.8905815784369258,0,-0.5590655884900215,0
0,3532,3,0,0,-0.9690345610288214,2,-0.8723385909600652,0
6,3285,2,0,0,0.06324152570664675,1,-1.0304242800204175,0
4,8853,1,0,0,-0.6676099437020646,2,0.9163732391623093,0
2,9100,2,0,0,0.22840569958432158,0,-0.2404926991159115,0
4,3231,3,0,0,-0.33521704377324396,1,-0.7787624628101446,0
8,4973,3,0,0,-0.7130300915184252,0,-1.0020201986439374,0
6,2528,1,1,0,-0.47560659156926766,2,-0.23991302398577932,0
8,6787,3,0,0,-0.19482749597722027,0,0.4724249002138811,0
7,1826,1,0,0,1.0748720907074054,2,2.177994754528716,0
0,3634,1,0,0,-0.7398692697735474,0,0.43193045183749973,0
4,3033,3,0,0,0.47615196040083396,2,-0.7463834662556146,0
3,1944,3,1,0,-0.6201252437122332,0,-0.8661277859943625,0
8,2658,2,0,0,2.559285103433008,0,-0.7822405135909382,0
7,1610,0,0,0,-0.6593517350081809,2,-1.1162161992799908,0
1,4191,2,0,1,-0.8079994914980884,0,0.4820309452275013,0
3,5374,3,1,0,-0.41986368288555237,2,-0.7626557752657557,0
4,4017,3,1,0,2.6625127121065546,0,-0.15089148614404077,0
2,1781,3,1,1,-0.17418197424251097,1,-0.8209131258440469,0
1,3996,1,0,0,0.5029911386559561,1,1.862320240805267,0
1,5651,1,0,0,-0.37237898289572086,0,0.5724602655281326,0
5,9923,2,0,0,0.06737063005358852,0,-0.6021271695855601,0
1,4115,0,0,1,-0.18244018293639475,2,-0.7521802175569372,0
9,3101,2,0,1,-0.5127685306917444,0,-0.40313297848444596,0
6,5339,3,0,0,0.2635030865333275,2,-0.9900954531097881,0
1,9381,1,0,0,1.089323955921702,0,0.7600265754923539,0
7,5446,0,1,0,-0.07301891774243507,1,-0.7064686930093653,0
0,7238,0,0,1,1.6735922210139764,2,0.09501498513134776,0
7,6021,2,1,1,-0.39921816115084297,2,-0.7647674489540945,0
4,9539,2,0,0,-0.7605147915082568,1,-0.27750909671149954,0
7,8292,3,0,1,-0.5458013654672794,1,0.7661545697251804,0
1,3852,0,0,1,-0.7027073306510705,0,-0.14352133091807356,0
9,2404,2,1,0,2.5737369686473044,2,-0.273865424464954,0
6,4949,1,1,0,1.634365729718029,2,0.3306529255301077,0
4,6372,3,0,0,-0.911227100171635,1,-0.4519913108813072,0
3,6043,0,0,0,-0.8575487436613908,2,-0.5971585256129981,0
7,8930,1,0,0,-0.7852894175899081,2,-0.978253518308515,0
9,7418,0,0,0,1.2359071602381384,1,0.05936496462821429,0
5,7717,2,1,0,-0.3765080872426627,0,0.3815815262488698,0
5,9723,1,0,0,1.7726907253405815,2,-0.234695947814589,0
0,8509,3,1,0,0.19743741698225747,0,-0.8962708927612396,0
6,7803,0,1,0,0.14582361264548407,2,-0.7605441015774167,0
3,1193,3,0,0,-0.8843879219165129,2,-0.38416932065583376,0
5,5402,3,0,0,0.07769339092094317,0,1.8706841248257466,0
0,2053,2,0,0,-0.7254174045592509,1,0.7466940474993119,0
5,6458,0,0,0,0.30892323434968805,0,2.789303584619612,0
3,7571,2,1,1,0.49473292996207235,2,-0.5404331735929134,0
5,7278,3,0,0,0.04878966049235013,1,-0.9247577848705959,0
5,7662,1,0,0,1.3122955906565628,0,-0.8057587617277323,0
6,8830,3,1,1,-0.49418756113050605,0,-0.8457563457068576,0
0,8662,0,0,1,-0.5974151698040528,0,-0.47227994043593596,0
3,8045,2,1,0,-0.16592376554862723,0,-0.7778515447485083,0
0,8262,2,1,0,-0.16798831772209813,0,1.2053826968996748,0
6,3680,3,0,0,-0.2588286133548193,1,0.08652688501155406,0
6,7549,3,0,0,-0.5272203959060411,2,-0.21486277729077846,0
3,3868,1,0,0,-0.6510935263142972,1,-0.16099439555491712,0
0,6281,1,0,0,0.23459935610473445,1,0.7697982419717259,0
4,2213,0,0,0,-0.34347525246712773,1,-0.3910426114845448,0
6,1428,3,1,0,-0.7770312088960243,1,-0.12273583696618864,0
3,5979,1,0,0,-0.12876182642615044,0,-0.495466945641226,0
4,4184,0,1,0,0.06737063005358852,0,-0.25995322134178,0
3,7995,2,0,0,-0.5705759915489307,2,2.268506885562223,0
4,5770,3,0,1,-0.03585697861995828,1,2.2967453454729507,0
9,1913,0,0,0,0.057047869186233884,1,-0.5121947136821852,0
7,3125,3,0,0,2.367281751300211,2,0.15252703911375465,0
5,8904,2,1,0,1.543525434085308,0,-0.9069534773022482,0
0,8885,2,0,0,-0.8761297132226291,2,0.2607606669827334,0
5,5786,3,1,0,-0.3455398046405987,1,0.17770150190806946,0
5,1392,0,0,0,0.8560295603194862,1,0.04363092538176743,0
2,1747,3,0,1,0.005434064849460481,0,1.903477175044657,0
0,4518,1,0,0,-0.7274819567327218,0,-0.37050554973128785,0
8,7703,2,0,0,1.1553896254727718,2,2.736967201441958,0
4,5921,1,0,0,0.9737090342073296,0,0.026903157340808337,0
0,3142,0,0,0,-0.16385921337515633,1,-0.2011576009997945,0
4,2635,0,0,1,-0.9628409045084084,0,-0.2064574879038608,0
2,8206,3,0,0,-0.38683084811001733,1,-0.9375106377335054,0
3,1869,3,0,0,-1.012390156671711,0,0.9593520095249719,0
2,6790,0,1,0,0.18505010394143195,2,-0.7764437622896158,0
2,8307,2,0,1,-0.2629577177017612,0,1.1834378526875249,0
0,7255,0,0,0,-0.8100640436715593,2,-0.39518314812834654,0
1,6487,3,0,0,1.242100816758551,2,-0.11627659980185784,0
0,3323,2,1,0,-0.7089009871714834,2,-0.5835775654213281,0
6,8109,3,1,0,0.09008070396176888,2,-0.1613256384864212,0
0,7920,3,0,1,0.6537034473193344,0,1.0048979126067916,0
7,7140,0,1,0,-0.21960212205887153,1,0.6840891334450289,0
5,9475,2,1,1,0.09833891265565264,1,-0.837392461686378,0
4,1696,2,0,0,-0.7150946436918962,0,-0.994484421952218,0
4,7982,3,0,1,1.2173261906769,2,-0.8623184922820648,0
6,6342,1,0,1,1.5125571514832439,2,0.16420335244927567,0
0,9765,3,0,0,0.13756540395160033,1,-0.5035823974630774,0
9,5545,0,1,1,-0.5974151698040528,2,0.3140079682220246,0
5,6328,1,0,0,-0.2443767481405228,2,-0.05756379019274838,0
6,3665,3,0,0,-0.7460629262939602,1,0.17637653018205293,0
4,7556,2,0,0,-0.17418197424251097,0,-0.3885582894982637,0
6,7880,2,0,0,-0.9318726219063446,0,-0.7362805568447383,0
9,1313,0,1,0,-0.8121285958450302,1,0.25579202301017134,0
3,6800,3,1,0,-0.5334140524264538,1,1.1383060032700856,0
2,7370,2,0,0,-0.4652838307019129,1,-0.167784875650752,0
2,3491,0,0,1,-0.9979382914574145,1,-0.5281771851272602,0
1,5894,1,0,0,-0.9091625479981642,2,-0.8054275187962283,0
7,3413,0,0,0,-0.9277435175594025,1,0.04445903271052798,0
0,2323,1,1,0,-0.6387062132734717,2,-0.9429761461033237,0
0,3700,2,1,0,1.3990067819423426,2,-0.9324591830280672,0
5,8590,2,0,0,-0.7501920306409021,1,-0.4120765376350578,0
0,4262,0,0,0,-0.6036088263244657,2,-0.38814423583388347,0
4,1119,3,0,0,-0.49418756113050605,2,-0.1877836676403147,0
5,6370,2,0,0,-0.5396077089468667,1,1.1379747603385817,0
1,3672,2,0,0,-0.8905815784369258,1,1.1827753668245167,0
0,8456,3,1,0,-0.9256789653859316,1,-0.4061969756008593,0
7,4823,2,1,0,-0.911227100171635,0,0.963823789100278,0
9,5333,0,0,0,0.0529187648392921,1,0.48087159496723686,0
2,9985,0,0,0,-0.170052869895569,2,-0.8402908373370392,0
1,1734,1,0,0,-1.0082610523247693,1,-0.6326015192839414,0
0,8298,3,0,1,-0.39921816115084297,1,0.22705669870218692,0
9,9423,2,0,0,1.9110157209631347,0,-0.9072847202337523,0
6,2241,2,0,0,-0.690320017610245,1,-0.4034642214159502,0
0,7304,0,0,1,-0.8720006088756873,0,-0.7629456128308219,0
3,9637,1,0,0,-0.6655453915285937,0,-0.9660803405757378,0
9,2886,3,0,0,-0.35173346116101145,2,-0.33514536679322054,0
7,8270,2,0,0,-0.9607763523349375,1,0.42091662436498684,0
6,4227,0,0,0,-0.7089009871714834,0,-0.29713524040312006,0
8,8022,3,1,0,-0.10605175251797007,0,0.1846576034696566,0
0,2115,3,0,0,-0.9607763523349375,2,0.041560657059866536,0
2,9186,0,0,0,-0.8720006088756873,0,-1.090876115019924,0
5,3444,2,0,0,-0.7130300915184252,2,-0.8867476584804954,0
6,6070,0,0,0,-0.13082637859962132,0,0.46306728739888914,0
5,4557,1,0,1,-0.6345771089265296,2,0.06673511985418161,0
9,8029,2,0,0,0.27176129522721126,0,-0.6906518430300425,0
5,3162,2,0,1,0.3687952473803452,2,-0.5218007586958053,0
6,9261,1,0,0,-0.3971536089773721,2,0.8049928034440411,0
9,1175,3,0,0,-0.45496106983455825,2,-0.8901843038948509,0
8,5645,2,0,0,-0.6304480045795878,2,0.84366541569715,0
7,9131,1,0,0,-0.9009043393042804,0,0.887389482655697,0
2,7617,0,0,0,0.7362855342581719,2,0.9410508375593681,0
8,8170,0,0,1,1.4341041688913485,2,-0.12435064625727128,0
4,5431,3,1,0,-0.595350617630582,2,0.488158939460328,0
0,6088,2,1,0,1.08519485157476,2,0.39623902596792826,0
3,2959,2,0,0,0.5442821821253748,0,-0.21399326459558002,0
5,5759,2,0,0,0.27176129522721126,0,-0.8355706255631052,0
0,1611,0,0,1,-0.3021842089977089,1,-0.042906290473689955,0
6,8098,1,0,0,-0.10192264817102811,1,-0.5524407298599386,0
1,9260,2,0,1,1.8862410948814832,2,1.566851545903571,0
4,7754,0,0,0,0.20156652132919944,2,-0.6883331425095135,0
8,3316,2,1,0,-0.43844465244679076,1,-0.708290529132638,0
6,6924,3,0,0,-0.29392600030382526,0,-0.03338305619294578,0
0,8813,1,0,0,0.3791180082476998,2,-0.5908649099144193,0
5,1787,1,0,0,-0.7336756132531347,1,-0.4688432950215804,0
0,4164,0,0,0,-0.6098024828448785,1,-0.8051790865976002,0
6,7599,1,0,0,-0.9710991132022923,0,-0.7312291021393,0
8,5941,1,0,0,0.47408740822736306,2,-0.5932664211678244,0
7,4260,1,0,0,-0.2608931655282903,1,-0.3511278382382954,0
2,2047,0,1,1,1.1285504472176497,0,0.7346864912322868,0
5,1125,0,0,1,-0.4797356959162095,2,1.1450964833659203,0
6,9260,1,1,0,-0.6159961393652913,0,0.7891759534647184,0
5,6096,0,0,0,-0.4136700263651395,1,-0.7202152746667873,0
0,9542,3,0,0,-0.6593517350081809,2,0.035763905758544115,0
1,8921,2,1,0,-1.0165192610186529,2,0.9071812478130694,0
6,6109,0,1,0,-0.5127685306917444,0,-0.06733545667212044,0
7,5347,2,0,1,0.280019503921095,2,-0.9542384057744646,0
2,7548,3,0,0,0.10659712134953639,2,-0.752014596091185,0
2,3105,0,0,0,-0.6552226306612391,0,0.19086840843535924,0
2,5288,3,0,0,-0.35379801333448235,2,1.6424577450193918,0
5,1043,2,0,0,-0.9194853088655189,2,-0.9954781507467305,0
7,6070,0,0,0,-0.8802588175695711,1,0.5428140231585116,0
1,4778,0,1,0,-0.4818002480896804,2,1.323884855645282,0
6,2181,2,0,1,-0.5891569611101691,2,-0.8975130537543801,0
6,1768,3,0,1,-0.8947106827838677,2,1.5845730427390425,0
5,8453,0,0,1,-0.7894185219368498,2,-0.8117625398612449,0
6,1540,2,0,0,-0.3455398046405987,1,-0.521096867466359,0
8,8120,3,0,1,-0.09779354382408632,0,-0.5095447702301521,0
8,6915,2,0,0,-0.6676099437020646,0,-0.5296677783190288,0
8,4940,0,0,0,-0.44670286114067453,0,1.187992442995707,0
1,7192,3,1,0,-0.5024457698243898,2,-0.03330024546006982,0
5,6201,2,0,0,0.10040346482912353,1,-0.18509231882184354,0
0,6290,3,1,0,1.9770813905142046,1,-0.3422256844541215,0
0,9795,1,1,1,-0.5850278567632272,2,-0.8597513595629077,0
5,5207,0,1,1,0.8126739646765964,2,-0.3070725283482444,0
4,8284,0,1,0,-0.758450239334786,0,-0.9077815846310084,0
7,7500,1,1,0,-0.6634808393551228,1,1.3234708019809018,0
5,8006,1,1,0,0.5422176299519038,1,2.457232545786709,0
9,8476,1,0,0,-0.5994797219775239,0,-0.7049780998175967,0
0,3382,0,0,0,-0.7006427784775997,0,0.21417962973996335,0
1,6608,1,0,0,1.4815888688811796,2,-0.5643654753940878,0
6,7950,1,0,1,0.0364023474515246,1,0.668272283465706,0
0,4420,0,1,0,-0.8761297132226291,0,-0.03528770304909476,0
6,9092,3,0,0,-0.6283834524061169,1,-0.7912668834744261,0
1,7161,2,0,0,-0.16179466120168526,2,0.25628888740742756,0
6,5913,0,1,1,-0.9277435175594025,2,-0.8596685488300317,0
9,9718,2,1,0,0.1231135387373039,2,-0.6875878459136291,0
3,6401,3,0,0,-0.752256582814373,0,1.4529867881990217,0
8,6864,1,0,0,0.09833891265565264,2,-0.38069126987504026,0
9,1065,2,0,1,-0.26915137422217406,2,-0.6646492729069672,0
0,1544,1,0,0,-0.8988397871308095,2,-0.5899539918527829,0
3,9937,1,1,0,-0.5065748741713316,2,-0.784145160447087,0
9,7982,1,0,1,-0.8018058349776755,0,-0.31162711865642634,0
7,6802,3,1,0,-0.8038703871511464,1,-0.6743381286534634,0
8,3954,1,0,0,-0.5251558437325701,0,0.7233414208282699,0
7,3687,1,0,0,-0.7439983741204893,1,0.3053956520029169,0
9,4741,1,1,0,-0.9649054566818795,1,-0.04903428470651668,0
3,6865,1,0,1,-0.5168976350386864,2,-0.6447746970167186,0
2,4528,1,0,1,-0.8720006088756873,2,-0.8636434640080813,0
5,9759,1,1,0,-0.624254348059175,1,-0.6940470830779599,0
9,7510,3,1,0,1.9502422122590826,2,-0.4230075543746946,0
6,2494,0,0,0,-0.42605733940596513,0,0.15840660114795324,0
9,3473,0,1,0,-0.07921257426284793,2,-0.5083854199698876,0
0,4689,2,1,0,-0.16179466120168526,1,-0.3420186576219315,0
9,6072,1,0,0,1.541460881911837,0,0.07650678633355366,0
7,9260,2,0,1,-0.9566472479879957,2,-0.3880614251010075,0
7,4478,0,0,0,-0.5747050958958726,2,0.802342859992008,0
0,4113,3,0,1,-0.3785726394161336,1,-0.06451989175433537,0
6,2209,3,0,0,-0.9463244871206411,1,2.6460410167440704,0
6,8705,3,1,0,0.04466055614540835,0,-0.5305786963806651,0
3,9720,0,1,0,-0.7625793436817278,2,-0.6966970265299931,0
3,8007,1,0,0,-0.6634808393551228,1,-0.7594675620500283,0
4,4090,2,0,0,-0.13289093077309222,1,-1.0144418085753428,0
4,7478,1,0,0,0.05911242135970478,0,-0.9983765263973917,0
3,4553,1,1,0,0.024015034410698875,0,0.4355741240840453,0
1,7458,0,0,0,-0.2897968959568834,0,0.9486694249839636,0
6,9341,0,0,1,-0.6655453915285937,1,-0.5829150795583199,0
7,8124,2,0,1,-0.42605733940596513,1,-0.8947802995694709,0
3,8623,1,0,0,0.4018280821558802,1,0.7129072684858895,0
3,8151,2,0,0,-0.21340846553845877,1,-0.5021746150041849,0
5,1980,3,0,0,-0.3950890568039011,1,-0.4880139796823827,0
2,6434,3,1,0,-0.5974151698040528,1,-0.8633950318094534,0
5,4990,1,1,0,-0.15766555685474348,1,0.8638712345189028,0
9,3242,1,0,0,-0.8513550871409781,1,0.08520191328553751,0
8,5941,0,1,0,0.8374485907582477,1,0.009595714169716812,0
2,7920,3,0,0,0.4162799473701768,1,0.35118998728336476,0
6,6301,3,0,0,-0.556124126334634,1,-0.38060845914216423,0
1,6375,3,0,0,-0.7894185219368498,0,-0.16530055366447097,0
8,4899,0,0,0,1.5559127471261336,0,-0.4738533443605806,0
7,7387,1,0,1,-0.7749666567225534,2,0.6360589083769281,0
4,8290,3,0,0,-0.17831107858945278,2,-0.8526296365355687,0
1,6165,3,0,0,-0.9463244871206411,2,-0.7759468978923595,0
9,4755,0,1,0,2.5861242816881305,1,-0.29183535349905376,0
6,3451,3,1,0,-0.025534217752603634,2,-0.890391330727041,0
9,5995,1,1,0,-0.981421874069647,1,-0.648004315598884,0
8,6840,3,0,0,-0.9298080697328737,2,0.4531299994537649,0
3,8928,1,1,0,1.8160463209834714,0,1.1153674302634238,0
5,1712,1,1,0,1.8057235601161166,2,0.12975408757284476,0
7,5779,3,1,1,-0.9731636653757633,1,-0.3986611989091401,0
8,4930,0,0,0,-0.752256582814373,2,-0.7951589879195997,0
4,8487,0,0,0,-0.29599055247729616,2,-0.7405867149542921,0
4,4804,1,0,0,-0.7439983741204893,2,0.27392757351002317,0
0,1700,0,1,1,0.017821377890286018,2,-0.22616644232835728,0
6,6901,3,0,0,-0.8740651610491582,0,-0.7069655574066215,0
4,3683,2,1,1,-0.6593517350081809,2,0.5787538812267112,0
6,5168,2,0,0,-0.2732804785691159,1,0.11816058497019971,0
5,1198,0,0,0,-0.8678715045287456,2,1.041831499469504,0
3,9482,0,0,0,-0.8843879219165129,2,-0.2944024862182109,0
6,5327,1,0,0,-0.752256582814373,1,-0.5873868591336258,0
9,7791,3,0,0,0.41215084302323485,2,-0.8063384368578645,0
1,6055,1,0,1,-0.24644130031399367,2,0.7918258969167516,0
2,8108,2,0,0,-0.1514719003343306,0,-0.8636434640080813,0
1,5622,3,0,1,0.7300918777377592,0,-0.4668972427989936,0
7,6075,2,0,0,-0.40747636984472674,0,0.12470263286740671,0
5,1622,3,1,0,-0.6738036002224775,1,-0.7891138044196491,0
8,4864,2,0,0,-0.7894185219368498,2,-0.016158423754730453,0
0,7979,1,0,0,0.15614637351283892,2,-0.424084093902083,0
7,8997,0,0,1,-0.915356204518577,0,0.490560450713733,0
9,7221,3,1,1,-0.7543211349878439,1,-0.8077876246831952,0
6,4575,0,0,0,-0.981421874069647,1,-0.2984602121291366,0
3,9199,0,0,0,2.373475407820624,2,0.003881773601270344,0
0,6437,1,0,0,0.6908653864418112,0,0.033942069635271334,0
3,7584,1,0,0,0.11072622569647818,2,-0.747294384317251,0
9,3043,1,1,0,1.28339186022797,0,-0.4438758590594556,0
8,3657,0,0,0,0.005434064849460481,1,-0.5687544442365177,0
8,3951,3,0,0,-0.5499304698142213,2,0.34208080666700086,0
0,9300,2,0,0,1.7417224427385178,2,-0.7324712631324407,0
5,6193,2,0,0,-0.9256789653859316,2,-0.6916455718245549,0
8,4106,3,1,0,0.4142153951967059,2,0.12217690551468749,0
0,4726,1,1,0,-0.12876182642615044,2,-0.5156727644629787,0
6,9411,2,0,0,0.23047025175779248,2,-0.4340213818472074,0
4,5800,1,0,0,-0.8245159088858558,2,0.06789447011444599,0
9,2616,2,0,0,0.21808293871696696,1,0.4927135297685101,0
9,5586,0,0,0,-0.8637424001818036,1,-0.6054395989006016,0
0,8746,1,0,1,-0.5974151698040528,0,-0.8797915569189084,0
7,3484,2,0,1,-0.5519950219876923,2,-0.7555754576048546,0
6,3357,1,0,0,0.013692273543344232,1,-0.8277864166727579,0
4,5948,1,0,1,-0.65728718283471,1,1.2205370610159891,0
1,3573,1,1,1,0.3502142778191068,2,-0.7737110081047064,0
1,3789,0,0,1,-0.7233528523857801,1,0.43027423717997887,0
6,2650,1,0,0,-0.3269588350793602,0,-0.7408351471529202,0
5,1932,2,1,0,-0.05650250035466756,1,1.6706133941972443,0
4,5400,1,0,0,2.460186599106404,0,-0.3498028665122789,0
4,2458,2,1,0,-0.7646438958551987,1,0.020361109443601335,0
4,4101,3,1,0,0.6082832995029738,2,-0.555504726976352,0
7,4028,2,0,0,-0.5664468872019888,2,2.967595092501718,0
8,7312,2,0,0,-0.6283834524061169,2,-0.7576457259267555,0
0,2781,0,1,0,-0.6036088263244657,2,0.5403297011722307,0
8,5242,2,1,0,0.49886203430901416,2,-0.05060768863116134,0
2,6591,0,0,0,0.5814441212478516,2,0.9221699904636321,0
1,2357,1,0,0,-1.0185838131921239,0,-0.8253849054193529,0
6,7659,3,0,0,0.4637646473600082,2,1.4804799515138656,0
1,2044,0,1,0,-0.20102115249763314,2,-0.6615852757905539,0
1,2005,3,0,0,0.1623400300332516,0,-0.9029785621241985,0
5,2530,0,0,0,-0.13082637859962132,0,-0.48817960114813475,0
3,4189,3,1,0,1.869724677493716,2,0.8950080700802922,0
4,3098,1,0,0,0.7135754603499916,0,-0.6612540328590497,0
5,3882,3,1,0,-0.4673483828753839,0,-0.5979038222088823,0
0,5027,1,0,0,-0.6201252437122332,1,-0.39551439105985065,0
8,3359,0,0,0,-0.7894185219368498,2,-0.2108878621127288,0
9,7679,3,0,0,1.1079049254829405,1,-0.19821781998269516,0
0,5751,2,0,0,2.3528298860859143,1,-1.0633001409722038,0
3,3257,2,0,0,0.3687952473803452,2,-0.7859669965703597,0
0,3781,2,0,1,-0.6180606915387622,1,-0.5861446981404853,0
0,7428,2,1,0,-0.6366416611000006,1,-0.5885462093938902,0
8,6090,1,0,0,-0.2237312264058134,0,-1.0642938697667164,0
8,8124,0,0,0,0.1582109256863098,1,-0.4504179069566625,0
5,3609,2,0,0,-0.8699360567022165,0,-0.837392461686378,0
8,1218,3,0,0,-0.49212300895703515,2,-0.4808508512886056,0
3,8497,0,0,0,-0.8926461306103967,2,-0.11896794862032889,0
7,8815,3,1,0,-0.22579577857928437,2,2.1696308705082363,0
7,2128,2,0,0,-0.11637451338532472,2,0.05505880651866034,0
8,5768,1,0,0,-0.4900584567835642,2,-0.6807973658177943,0
6,5158,1,0,1,-0.29599055247729616,2,-0.742574172543317,0
8,5861,3,0,1,-0.13289093077309222,0,-0.16207093508230555,0
5,1497,2,0,1,1.2524235776259058,0,-0.9142408217953393,0
3,3086,2,0,0,1.500169838442418,1,-0.41952950359390107,0
0,9303,0,1,0,-0.7997412828042045,0,2.8953841334338146,0
4,3030,2,0,0,-0.7501920306409021,0,-0.2176369368421257,0
0,1366,1,0,0,-0.42192823505902327,1,-0.3773788405599988,0
4,5212,2,0,0,-0.721288300212309,2,-0.3899660719571562,0
3,9612,0,1,0,-0.463219278528442,2,1.1520525849275076,0
4,1999,3,1,0,0.8436422472786604,0,-0.5012636969425485,0
0,9580,0,1,0,-0.7811603132429662,0,-0.5362926369491116,0
8,8617,2,0,0,1.7293351296976924,0,0.4331726128306403,0
6,2849,2,0,1,-0.6799972567428904,2,-0.3058303673551038,0
3,4035,0,0,0,-0.430186443752907,0,0.18647943959292934,0
9,5467,1,1,1,0.09627436048218176,1,1.00994936731223,0
0,1822,3,0,0,-0.560253230681576,0,0.15575665769592015,0
4,1219,0,0,0,-0.556124126334634,0,-0.950594733527919,0
7,3868,3,0,0,0.2263411474108507,0,0.08826591040195088,0
7,8076,2,1,0,1.2875209645749117,1,1.372577566576391,0
9,5548,3,0,0,-0.6036088263244657,0,-0.7487849775090197,0
3,1203,0,0,0,-0.7109655393449543,0,-0.6471762082701237,0
4,8914,3,0,0,-0.9236144132124607,2,0.32493898496166124,0
3,1525,2,1,1,-0.8451614306205653,2,-0.23726308053374612,0
5,9158,3,1,0,-0.6469644219673554,2,-0.4037126536145782,0
1,1404,3,0,0,-0.8121285958450302,0,0.2774884350236928,0
1,7150,3,0,0,0.5752504647274388,0,-0.43104019546367006,0
9,4407,2,0,0,-0.22579577857928437,1,-0.5110353634219207,0
8,3281,3,0,0,-0.9607763523349375,0,-0.3204050563412862,0
7,7057,0,0,0,0.3853116647681127,0,-0.1866657227464882,0
8,9592,1,0,0,-1.0041319479778272,0,2.360095556123119,0
5,1892,0,1,0,-0.08953533513020258,2,1.7641895223471644,0
6,4604,0,0,0,0.030208690931111736,2,1.9775099702358332,0
7,9662,0,0,0,1.8449500514120645,1,1.0006745652301139,0
9,3695,2,0,0,-0.43638010027331986,0,-1.1226754364443217,0
4,4865,3,0,0,-0.05237339600772578,2,-0.7156606843586054,0
1,8674,3,0,0,0.6495743429723926,1,1.095078800708795,0
9,7809,0,0,0,-0.3290233872528312,0,-0.00257746356306045,0
3,1449,3,0,0,0.1602754778597807,1,-0.05458260380921098,0
7,3976,3,0,0,-0.23611853944663902,2,-0.8720073480285611,0
8,7362,2,1,0,0.31305233869663,2,0.25268662052731994,0
4,3125,2,0,0,-0.562317782855047,2,-0.4513288250182989,0
8,7741,2,0,1,-0.08747078295673168,0,-1.006077924554863,0
5,3290,3,0,0,-0.820386804538914,0,-0.19395306723957945,0
8,3872,0,0,0,-0.8658069523552745,0,-0.4461945595799846,0
1,1812,2,0,0,0.18711465611490283,1,-0.4930654343878209,0
9,7364,0,1,0,-0.9566472479879957,0,1.1648882485232932,0
9,1802,3,0,0,-0.3393461481201858,2,-0.6305312509620405,0
3,6904,0,1,1,-0.4694129350488548,2,-0.1483243534248835,0
4,8571,0,0,0,0.05911242135970478,2,-0.8518015292068083,0
8,7603,3,0,0,-0.6201252437122332,2,-0.22571098329753908,0
0,9988,3,0,0,-0.4652838307019129,1,-0.38317559186132133,0
4,9430,2,0,1,0.5855732255947934,1,-0.7859669965703597,0
2,9985,0,0,0,0.5793795690743808,2,1.603619511300531,0
8,2148,3,0,0,-0.24644130031399367,2,-0.4953841349083499,0
5,3914,2,0,0,0.6000250908090901,2,-0.7437335228035814,0
5,6450,0,1,0,-0.7729021045490825,2,-0.9261655673294884,0
4,4744,1,1,1,-0.7976767306307336,1,-0.9353575586787285,0
0,2563,0,0,0,0.4493127821457118,1,-0.1781362172602565,0
7,1436,2,0,0,0.275890399574153,1,0.38472833409815915,0
5,1674,3,0,1,-0.6531580784877681,1,-0.0366126747751113,0
9,2757,1,1,0,1.853208260105948,2,0.165031459778036,0
1,8301,1,0,0,0.49473292996207235,1,1.1490713985439702,0
5,7091,3,1,1,-0.6387062132734717,2,0.09870006274433132,0
6,7157,1,0,1,-0.5024457698243898,2,-0.6562025781536116,0
9,9219,3,0,0,-0.9463244871206411,1,-0.7882028863580127,0
9,6807,0,0,0,0.5484112864723166,1,0.2403892266952288,0
2,5705,3,0,1,0.30892323434968805,1,-0.6562025781536116,0
8,9505,2,0,1,0.17885644742101908,1,-0.2983774013962607,0
1,6497,0,0,0,-0.6180606915387622,2,-0.1001285068910307,0
2,2650,0,0,0,1.250359025452435,2,-0.6937986508793318,0
3,6320,0,1,0,1.4464914819321737,0,1.060381103633736,0
5,9731,0,0,1,0.18092099959448998,1,1.965750846167436,0
1,8166,3,0,0,1.2462299211054932,1,-0.3986611989091401,0
5,2059,2,1,0,0.11691988221689104,2,0.3271748747493143,0
9,1288,0,1,0,-0.9442599349471701,2,-0.6268047679826189,0
5,9255,1,1,0,-0.31663607421200557,0,-0.41803891040213237,0
7,9030,0,0,0,-0.3372815959467149,1,-0.41555458841585136,0
2,5619,1,0,1,-0.7274819567327218,1,-0.7136732267695804,0
1,5610,1,0,0,0.003369512675989589,2,0.7563829032458083,0
3,1997,1,1,0,-0.9979382914574145,0,-0.70804209693401,0
5,2334,2,0,0,0.2986004734823334,1,-0.6622477616535623,0
1,6527,1,1,0,-0.7667084480286697,0,0.09828600907995129,0
6,2112,2,0,1,0.4823456169212466,1,-0.9255858921993563,0
2,1264,0,0,1,1.273069099360615,0,-0.7922606122689385,0
5,1369,1,1,0,-0.8430968784470944,1,-0.9033098050557026,0
7,3423,2,0,0,-0.3847662959365465,2,1.2289009450364687,0
4,2372,1,0,0,-0.47560659156926766,0,1.4952202619658002,0
9,2476,2,1,0,-0.8616778480083327,1,0.21786470735294694,0
1,5523,3,0,0,-0.49418756113050605,2,-0.9496010047334067,0
9,9455,2,0,0,-0.3393461481201858,1,-0.9933250716919536,0
8,9345,1,1,0,-0.9896800827635308,0,0.46149388347424447,0
1,1782,0,0,0,-0.7419338219470184,0,0.6436774958015233,0
6,1912,1,0,0,-0.849290534967507,2,-1.0836715812597086,0
4,7790,3,0,0,0.7631247125132942,0,-1.1156365241498585,0
3,5926,2,1,0,-0.9421953827736992,0,-0.8038541148715835,0
9,5007,0,0,0,-0.43638010027331986,2,0.022596999231254383,0
8,4784,0,1,0,-0.6345771089265296,1,0.3676693231256957,0
3,6253,1,0,1,-0.6799972567428904,0,-0.8201678292481626,0
0,3315,3,0,0,1.2441653689320222,2,-0.5502048400722857,0
6,6992,3,1,0,-0.886452474089984,2,-0.20438721958195988,0
0,9073,2,0,0,0.5174430038702528,1,-0.6563681996193637,0
0,4762,0,0,0,-0.3269588350793602,0,1.137312274475573,0
2,1701,2,0,0,-0.03998608296690006,2,0.14780682733982065,0
0,1616,0,0,1,-0.65728718283471,0,-0.28951665297852475,0
4,2217,3,1,0,0.09214525613523979,1,-0.359201884693709,0
3,3130,1,1,0,0.8849332907480794,1,-0.5750480599350964,0
3,1872,0,0,0,-0.9339371740798154,0,-0.41141405177204954,0
6,5615,1,1,1,-0.29805510465076707,2,0.5553184438227932,0
6,7316,2,0,1,-0.5994797219775239,0,0.675228385027293,0
4,5656,2,0,0,0.4038926343293511,2,0.3928437859200108,0
0,6098,3,1,0,1.0500974646257542,1,-0.45588341532648086,0
9,6352,0,0,0,-0.8410323262736232,2,-0.2644250009170859,0
1,2852,1,1,0,-0.06063160470160953,0,-0.6627446260508184,0
0,9653,0,0,0,2.0803089991877513,1,-0.7347071529200935,0
5,2395,2,1,1,0.24079301262514713,1,-0.1495665144180241,0
0,8793,2,0,0,-0.626318900232646,0,-0.502340236469937,0
3,5018,0,1,0,-0.11430996121185383,1,-0.24098956351316775,0
3,4955,1,0,0,-0.948389039294112,2,-0.9381731235965136,0
5,4745,1,0,1,-0.463219278528442,2,0.5648416781035371,0
7,6104,0,0,0,0.5174430038702528,2,-0.6690382417493971,0
7,2283,2,0,0,0.13550085177812943,0,1.5993961639238532,0
1,3574,1,0,0,0.6186060603703285,1,-0.05905438338451685,0
0,2331,2,0,1,-0.49212300895703515,0,0.5308064668914865,0
5,9663,1,1,0,0.18092099959448998,0,-0.3388304444062041,0
4,5207,0,0,1,-0.5045103219978607,0,-0.3396171463685264,0
5,8047,1,1,0,-0.6779327045694193,2,-1.1524873002796945,0
7,9375,3,0,1,-0.7976767306307336,2,-0.2685655375608877,0
1,9602,2,1,1,0.7115109081765207,1,1.2260853801186837,0
9,2643,0,0,0,-0.26708682204870304,0,0.9534724474907735,0
7,7079,2,0,1,-0.8740651610491582,1,-0.4359674340697942,0
4,9456,1,0,0,0.15201726916589695,1,-0.319991002676906,0
5,7929,0,0,0,-0.2794741350895287,0,1.9677383037564609,0
2,7492,1,0,1,-0.9731636653757633,0,-0.7966495811113684,0
6,4324,2,1,0,-0.6345771089265296,2,-0.5694997408324021,0
4,4788,3,0,0,-0.4818002480896804,1,-0.5004355896137881,0
8,6683,2,0,1,-0.9958737392839434,2,-0.2470347470131184,0
8,6017,0,0,0,-0.6779327045694193,0,-0.6486668014618924,0
1,4194,3,1,0,0.021950482237227984,0,-0.6667195412288681,0
7,7761,3,0,0,0.16853368655366444,2,0.5915895448224968,0
3,6809,1,0,0,-0.911227100171635,2,1.6478404426563344,0
5,2513,3,0,0,-0.9174207566920479,1,0.016772644352306482,0
7,2129,0,1,0,0.827125829890893,0,-0.9193750872336536,0
8,6495,1,0,0,0.8209321733704803,2,-0.6995954021806544,0
8,6126,2,0,1,-0.10605175251797007,2,-0.821161558042675,0
8,3530,1,0,0,-0.8740651610491582,1,0.911073352258243,0
3,8574,2,0,0,-0.9009043393042804,1,-0.5277631314628799,0
1,5484,1,0,1,1.2586172341463187,1,0.2919803132769991,0
8,3824,3,0,0,-0.29599055247729616,1,-1.1038774000814615,0
5,9840,3,0,0,-0.24850585248746465,0,0.20643682621605391,0
4,1746,0,0,0,-0.3558625655079533,0,0.9165388606280617,0
9,3748,1,0,0,0.6227351647172704,0,-0.5733918452775757,0
1,6585,3,0,0,-0.432250995926378,2,-0.3093912288687734,0
2,6331,3,0,1,0.701188147309166,2,0.7321193585131297,0
2,1797,3,0,0,-0.7873539697633789,0,-0.5218835694286814,0
1,4640,2,0,1,0.21601838654349606,1,-0.32835488669738555,0
6,4676,0,0,0,1.500169838442418,0,0.18639662886005334,0
0,4476,2,0,0,-0.9050334436512224,0,-0.2546533344377137,0
1,3553,2,0,0,-0.6201252437122332,1,-0.9083612597611408,0
9,4466,0,0,0,1.869724677493716,2,-0.3696360370360895,0
1,7488,0,0,0,-0.7852894175899081,1,-0.21887909783526616,0
2,3872,0,1,0,-0.6407707654469424,1,-0.34566232986847706,0
7,7432,1,0,0,-0.5272203959060411,0,2.703428854627163,0
7,7334,0,0,0,-0.1886338394568076,2,-0.47045810431266305,0
4,1530,3,0,1,0.2614385343598566,2,1.328605067419216,0
1,1241,0,0,0,-1.012390156671711,2,-0.3595745329916511,0
5,1988,1,0,0,-0.9587118001614666,2,-0.43551197503897604,0
1,4994,0,0,0,-0.04824429166078381,2,-0.1349090146989659,0
8,9654,0,1,0,-0.9772927697227051,1,-0.6644836514412151,0
6,1573,0,0,0,-0.7460629262939602,1,-1.0178370486232602,0
1,6761,1,0,1,-0.7667084480286697,0,0.1609737338671104,0
6,3043,3,1,0,-0.595350617630582,1,-0.1622365565480576,0
0,3408,1,0,0,-0.5210267393856282,0,-0.7385992573652673,0
7,6117,2,0,1,0.23459935610473445,2,1.0067197487300648,0
1,4446,2,0,0,-0.8079994914980884,2,-0.8037713041387075,0
9,9108,2,0,0,-0.9669700088553504,1,-0.5737230882090799,0
2,6772,1,1,1,0.5112493473498398,1,-0.5633717465995755,0
4,9877,1,0,0,0.15408182133936782,0,0.34854004383133164,0
4,1761,0,0,1,-0.5540595741611632,2,0.5385078650489579,0
7,1812,1,0,0,-0.4673483828753839,2,0.44716762668669036,0
4,3113,0,0,0,2.961872777259841,1,-0.920534437493918,0
4,3719,1,0,0,0.050854212665821026,0,2.590889068648631,0
2,1604,2,0,0,1.568300060166959,1,0.592003598486877,0
3,1610,3,0,0,-0.2897968959568834,0,0.5752758304459178,0
3,4108,2,0,1,-0.3847662959365465,1,-0.4527366074771915,0
8,5312,3,0,0,-0.7068364349980125,0,-0.9841330803427135,0
1,5154,2,1,0,-0.26915137422217406,1,-0.6510683127152973,0
7,5972,1,0,0,2.2454731730654265,0,-0.6701975920096616,0
1,3658,1,1,0,-0.911227100171635,2,-0.27502477472521847,0
4,6384,2,0,0,-0.7233528523857801,1,-0.2982945906633846,0
8,7166,0,0,0,0.21808293871696696,1,-0.031561220069673004,0
0,6113,0,0,0,-0.5850278567632272,0,-0.8579295234396349,0
9,6744,2,1,1,2.028695194850978,2,0.6277778350893246,0
0,7255,3,0,0,1.3143601428300342,0,-0.6739240749890832,0
5,1635,1,0,1,-0.6510935263142972,2,-0.8832282023332639,0
0,1763,1,0,0,0.038466899624995485,0,-0.717068466817498,0
6,4452,1,0,0,-0.26502226987523214,1,-0.2128339143353155,0
0,3223,3,0,0,0.4224736038905897,0,0.6493086256370939,0
6,9372,2,1,0,-0.8637424001818036,2,0.1146825341894063,0
3,6068,3,0,0,-0.36824987854877894,0,0.0893424499293393,0
7,7694,3,0,0,-0.5643823350285179,0,-0.5800995146405347,0
0,5275,2,0,0,-0.5891569611101691,2,0.4246431073444086,0
9,7081,1,1,0,-0.5107039785182735,0,-0.6172815337018747,0
2,7929,1,1,0,1.5497190906057206,2,1.5645328453830423,0
3,4520,2,1,0,-0.5726405437224016,1,0.815923820183678,0
3,5447,3,1,0,-0.8348386697532105,2,-0.39170509734755304,0
2,2887,2,0,0,-0.529284948079512,2,1.4831298949658986,0
1,5046,0,0,0,-0.9339371740798154,2,-0.3885582894982637,0
3,9265,1,0,0,-0.15560100468127258,2,-0.5276803207300039,0
8,4274,0,0,0,0.3997635299824093,2,1.8893165397228546,0
5,5022,2,0,1,0.6165415081968576,2,0.9706142691961128,0
8,2665,1,0,0,-0.8369032219266814,0,-0.29986799458802926,0
0,3278,0,1,0,0.07975794309441425,0,-0.028580033686135833,0
7,3363,0,1,0,-0.7295465089061928,1,-0.6995954021806544,0
7,3058,0,0,0,0.7961575472888288,1,0.5872005759800669,0
8,2633,0,0,0,-0.31457152203853456,0,-1.0509613417736745,0
1,3600,0,0,0,-0.948389039294112,2,2.1394049530084827,0
3,2546,2,0,0,-0.8658069523552745,1,-0.9529962447813242,0
1,2748,3,0,1,-0.7625793436817278,2,-0.9052972626447274,0
3,5692,2,1,0,-0.6304480045795878,2,-0.37075398192991593,0
5,5940,3,1,0,-0.8554841914879199,0,0.11542783078529066,0
7,5347,3,0,1,-0.30424876117117994,0,0.2776540564894449,0
7,6260,0,0,0,1.0624847776665798,0,-0.7308564538413579,0
3,6098,0,0,0,-0.021405113405661667,0,-0.9062081807063638,0
3,9710,2,0,0,0.24079301262514713,2,2.9896227474467434,0
4,5179,2,0,0,2.6398026381983746,2,1.616703607094945,0
1,8080,2,0,1,-0.9525181436410538,1,-0.03247213813130951,0
1,6236,0,1,0,-0.915356204518577,2,-0.7689493909643343,0
4,5318,3,0,0,-0.7625793436817278,1,-1.0879777393692627,0
2,1411,0,1,0,0.5897023299417354,0,0.8004382131358593,0
1,1498,1,1,1,0.9716444820338587,0,-0.3288517510946418,0
2,2528,2,1,0,0.866352321186841,1,-0.33042515501928643,0
7,9056,1,0,0,0.03227324310458263,2,0.4840184028165262,0
8,1391,0,1,0,-0.8761297132226291,0,1.1948657338244177,0
3,7094,2,1,0,2.9329690468312477,0,-0.19577490336285222,0
9,8772,1,1,0,-0.7130300915184252,1,-0.6299515758319082,0
9,5639,2,1,1,0.3976989778089384,0,-0.4389900258197695,0
1,3314,3,0,0,-0.9298080697328737,1,-0.9927453965618214,0
8,8712,1,1,0,-0.979357321896176,0,-0.6855175775917282,0
3,3642,0,0,0,-0.6634808393551228,2,-0.04953114910377292,0
9,9388,2,1,0,-0.8575487436613908,1,1.3155209716248024,0
7,8291,3,1,1,0.3626015908599325,2,-0.5146790356684663,0
6,1403,0,1,0,-0.5230912915590992,1,-0.5727017558369419,0
7,4090,3,0,1,2.807031364249521,1,2.0906294313444977,0
2,5464,2,0,1,0.6888008342683403,2,-1.072492132321444,0
8,8593,1,0,0,1.2544881297993768,1,-0.4873514938193744,0
4,8529,3,0,1,-0.9442599349471701,2,-0.3876473714366272,0
9,9810,0,0,0,-0.5437368132938085,0,-0.4470226669087449,0
4,8630,3,0,0,2.3383780208716183,1,-0.7802944613683513,0
2,9958,2,1,0,-0.32076517855894743,2,2.207475375432584,0
7,8679,3,0,0,-0.6985782263041288,1,-0.44404148052520764,0
5,5377,2,1,0,0.4534418864926536,1,0.4495691379400953,0
1,2316,2,0,1,0.9014497081358469,0,0.02301105289563466,0
1,6956,0,1,0,0.4018280821558802,2,-0.38226467379968493,0
3,7905,0,0,1,0.003369512675989589,2,0.3802565545228533,0
7,1726,1,0,0,-0.886452474089984,0,-0.5910305313801713,0
0,4064,3,0,0,-0.6676099437020646,1,1.3180052936110833,0
4,2583,3,0,0,0.04053145179846638,2,0.37180985976949765,0
4,9971,0,1,1,-0.8740651610491582,2,-0.4897530050727795,0
9,6466,0,0,1,-0.34347525246712773,1,-0.28951665297852475,0
0,4079,1,1,0,-0.5334140524264538,0,-0.9790816256372754,0
4,9204,2,1,0,-0.7419338219470184,2,-0.3049194492934674,0
8,3915,0,0,0,-0.6510935263142972,2,-0.6523104737084379,0
8,3439,1,0,0,-0.3827017437630755,1,-0.5444080887709631,0
9,8360,0,1,0,0.04672510831887924,0,0.33148103285886826,0
9,7688,3,0,0,0.39356987346199646,2,1.4105876929664913,0
8,8135,3,0,0,0.5546049429927296,1,0.7391582708075927,0
9,7451,3,0,0,-0.06063160470160953,1,-0.6922252469546871,0
2,5628,1,0,0,-0.8843879219165129,0,-0.8174350750632534,0
5,7107,2,0,0,-0.8121285958450302,2,-0.6244032567292138,0
0,4598,0,0,1,-0.170052869895569,1,0.4378100138716983,0
5,9057,1,0,0,0.11485533004342015,0,0.6686863371300863,0
3,3201,1,1,0,0.5484112864723166,0,-0.23212881509543196,0
3,4300,0,0,0,0.4699583038804211,2,-0.7398414183584078,0
7,4500,2,1,1,-0.10192264817102811,2,-0.4604380056346628,0
1,9807,2,1,0,-0.6634808393551228,0,0.1668118905348709,0
3,7325,3,0,0,0.4369254691048861,0,-0.15793039843850376,0
2,7124,0,0,0,-0.8410323262736232,0,1.0675856373939512,0
8,8052,1,0,0,-1.0082610523247693,2,-0.12000308278127936,0
3,5368,1,0,0,-0.2608931655282903,2,-0.5583202918941372,0
3,4814,1,0,0,-0.8967752349573386,0,1.067916880325455,0
3,7020,1,1,0,2.2289567556776584,0,1.6556246515466817,0
6,2336,0,0,0,-0.3083778655181218,1,1.0858868093595548,0
3,8768,1,0,0,-0.6056733784979366,2,0.5861240364526785,0
5,7200,3,0,1,1.688044086228273,2,0.8194018709644715,0
0,9981,0,0,1,-0.9896800827635308,2,-0.7865466717004921,0
1,2433,1,1,0,-0.6387062132734717,1,-0.4738533443605806,0
6,5523,0,0,0,-0.02346966557913256,2,-0.9833049730139533,0
4,9595,3,1,0,0.13137174743118765,2,0.19699640266818594,0
8,6327,1,1,0,0.14582361264548407,0,0.5963097565964308,0
6,7887,2,0,1,-0.5375431567733957,2,1.2430615803582712,0
5,4612,2,1,0,-0.24644130031399367,1,0.0961329300251742,0
1,7136,1,0,0,-0.08540623078326079,0,-0.5410956594559216,0
8,6983,3,1,1,-0.8926461306103967,0,-1.047400480260005,0
3,8601,1,0,0,-0.8286450132327977,2,-0.7342102885228373,0
4,6597,2,1,1,-0.3930245046304302,1,0.626949727760564,0
3,3991,2,0,0,-0.7729021045490825,0,-0.9514228408566795,0
3,4767,0,0,0,-0.3393461481201858,0,0.22105292056867437,0
2,7451,3,0,0,-0.5994797219775239,1,-0.539522255531277,0
6,6424,2,0,0,-0.8658069523552745,0,-0.9192922765007776,0
0,9346,1,0,0,-0.054437948181196676,1,-0.7689079855978964,0
7,9272,3,0,0,2.9309044946577765,2,0.4481613554812028,0
2,6529,1,0,0,-0.4508319654876164,2,1.3991598118295985,0
8,8017,3,0,0,-0.65728718283471,1,-0.7406281203207301,0
8,7692,3,1,0,0.47615196040083396,0,-0.9009911045351736,0
5,9636,1,0,1,0.3646661430334034,0,-1.086901199841874,0
2,7913,0,0,1,-0.9298080697328737,2,-0.18368453636295093,0
0,8857,3,0,0,0.25111577349250197,0,-0.6724334817973145,0
6,3364,1,0,0,-0.26708682204870304,0,-0.8035228719400793,0
5,3257,2,0,1,0.8085448603296546,0,1.7453914859843045,0
8,3186,2,0,0,1.1574541776462426,0,-0.6566166318179917,0
7,7248,2,0,0,-0.046179739487312924,1,-0.6485839907290163,0
8,6759,3,0,0,-0.42812189157943614,2,0.6204904905962332,0
5,8027,1,0,0,-0.8616778480083327,1,-0.423918472436331,0
2,4010,1,0,0,-1.0185838131921239,2,-0.8931240849119502,0
3,4420,1,0,0,-1.0061965001512982,0,0.3350832997389758,0
8,7244,0,0,0,0.5133138995233107,2,0.21629130342830238,0
4,7302,0,0,0,0.8787396342276663,0,-0.7136732267695804,0
5,7290,2,1,0,-0.22166667423234251,1,-0.13283874637706494,0
7,2779,1,1,0,0.4617000951865374,0,-0.8761478846723628,0
3,8079,0,0,1,-0.9360017262532863,2,-0.553517269387327,0
9,5712,0,1,0,-0.7109655393449543,2,-0.8248880410220966,0
4,6845,2,0,1,-0.6325125567530587,0,0.2553779693457913,0
2,9486,2,0,0,-0.37237898289572086,2,-0.511697849284929,0
2,9913,1,0,1,-0.5148330828652155,1,-0.7373570963721267,0
2,1877,2,0,0,0.6743489690540436,2,1.1663788417150616,0
4,4052,1,0,0,1.0934530602686439,2,0.018125219655948516,0
9,2985,3,0,0,1.3184892471769758,1,-0.5507845152024179,0
0,5151,2,0,1,-0.8100640436715593,2,0.7422222679240058,0
0,1048,2,1,0,-0.7852894175899081,0,0.7876025495400737,0
7,2043,0,0,0,-0.14527824381391777,1,0.4422817934470042,0
4,4856,2,1,0,-0.06063160470160953,1,-0.08141328126104667,0
0,5595,2,0,0,-0.31870062638547647,1,-0.18840474813688501,0
1,3823,2,0,0,-0.10398720034449918,0,-0.26492186531434214,0
7,3540,1,0,0,2.873097033800591,2,0.5324626815490071,0
1,2141,2,0,0,-0.7336756132531347,1,0.5977175390553233,0
1,5064,0,0,0,0.0529187648392921,0,0.18358106394226809,0
8,8227,1,0,0,-1.0000028436308854,0,0.0013974516149891866,0
9,9361,0,0,0,-1.0000028436308854,2,-0.38168499866955263,0
4,6649,3,0,0,-0.32282973073241833,0,0.2341784217295261,0
8,2389,2,0,0,0.472022856053892,1,-0.969061526959275,0
6,7064,2,0,0,-0.6428353176204133,1,2.1359269022276894,0
9,4532,2,0,0,-0.5519950219876923,0,-0.5733090345446996,0
2,3496,0,0,0,2.592317938208543,1,-0.6640695977768349,0
7,6442,0,0,0,-0.5065748741713316,1,-0.6230782850031972,0
0,3152,1,1,0,-0.2732804785691159,0,-0.5365410691477397,0
5,5196,0,1,0,-0.5065748741713316,1,-0.51418217127121,0
3,6017,2,1,0,0.5566694951662005,1,1.060381103633736,0
0,1741,1,1,0,-0.59122151328364,1,1.843687825908159,0
6,8908,3,0,0,-0.9876155305900597,1,-0.9244265419390917,0
0,4793,1,0,0,-0.5994797219775239,2,-0.6370732988592472,0
0,2874,3,0,1,0.18917920828837373,1,0.36990521291334877,0
1,7323,1,0,1,1.1409377602584756,1,-0.6703632134754136,0
1,6258,2,0,1,-0.463219278528442,2,-0.07226269527824467,0
7,7375,1,0,0,1.535267225391424,1,-0.32578775397822846,0
6,8829,2,1,0,1.2606817863197894,0,-0.8400424051384112,0
0,6431,0,0,1,-0.10811630469144097,0,0.8471434664779434,0
0,6744,1,0,0,-0.6593517350081809,2,-0.24753161141037466,0
4,1527,0,0,0,0.1953728648087866,1,-0.830353549391915,0
6,8089,3,1,0,-0.18244018293639475,1,0.5175981549977587,0
7,1027,2,0,1,-0.9318726219063446,1,0.5502669891173549,0
3,4464,2,1,1,-0.8678715045287456,0,-0.6098285677430315,0
2,6721,1,1,0,-0.8781942653961002,0,0.36907710558458845,0
6,6914,0,0,0,1.4733306601872962,1,-0.502340236469937,0
0,8549,1,0,1,0.9097079168297305,1,-0.10302688254169191,0
7,9423,0,1,1,0.22427659523737964,0,-0.42085447531991765,0
5,9967,2,0,0,0.14995271699242604,2,-0.5152587107985985,0
8,2344,1,0,0,-0.5726405437224016,0,-0.8114727022961788,0
4,4705,1,0,0,-0.025534217752603634,0,0.2981911182427017,0
9,1579,2,0,1,1.8986284079223092,0,-0.8224865297686915,0
3,8518,0,0,0,0.04878966049235013,0,2.33020088155487,0
0,7338,2,0,0,1.5290735688710113,0,0.7596125218279736,0
9,7000,0,0,0,0.9117724690032014,0,1.5714889469446292,0
5,1437,0,0,1,-0.758450239334786,2,-0.6795552048246536,0
7,1948,0,1,1,-0.6841263610898322,0,-0.5087166629013917,0
0,1887,3,0,0,-0.33315249159977306,1,-0.3529496743615682,0
3,9648,3,1,0,2.1711492948204723,2,0.22672545577068284,0
1,7997,1,0,0,-0.47560659156926766,2,-0.6540494990988346,0
9,8733,2,1,0,-0.9070979958246933,0,0.1117013478058689,0
8,4671,3,0,0,1.8015944557691748,0,-0.5483001932161369,0
1,6028,2,0,1,-0.205150256844575,2,1.6981065575120882,0
9,6071,0,0,0,0.5628631516866133,2,-0.7251011079064733,0
2,9344,2,0,0,-0.7708375523756115,1,-0.007960161200002829,0
9,5312,1,0,1,-0.5870924089366982,1,-0.798140174303137,0
1,7860,1,1,0,0.5979605386356192,1,0.28461015805103185,0
0,7666,0,1,0,0.23459935610473445,1,-0.027255061960119287,0
1,5923,2,0,0,1.9337257948713147,2,1.2813201389469997,0
9,4136,0,0,1,1.0686784341869924,2,-0.3002820482524094,0
8,7149,2,0,0,1.8676601253202447,1,-0.9997843088562843,0
3,7579,1,0,0,0.9489344081256782,2,-0.6905690322971665,0
0,1768,1,0,0,0.08388704744135603,2,2.426012899492443,0
6,2617,2,0,0,0.2655676387067984,0,-0.35468869975196504,0
4,5934,1,0,1,0.9489344081256782,1,-0.40868129758714045,0
5,5550,2,0,1,-0.7770312088960243,0,0.5562707672508675,0
3,7866,1,1,0,-0.4116054741916686,1,-0.6677960807562566,0
1,8384,2,0,1,-0.8079994914980884,0,-0.9218594092199346,0
5,6567,0,1,1,-0.8575487436613908,0,0.011583171758741514,0
3,1747,3,0,0,-0.2897968959568834,1,-0.009947618789027763,0
7,4059,1,1,0,-0.8141931480185011,0,-1.0747280221090967,0
6,7933,2,1,0,-0.9649054566818795,0,-0.4615145451620512,0
1,7384,1,0,1,-0.9298080697328737,1,0.15840660114795324,0
6,3487,2,0,0,-0.9380662784267574,1,-0.27022175221840844,0
3,6204,3,0,0,-0.7150946436918962,0,-0.6166190478388665,0
0,6497,2,0,0,-0.8327741175797395,2,-0.7805842989334175,0
6,2962,1,0,0,-0.18656928728333652,1,-0.7437335228035814,0
2,3380,0,0,0,-0.49212300895703515,1,-0.6662226768316118,0
1,3398,0,1,0,-0.7150946436918962,1,0.8603103730052332,0
5,7681,3,1,1,-0.8430968784470944,1,-0.9303889147061664,0
4,5846,1,0,0,-0.9463244871206411,2,-0.5426276580141284,0
8,5009,1,0,0,1.983275047034617,0,-0.09234429800068335,0
1,5600,2,0,0,-0.9876155305900597,0,-0.17780497432875242,0
4,8065,1,1,1,-0.8988397871308095,2,1.1771442369889462,0
9,1516,2,0,1,-0.4487674133141455,1,-0.262271921862309,0
9,6382,3,0,0,2.241344068718484,2,-0.6667195412288681,0
5,3926,1,0,0,0.41215084302323485,1,0.15277547131238275,0
7,9970,1,0,1,-0.7605147915082568,1,-0.5872212376678737,0
7,6983,1,0,0,-0.5396077089468667,0,-0.15238207933580936,0
0,3929,1,0,0,0.6247997168907413,1,-0.6188549376265193,0
8,9931,2,0,0,-0.3393461481201858,0,1.0280849178120817,0
6,8071,1,1,0,1.0418392559318705,2,-0.3079006356770047,0
3,9310,2,1,1,-0.1370200351200342,2,-0.12513734821959363,0
1,5483,3,1,0,-0.8616778480083327,0,-0.7331337489954488,0
4,9433,3,0,0,-0.5994797219775239,2,-0.8233560424638899,0
6,9122,2,0,0,-0.43638010027331986,2,0.05605253531317281,0
6,7928,2,0,0,-0.6779327045694193,2,-0.29142129983467363,0
5,5984,3,1,0,-0.9917446349370017,0,1.7121015713681382,0
4,2011,1,0,0,-0.7274819567327218,2,-0.09507705218559263,0
2,1472,2,0,0,-0.8740651610491582,0,-0.7877060219607565,0
0,3002,2,1,1,0.9799026907277423,2,-0.07437436896658367,0
7,9488,1,1,0,-0.4879939046100933,0,-1.0372975708491285,0
9,2100,1,0,0,0.29240681696192056,0,-0.6001811173629733,0
2,8025,1,0,0,-0.6634808393551228,1,-0.6348374090715944,0
9,5903,0,0,0,-0.9690345610288214,1,-0.11312979195256828,0
1,9885,3,0,0,0.43073181258447324,0,-0.5921898816404358,0
1,9480,0,1,0,-0.7150946436918962,2,1.0530109484077685,0
0,5182,3,0,0,-0.40954092201819764,2,1.6131427455812755,0
2,7587,2,1,0,-0.9050334436512224,1,0.8735600902653988,0
4,2782,3,0,1,-0.18656928728333652,1,-0.7594675620500283,0
0,1336,3,0,0,-0.22579577857928437,0,-0.8939521922407107,0
2,1929,0,0,1,2.7987731555556365,0,-1.0421834040888147,0
9,7754,2,0,1,-0.4879939046100933,0,-0.0012110864706059155,0
9,6861,0,0,0,-0.7501920306409021,1,-0.3552683748820972,0
4,9144,1,1,0,-0.5210267393856282,2,-0.32247532466318707,0
5,4909,0,0,0,-0.8162577001919721,2,0.007608256580691876,0
6,9074,1,0,0,-0.8905815784369258,0,-0.3471115176938078,0
2,3892,0,0,0,-0.496252113303977,2,1.9272438553800795,0
5,4168,1,0,0,-0.7233528523857801,1,0.525175337055916,0
1,2237,3,1,0,-0.15766555685474348,1,-0.08654754669936093,0
7,2088,1,0,0,0.4534418864926536,0,-0.7434850906049533,0
5,1843,2,1,0,-0.9091625479981642,0,-0.2953134042798473,0
1,1998,3,0,1,-0.9236144132124607,0,0.742056646458254,0
0,5893,2,1,0,-0.9607763523349375,1,-0.4691745379530846,0
5,9794,3,0,0,1.4588787949729995,0,1.82778816519596,0
6,4802,0,0,0,-0.7914830741103208,1,0.31218613209875185,0
3,1944,1,0,0,-0.8286450132327977,2,-0.793419962529203,0
3,9246,2,0,0,0.5649277038600842,2,0.0991141164087116,0
7,4727,1,0,0,-0.5974151698040528,2,2.1942256581724187,0
4,9290,0,0,1,0.05498331701276299,0,-0.5279287529286321,0
0,5691,3,0,0,-0.6056733784979366,2,-0.955149323836101,0
7,7739,1,1,0,-0.9256789653859316,0,2.651423714381013,0
6,2688,3,1,1,-0.18037563076292384,1,2.6108464552717554,0
8,3569,0,0,1,-0.3496689089875405,2,0.15020833859322563,0
6,7025,1,1,0,-0.882323369743042,2,1.4409792319319967,0
9,7672,3,0,1,-0.3455398046405987,1,-0.862732545946445,0
8,4116,0,0,0,0.16646913438019353,0,0.14987709566172147,0
7,7431,2,0,1,0.16853368655366444,0,-0.5173289791204995,0
4,5988,2,0,0,0.29240681696192056,0,-0.25920792474589566,0
4,3590,0,0,1,-0.8307095654062686,1,0.40832939296782955,0
7,8209,1,0,0,-0.5519950219876923,1,0.6130375246373901,0
6,5239,2,0,0,2.0575989252795712,0,-0.35758707540262624,0
4,1309,0,1,0,0.050854212665821026,2,-0.26632964777323476,0
7,8864,3,0,0,2.0493407165856867,0,-0.44598753274779446,0
0,1895,1,0,0,-0.8967752349573386,0,-0.8216584224399311,0
9,8317,0,0,0,-0.6325125567530587,2,0.09853444127857924,0
1,4101,0,1,1,1.9646940774733785,1,-0.6262250928524866,0
6,1374,1,1,0,0.538088525604962,2,-0.7804186774676654,0
1,2866,0,1,0,-0.6469644219673554,2,-0.05234671402155816,0
9,9968,1,0,0,0.7280273255642883,0,0.7783277474579576,0
1,5246,2,0,0,-0.8947106827838677,2,0.2509890005033614,0
9,1410,0,0,0,0.49886203430901416,0,-0.5282599958601362,0
1,6254,0,0,0,-0.9050334436512224,1,-0.6842754165985877,0
3,7234,3,0,0,-0.7254174045592509,1,0.1720703720724992,0
8,7580,2,0,0,-0.4487674133141455,1,-0.5093791487643999,0
3,7731,0,1,0,0.9489344081256782,0,0.39251254298850646,0
5,5625,2,0,0,0.8498359037990735,2,-0.20032949367103417,0
1,2500,3,1,0,-0.6841263610898322,0,-0.3535293494917005,0
9,5611,2,1,0,-0.9917446349370017,1,0.022182945566874113,0
1,7349,2,0,0,-0.882323369743042,1,0.3819127691803741,0
7,8542,3,0,0,-0.3806371915896046,2,-0.5663115276166746,0
4,2439,0,1,1,-0.7976767306307336,0,0.34605572184505046,0
7,8146,0,1,0,-0.6696744958755356,1,1.1984265953380875,0
7,2739,1,1,1,2.379669064341037,2,0.7977882696838262,0
4,1469,3,0,1,-1.01032560449824,1,-0.1855063724862237,0
4,4910,3,0,0,0.017821377890286018,0,-0.8483234784260147,0
6,7564,2,1,0,-1.0061965001512982,1,-0.6350030305373464,0
7,8057,3,1,0,-0.752256582814373,0,0.6782923821437064,0
3,9251,0,0,0,-0.6593517350081809,2,-0.4946388383124656,0
2,6896,0,1,0,-0.9649054566818795,0,-0.9110940139460499,0
2,6590,3,0,0,-0.8286450132327977,0,0.0828832127650085,0
8,2910,2,1,0,-0.9277435175594025,1,-0.7361977461118622,0
1,8456,0,0,1,-0.8121285958450302,1,0.7956351906290491,0
5,6110,3,0,0,2.740965694698451,1,0.35110717655048856,0
0,7030,3,1,0,0.14788816481895514,2,-0.7858013751046078,0
6,2526,1,0,0,1.1017112689625275,0,0.8655274491764233,0
2,7455,2,0,0,0.3295687560843975,1,-0.15180240420567717,0
5,3291,2,1,1,-0.7501920306409021,2,-1.0210666672054256,0
6,2578,1,0,0,-0.6779327045694193,2,0.009264471238212734,0
0,5608,2,1,1,-0.9628409045084084,1,1.4731926070207746,0
5,9319,1,0,0,-0.8327741175797395,1,0.7341896268350306,0
9,8205,0,1,0,-0.37031443072224984,0,-1.0194104525479049,0
4,9176,1,1,0,-0.3971536089773721,1,2.541699493320265,0
5,9435,2,0,0,-0.9236144132124607,1,-0.30376009903320295,0
3,6636,0,0,0,0.09833891265565264,0,0.18598257519567307,0
7,1754,1,1,0,0.042596003971937274,2,2.065206536351555,0
8,1676,3,0,0,1.343263873258627,2,1.3086476807960912,0
6,5196,2,0,0,-0.2629577177017612,2,-0.617861208832007,0
0,5295,1,0,0,-0.3393461481201858,0,-0.014336587631457674,0
6,4522,3,0,0,-0.8100640436715593,1,-0.4690503218537705,0
1,9258,0,0,0,-0.4838648002631514,0,0.029139047128461153,0
0,1802,1,1,0,-0.4838648002631514,2,0.0440449790461477,0
6,4618,2,0,0,-0.4508319654876164,0,0.1950917558120372,0
1,2489,1,0,0,0.5463467342988457,0,0.4916369902411216,0
6,8419,2,1,0,-0.3269588350793602,1,-0.7135904160367045,0
0,8248,1,0,0,1.382490364554575,0,0.23202534267474903,0
5,9156,2,0,0,-0.6490289741408263,2,-0.36719312041624635,0
6,7162,2,0,1,0.015756825716815123,1,-0.3514590811697996,0
6,2485,1,0,0,-0.9649054566818795,1,-0.3371328243822454,0
9,8416,3,1,1,1.120292238523766,0,0.37180985976949765,0
4,6748,2,0,0,0.08595159961482693,0,-0.8551967692547258,0
0,5130,3,0,0,0.1416945082985423,0,0.20627120475030197,0
8,9024,2,1,0,-0.24850585248746465,2,-0.592852367503444,0
0,3263,0,1,0,-0.7852894175899081,2,-0.9914204248358047,0
3,1682,3,0,1,-0.8327741175797395,0,-0.9303889147061664,0
9,7363,0,0,1,-0.5458013654672794,1,0.45884394002221135,0
2,3564,3,0,0,-0.5396077089468667,0,-0.3020210736428062,0
2,1383,3,0,0,1.4464914819321737,1,-0.37530857223809794,0
8,4965,1,0,0,-0.6655453915285937,2,-0.88351803989833,0
8,9015,1,0,0,-0.7398692697735474,0,-1.0580830648010136,0
4,1663,0,0,0,0.2552448778394437,2,-0.8029431968099471,0
5,9323,2,0,0,0.09214525613523979,1,0.2507405683047333,0
4,8879,2,0,0,-0.560253230681576,2,-0.6096629462772793,0
5,2302,1,0,0,1.5786228210343138,2,2.8713690208997646,0
5,1484,2,1,0,-0.20102115249763314,2,-0.405451679004975,0
5,8994,1,0,1,-0.6717390480490066,1,-0.23577248734197753,0
8,8996,1,0,0,-0.3827017437630755,1,-0.1802892963150335,0
4,4890,0,1,0,-0.5788342002428144,0,2.1263208572140697,0
6,9287,2,0,0,-0.07508346991590596,2,-0.7788452735430207,0
7,2261,2,0,0,0.9675153776869165,2,-0.5343051793600868,0
2,2011,0,1,0,0.057047869186233884,1,-0.4121593483679339,0
2,2979,1,0,1,-0.8100640436715593,2,2.9892915045152395,0
4,1199,0,0,0,-0.8410323262736232,2,-1.0851621744514774,0
2,3161,1,0,0,0.35640793433951967,0,1.75383818073766,0
5,5527,1,0,0,-0.6118670350183495,1,-0.7572316722623753,0
8,5815,0,0,0,-0.6159961393652913,1,-0.03168543616898706,0
6,1475,0,0,0,2.559285103433008,1,-0.858177955638263,0
0,1235,1,1,0,-0.7935476262837918,0,-0.6951236226053484,0
2,7196,3,0,1,1.08519485157476,1,1.0412518243393718,0
2,8086,2,0,0,1.060420225493109,1,-0.8484062891588908,0
2,2092,2,0,1,-0.7274819567327218,0,-0.8147851316112203,0
6,8224,3,0,1,0.3109877865231591,2,0.23335031440076556,0
4,3326,0,0,1,-0.9938091871104726,0,0.02764845393669269,0
5,3301,1,1,0,0.6247997168907413,0,1.3602387673778618,0
5,1952,1,0,0,-0.31663607421200557,1,-0.8838492828298342,0
1,4899,1,0,0,0.7899638907684161,0,-0.9468682505484974,0
1,6714,2,1,0,-1.0185838131921239,1,-0.789030993686773,0
7,5366,2,0,0,2.6459962947187874,0,-0.8660449752614865,0
8,2034,1,0,0,-0.8616778480083327,0,-0.07586496215835214,0
1,5734,0,1,0,0.6433806864519799,0,-0.4648269744770927,0
8,7019,3,0,1,1.2400362645850802,0,-1.042928700684699,0
0,1123,2,0,0,1.2668754428402025,0,-0.15229926860293339,0
8,8019,3,1,0,-0.8678715045287456,1,-0.12729042727437048,0
8,4606,2,0,0,-0.47354203939579664,0,2.4561560062593197,0
0,3579,0,0,0,-0.14114913946697596,2,0.5905958160279844,0
2,9209,3,1,0,-0.7398692697735474,2,-0.6916455718245549,0
7,3657,1,1,0,-0.8781942653961002,2,-0.966411583507242,0
6,2098,3,0,0,-0.29392600030382526,1,0.21786470735294705,0
7,2478,2,0,0,-1.014454708845182,0,-0.5456502497641037,0
5,5946,1,1,0,2.6253507729840777,1,-0.5723153057501873,0
3,6475,1,1,1,-0.3806371915896046,1,0.592003598486877,0
0,7818,2,0,1,-0.37237898289572086,1,1.6819584646012613,0
3,5991,1,1,0,-1.0020673958043562,1,-0.18327048269857077,0
6,1413,1,0,1,0.5690568082070261,2,-0.7876232112278805,0
0,1398,3,0,1,2.3218616034838506,0,-0.5757105457981048,0
6,6257,2,0,0,-0.6820618089163613,0,-0.5184055186478879,0
7,4353,3,1,1,0.013692273543344232,2,-0.3112958757249222,0
9,1584,0,0,0,-0.9339371740798154,0,-0.544159656572335,0
2,5608,3,1,0,0.45757099083959557,0,-0.5669326081132449,0
6,4510,3,1,0,0.25318032566597287,1,-0.14120263039754455,0
6,7671,0,0,0,-0.6944491219571868,2,-0.04820617737775637,0
4,5231,1,0,0,0.6846717299213985,1,-0.1725878981575621,0
0,4528,3,0,0,-0.10605175251797007,1,-0.8588404415012714,0
8,2859,0,0,0,-0.7150946436918962,0,0.11907150303183621,0
8,5024,0,0,0,0.11898443439036192,2,-0.3642119340327091,0
9,9439,3,0,0,1.9440485557386695,1,-0.7441475764679617,0
6,9923,0,1,0,-0.6490289741408263,0,0.9386079209395252,0
7,4061,0,0,0,0.14995271699242604,1,0.4134636584061436,0
2,9806,3,0,0,0.14582361264548407,2,-0.7687423641321444,0
5,4839,3,0,0,-0.9607763523349375,1,0.06888819890895846,0
8,4246,1,1,0,0.5009265864824852,1,1.113959647804531,0
8,1505,0,0,0,0.6619616560132183,0,-0.019719285268399816,0
3,6762,0,0,0,0.06943518222705942,1,2.150087537549492,0
8,1886,3,0,0,-0.8018058349776755,2,2.251530685322636,0
9,2533,0,0,1,0.438990021278357,2,-0.5572851577331868,0
9,6639,0,0,0,0.05498331701276299,1,0.5457123988091728,0
3,6785,2,1,0,-0.7274819567327218,1,-0.6025412232499403,0
2,5129,0,0,0,2.131922803524525,2,-0.5670982295789969,0
4,3662,0,0,0,-0.10605175251797007,0,-0.6008021978595436,0
9,2696,2,0,0,0.438990021278357,1,-0.9212797340898022,0
6,2007,0,1,0,-0.15973010902821436,2,-0.11896794862032889,0
1,7147,1,0,1,1.382490364554575,0,1.7261793959570642,0
6,1693,2,1,0,-0.8369032219266814,2,-0.707876475468258,0
7,1473,3,1,0,-0.9855509784165888,2,0.18101393122311096,0
4,9935,2,0,0,-0.9360017262532863,0,-0.5966616612157418,0
2,2706,3,0,0,-0.8761297132226291,1,-0.9498494369320348,0
4,6768,1,0,0,-0.07095436556896417,0,-0.9377590699321335,0
1,2240,0,1,1,-0.9752282175492342,0,-0.936599719671869,0
6,2331,1,0,0,-0.9091625479981642,1,-0.37911786595039565,0
5,8276,1,1,1,-0.8286450132327977,1,-0.5708247125584186,0
0,5663,0,0,1,-0.8038703871511464,0,0.3168235331398098,0
7,8380,0,1,0,0.28621316044150785,2,-0.5499564078736576,0
8,5910,2,0,0,1.803659007942646,2,-0.4591130339086462,0
0,1506,2,0,0,-0.9504535914675829,0,-0.10170191081567537,0
4,2326,0,0,1,-0.7976767306307336,2,-0.923101570213075,0
0,7193,2,0,0,-0.9339371740798154,1,0.8059865322385537,0
8,8906,3,1,0,0.024015034410698875,2,-0.7396757968926557,0
1,5422,2,0,0,0.0013049605025186968,1,0.14196867067206004,0
5,4625,2,1,0,-0.9690345610288214,1,0.1455709375521676,0
7,5882,2,0,1,-0.9545826958145249,2,-0.5462299248942359,0
8,7201,2,0,0,-0.18656928728333652,2,-0.3635080428032629,0
1,3258,3,1,0,-0.17418197424251097,1,-0.2614438145335486,0
0,6805,3,1,1,0.8725459777072537,0,-0.3866536426421149,0
0,5759,2,1,0,-0.9463244871206411,1,2.9966616597412066,0
0,8733,0,1,1,-0.9938091871104726,2,-0.5338911256957066,0
4,2461,1,1,0,-0.11843906555879562,2,-0.3185004094851373,0
5,1199,3,0,0,-0.33521704377324396,2,0.37735817887219203,0
5,9431,0,0,0,-0.9256789653859316,1,0.47805603004945163,0
9,9907,3,0,0,-0.8926461306103967,1,-0.7596331835157805,0
7,7325,2,0,0,0.09627436048218176,2,0.30200041195499944,0
9,1926,1,0,0,-0.24644130031399367,2,-0.7670033387417475,0
4,4208,2,0,0,-0.26502226987523214,2,0.6703425517876069,0
5,8852,1,0,0,0.09627436048218176,2,-0.4765860985454898,0
1,4898,3,0,0,0.20776017784961232,0,0.9493733162134098,0
3,2947,1,0,1,0.2098247300230832,2,-0.534553611558715,0
8,2992,0,0,1,-0.15973010902821436,0,-0.6242376352634618,0
4,9921,2,1,1,-0.6036088263244657,2,-0.050856120829789464,0
7,5555,2,0,0,-0.7439983741204893,1,0.14697872001106033,0
6,3248,3,0,0,-0.015211456885248806,1,0.1335633812851425,0
5,6062,1,0,0,-0.9298080697328737,1,1.781000101121,0
0,3405,3,0,0,-0.3827017437630755,2,-0.802777575344195,0
7,2865,0,0,0,1.9172093774835477,1,-0.802529143145567,0
7,4848,2,0,0,-0.09572899165061544,0,2.5848438851486804,0
7,1785,3,0,0,1.962629525299908,1,-0.798140174303137,0
6,3890,0,0,0,-0.4818002480896804,1,-0.11975465058265124,0
5,5533,3,0,0,2.1628910861265886,1,-0.9315482649664308,0
4,6253,0,1,0,-1.012390156671711,2,0.027979696868196763,0
3,2564,1,0,0,-0.9463244871206411,0,-0.5771183282569974,0
6,7557,0,1,0,-0.6779327045694193,2,-0.22036969102703485,0
4,7649,1,1,0,-0.09159988730367347,0,-0.9648381795825972,0
7,7698,1,0,1,-0.046179739487312924,1,-0.5616327212091786,0
5,6730,1,0,1,0.07562883874747228,2,-0.7310634806735479,0
2,4303,2,0,1,-0.882323369743042,1,-0.7685767426663922,0
9,2634,0,1,0,-0.8596132958348617,1,0.8762928444503081,0
9,8356,3,1,0,-0.8141931480185011,2,-0.11644222126760977,0
4,4253,0,0,0,-0.496252113303977,2,-0.8831867969668259,0
7,2354,3,0,0,-0.9256789653859316,0,2.292604808829149,0
7,3019,1,0,0,0.9344825429113819,0,0.04222314292287492,0
4,5208,0,0,1,-1.014454708845182,0,0.8690469053236549,0
7,1261,0,0,0,-0.9566472479879957,1,0.042720007320131155,0
9,5830,1,0,0,-0.915356204518577,0,0.06673511985418161,0
1,2131,1,0,0,0.09627436048218176,0,-1.1680557180603892,0
0,8553,3,0,0,-0.9566472479879957,2,-0.41952950359390107,0
2,3171,1,0,0,-0.8905815784369258,2,-0.969144337692151,0
3,2915,0,0,0,2.018372433983623,0,2.6197900144223674,0
1,1423,3,1,0,-0.29392600030382526,0,-0.5073088804424991,0
7,7721,3,0,0,-0.9174207566920479,2,-0.10128785715129533,0
0,8949,3,0,1,1.6777213253609191,2,-0.6050255452362213,0
9,5740,2,1,0,0.37292435172728716,2,2.481413279786511,0
2,8274,3,0,0,0.6619616560132183,1,-0.47757982734000226,0
8,6223,2,1,1,-0.10811630469144097,0,-0.6320632495202472,0
3,7323,0,1,0,-0.3599916698548952,0,0.26142315284574186,0
6,8425,0,0,0,0.34402062129869393,0,0.025081321217535556,0
0,5123,1,0,0,0.011627721369873341,2,-0.5956679324212293,0
2,4064,3,1,0,-0.6531580784877681,2,-0.4604380056346628,0
3,1960,2,0,0,1.1017112689625275,1,0.6989950653627154,0
6,2594,3,0,0,-0.013146904711777915,1,-0.20331068005457145,0
9,9303,0,1,0,-0.9401308306002283,1,2.6683999146206006,0
5,8034,1,1,0,-1.0061965001512982,0,0.13878045745633272,0
5,4105,0,0,0,0.1582109256863098,2,-0.530330264182037,0
8,7554,2,0,1,-0.4157345785386105,2,-0.6513995556468015,0
1,6945,0,0,0,0.1582109256863098,1,-0.975769196322234,0
7,4393,1,1,0,-0.9318726219063446,2,0.5523372574392558,0
2,8394,2,0,0,0.17885644742101908,2,-0.7590535083856481,0
4,6678,2,1,0,-0.7460629262939602,2,-0.2983774013962607,0
0,2925,2,0,0,-0.9091625479981642,2,-0.8770588027339993,0
9,8140,1,1,0,-0.47354203939579664,1,-0.3395343356356505,0
0,9262,2,1,0,-0.38889540028348835,0,2.2038317031860393,0
0,1227,1,0,0,0.8374485907582477,1,-0.7739594403033345,0
3,1359,2,0,0,-0.8905815784369258,2,-0.6360795700647348,0
7,3529,2,0,0,-0.7914830741103208,2,1.1661304095164335,0
9,4415,3,0,0,1.3226183515239176,0,0.6883952915545828,0
8,2785,3,0,0,-1.0082610523247693,2,-0.5277631314628799,0
0,2201,2,0,0,-0.2237312264058134,1,-0.48478436110021733,0
7,3027,1,1,1,-0.34347525246712773,2,0.24428133114040249,0
1,3865,3,0,0,0.2263411474108507,2,0.1512020673877381,0
6,6373,1,0,1,-0.8100640436715593,0,-0.6334296266127017,0
5,1797,1,1,0,0.6722844168805727,1,1.7101969245119892,0
3,3213,1,0,0,2.8978716598822416,2,1.2466224418719403,0
8,2648,3,0,0,-0.9380662784267574,0,-0.9129158500693227,0
7,2325,3,1,0,-0.8327741175797395,0,-0.49405916318233334,0
8,9504,3,0,1,-0.6325125567530587,0,-0.5388597696682688,0
7,2261,2,0,0,-0.3558625655079533,1,-1.0530316100955754,0
4,6983,3,1,0,0.8436422472786604,1,1.0266771353531894,0
1,1572,1,1,0,-0.9091625479981642,1,0.1811795526888631,0
2,7034,3,1,0,-0.4859293524366223,2,-0.21829942270513397,0
5,9729,0,0,0,0.9551280646460912,1,-0.5012636969425485,0
0,8507,0,0,0,-1.0185838131921239,2,-0.6761599647767362,0
1,8499,2,0,0,1.3804258123811037,0,1.7260137744913122,0
5,5931,1,0,0,-0.9772927697227051,2,-0.6864284956533647,0
5,5040,1,1,0,-0.5437368132938085,1,-1.012868404650698,0
5,7312,1,1,0,-0.6325125567530587,1,-0.6749178037835957,0
9,6008,0,1,0,-0.7956121784572627,2,0.5136646451861472,0
8,7547,0,0,0,1.1739705950340102,1,-0.3002820482524094,0
1,3576,1,0,1,-0.430186443752907,1,0.5993737537128442,0
4,5816,2,1,0,1.543525434085308,0,-0.5388597696682688,0
8,5916,2,0,1,-0.5747050958958726,1,0.8246189471356616,0
3,6702,1,1,0,-0.8348386697532105,2,-0.22036969102703485,0
0,8410,0,0,1,-0.5994797219775239,2,-0.2590423032801436,0
4,8971,2,0,0,-0.021405113405661667,2,-0.209107431355894,0
6,7208,0,0,0,0.9117724690032014,1,-0.43087457399791806,0
9,8710,2,0,0,-0.7935476262837918,0,0.8425888761697616,0
6,1014,1,0,1,0.7899638907684161,2,-0.10567682599372524,0
6,1799,1,0,1,-0.9050334436512224,0,-1.0342335737327153,0
1,5440,3,1,1,-0.8947106827838677,1,-0.8108930271660466,0
0,9692,0,1,0,-0.5685114393754597,2,-0.2561025222630443,0
5,5213,0,1,1,2.1670201904735302,0,1.6624979423753925,0
0,6904,2,0,0,-0.5272203959060411,2,-0.7859669965703597,0
8,6286,3,1,0,-0.09366443947714435,2,-0.6545463634960909,0
9,4747,3,0,0,-0.7543211349878439,1,1.0708152559761164,0
2,1271,1,1,0,0.0364023474515246,0,0.7014793873489963,0
8,4786,2,1,0,0.3295687560843975,0,-0.8171038321317493,0
3,7354,2,1,0,-0.8616778480083327,1,-0.673178778393199,0
1,8137,1,1,0,-0.8369032219266814,0,0.742222267924006,0
0,7308,1,0,0,0.3626015908599325,0,-0.5357129618189794,0
9,9515,1,0,1,-0.948389039294112,1,0.9354197077237976,0
4,7931,2,0,0,-0.30424876117117994,1,-0.6968626479957452,0
3,7021,1,0,0,-0.3785726394161336,0,1.2890215371044706,0
4,7036,1,0,0,-0.2567640611813484,2,-1.0093075431370284,0
8,8394,0,1,0,1.353586634125982,1,-0.5135196854082017,0
2,3352,3,1,1,0.38118256042117094,2,-0.43393857111433126,0
4,4154,3,0,0,1.3969422297688712,1,-0.6627446260508184,0
2,5127,0,1,0,2.4643157034533454,0,0.04586681516942048,0
0,1016,0,0,0,-0.08334167860978971,1,-1.1708712829781744,0
7,2925,0,1,1,0.2593739821863857,1,-1.0075685177466318,0
1,1039,2,0,0,-0.9380662784267574,1,1.0482907366338345,0
1,7350,1,0,1,-0.3021842089977089,1,2.2891267580483556,0
9,1624,1,0,0,1.6323011775445582,2,0.550515421315983,0
5,7572,0,0,0,-0.23611853944663902,2,0.23732522957881544,0
6,1155,3,0,1,-0.4033472654977849,0,-0.5270178348669957,0
1,3675,3,0,0,0.08388704744135603,0,-0.27254045273893746,0
9,9809,1,0,0,-0.2526349568344065,1,-0.9918344785001849,0
4,7822,0,1,0,1.1058403733094693,2,0.2892889644585278,0
4,4994,1,0,0,-1.0000028436308854,2,-0.5195648689081525,0
4,6639,2,1,0,-0.40747636984472674,1,-0.36777279554637865,0
1,9545,3,0,0,-0.7935476262837918,2,-0.9404090133841666,0
3,5671,0,0,0,2.8978716598822416,0,-0.3572972378375601,0
9,8341,2,0,1,-0.752256582814373,2,0.03336239450513914,0
0,8088,2,1,0,-0.40954092201819764,0,0.32146093418086785,0
7,6686,3,0,0,1.3886840210749878,1,-0.8248880410220967,0
8,4325,2,0,1,-0.31870062638547647,1,-0.6106566750717918,0
3,8568,0,0,0,-0.4487674133141455,1,-0.8849258223572226,0
0,4835,3,0,0,-0.4116054741916686,0,2.4100304280473686,0
5,2974,3,1,1,1.6632694601466225,0,-0.640965403304421,0
2,9997,0,0,1,-0.8265804610593268,1,-0.7523458390226893,0
2,9730,0,0,0,2.2330858600246004,2,-0.8082430837140134,0
6,7166,0,1,0,-0.5994797219775239,0,0.42174473169374715,0
3,1855,3,0,1,-0.16592376554862723,1,0.4402943358579793,0
2,2827,2,0,0,-0.14734279598738884,1,-0.01582718082322614,0
7,4338,0,0,0,2.334248916524676,0,0.5739508587199013,0
4,9716,2,0,0,0.5257012125641365,0,-0.3261604022761706,0
6,2668,0,0,0,-0.9380662784267574,1,-0.8110586486317987,0
1,8741,2,0,1,-0.3083778655181218,0,-1.0435083758148314,0
3,2763,1,0,1,-0.9009043393042804,2,-0.5767456799590551,0
9,8801,1,0,0,-0.65728718283471,2,-0.8168553999331212,0
4,9068,1,0,0,1.9213384818304895,1,0.21314449557901283,0
0,1156,0,0,0,2.350765333912444,1,-0.20488408397921612,0
8,9208,3,0,1,-0.3290233872528312,1,-0.40387827508033025,0
9,7886,3,1,1,-0.32076517855894743,0,-0.30338745073526074,0
7,5261,2,1,0,-0.31457152203853456,1,-0.359408911525899,0
2,4861,3,0,0,-0.5974151698040528,0,0.7551407422526677,0
7,9384,2,0,0,-0.4508319654876164,2,1.1142080800031593,0
2,5875,1,1,0,1.0624847776665798,0,2.483980412505668,0
2,6269,2,0,0,0.6537034473193344,0,0.36083743766342286,0
3,4631,3,1,0,-0.2732804785691159,2,0.34903690822858763,0
8,2879,0,1,1,-0.8720006088756873,0,-0.6969454587286212,0
4,3316,0,0,1,0.35434338216604877,1,-0.1283669668017589,0
7,6612,0,0,0,0.6929299386152821,0,-0.4818859854495561,0
4,8728,0,1,0,-0.4528965176610873,2,-0.6857660097903563,0
7,5023,2,0,1,0.9633862733399747,0,-0.1775565421301243,0
6,3684,2,0,0,-0.49212300895703515,1,0.414043333536276,0
5,8751,2,0,0,-1.01032560449824,1,-0.9883564277193914,0
1,2909,0,1,1,-0.5478659176407504,1,-1.0176714271575082,0
8,6349,3,0,0,-0.49418756113050605,2,-1.1343517497798428,0
6,5864,1,1,0,0.7177045646969334,1,0.42952894058409474,0
4,6769,0,0,0,0.40802173867629304,0,0.5938668399765877,0
9,8214,0,0,0,0.6598971038397474,1,-0.13946360500714775,0
4,6581,1,0,0,-0.5127685306917444,2,-0.16645990392473548,0
4,7365,3,0,0,-0.1370200351200342,0,1.7626161184225198,0
2,2081,0,1,0,-0.9772927697227051,1,-0.19983262927377793,0
2,4296,2,0,0,-0.3765080872426627,2,-0.8431064022548245,0
1,8680,3,1,0,-1.0020673958043562,0,-0.8346597075014688,0
6,7425,1,0,1,-0.911227100171635,1,-0.4038782750803303,0
5,5647,3,0,0,0.5422176299519038,2,1.464745912267419,0
8,5776,0,0,0,-0.12669727425267938,2,-1.0276087151026323,0
4,2610,3,0,1,-0.0028241438444232708,0,-0.23842243079401063,0
1,1842,2,0,0,-0.34347525246712773,2,1.1472495624206973,0
2,4962,0,0,0,-0.6015442741509948,1,0.9073468692788216,0
5,5913,1,0,0,0.6991235951356951,0,-0.350051298710907,0
8,5883,2,0,0,-0.8141931480185011,0,0.48741364286444366,0
5,8966,0,0,1,1.7004313992690991,1,-0.5061495301822345,0
7,9664,1,0,0,-0.6407707654469424,2,-0.8705995655696684,0
7,5043,3,0,0,-0.26708682204870304,2,-0.7643533952897145,0
4,2323,2,0,0,-0.461154726354971,2,0.013197981049824281,0
6,5466,3,0,1,-0.3476043568140696,2,-0.9593726712127788,0
5,3309,2,0,0,-0.203085704671104,1,0.6194139510688448,0
7,4312,0,0,0,0.23253480393126338,2,1.2403288261733616,0
0,7414,2,1,0,1.5455899862587787,1,2.9632889343921636,0
5,7682,1,1,1,-0.7109655393449543,2,-1.0965900555883703,0
5,6158,0,1,0,0.9117724690032014,0,-0.2594563569445238,0
5,3101,1,0,0,-0.5024457698243898,0,-0.4726939941003161,0
9,2961,2,0,0,-0.6593517350081809,1,2.2538493858431647,0
9,3252,3,0,0,0.03433779527805352,1,-0.262354732595185,0
0,4583,3,1,0,-0.2546995090078774,0,0.2554607800786673,0
7,4831,1,0,0,-0.9752282175492342,0,-0.7320572094680604,0
9,9279,3,0,1,0.66609076036016,2,-0.442385265867687,0
9,5756,0,0,0,-0.49212300895703515,1,-0.5635373680653275,0
9,9783,3,0,0,0.04672510831887924,0,-0.9987077693288959,0
6,8457,0,0,0,-0.7481274784674312,0,-0.8336659787069565,0
7,5639,1,0,0,0.1602754778597807,1,-0.7039429656566463,0
0,9391,2,0,0,-0.7378047176000765,2,-0.370753981929916,0
2,1641,3,0,1,-0.7460629262939602,2,1.3930318175967717,0
1,6839,1,0,0,-0.3930245046304302,1,-1.0876464964377583,0
2,3032,1,0,0,0.2573094300129146,1,-0.9955609614796066,0
0,2390,2,0,0,-0.6985782263041288,0,-0.7601300479130365,0
0,3485,3,0,1,-0.849290534967507,2,0.27301665544838694,0
9,8026,1,0,1,-0.013146904711777915,1,0.031499153015428216,0
9,2315,2,1,0,-0.366185326375308,2,-0.7579769688582596,0
1,9653,1,0,0,0.3151168908701009,1,-0.3541918353547088,0
1,5597,2,0,0,-0.42605733940596513,1,-0.4860265220933579,0
9,5421,1,0,0,-0.5334140524264538,1,0.09853444127857924,0
9,3936,0,0,1,2.548962342565654,0,1.2127528521256419,0
5,3705,3,1,0,1.3866194689015168,0,1.6847740295190463,0
7,4825,2,0,0,0.443119125625299,0,-0.5669740134796829,0
0,6596,2,0,0,-0.8100640436715593,2,1.3649175737853578,0
7,5717,2,0,0,2.1112772817898153,1,-1.0598220901914104,0
2,3981,1,1,0,0.8415776951051895,2,-1.1172099280745031,0
9,5935,1,1,1,-0.8183222523654431,1,-0.2446332357597133,0
8,6038,3,0,1,-0.7150946436918962,1,-0.2426457781706885,0
0,3892,2,1,1,-0.7708375523756115,1,0.2032072076338886,0
2,2083,2,1,0,-0.7378047176000765,0,1.4108361251651198,0
0,4785,0,0,1,-0.7976767306307336,1,-0.8359846792274855,0
9,1762,2,1,1,0.1912437604618448,2,1.2438896876870311,0
0,7669,3,0,0,-0.5974151698040528,2,-0.4016423852926774,0
0,5231,2,0,1,-0.5499304698142213,0,0.744292536245907,0
2,6861,0,0,0,-0.9669700088553504,0,-0.8667074611244947,0
5,7765,1,0,0,-0.7501920306409021,0,-0.650240205386537,0
6,4456,1,1,0,-0.3393461481201858,1,-0.8737463734189579,0
9,3715,2,0,0,0.05911242135970478,2,-0.8209959365769229,0
9,3498,2,0,0,-0.9298080697328737,1,-0.3382093639096338,0
0,4087,1,1,0,-0.8513550871409781,2,-0.9732020636030768,0
3,5067,0,0,0,0.7858347864214744,2,-0.8953599746996032,0
0,6130,2,0,1,-0.915356204518577,1,-0.6386467027838919,0
9,4031,2,1,0,-0.9607763523349375,2,-0.9062081807063638,0
6,9665,2,0,0,0.3853116647681127,2,-0.47319085849757236,0
4,6163,1,0,0,1.3226183515239176,2,0.0707928457651072,0
1,5104,0,0,0,-0.8307095654062686,1,0.3371949734273147,0
9,4207,2,0,1,-0.5127685306917444,0,-0.4846187396344653,0
7,5891,3,0,0,1.5104925993097729,2,0.13637894620292762,0
7,5319,1,0,0,-0.10605175251797007,1,0.42513997174166485,0
0,6114,0,0,0,-0.979357321896176,1,-0.6995125914477782,0
1,2102,1,1,0,1.1904870124217777,0,-0.9154001720556038,0
7,4644,1,0,1,-0.979357321896176,2,-0.3411905502931711,0
6,1823,2,1,0,-0.7130300915184252,0,1.4689278542776587,0
5,7989,0,0,0,-0.7770312088960243,0,0.7911634110537432,0
4,2636,1,0,1,-0.4487674133141455,1,0.8313266164986206,0
1,6398,1,0,0,-0.820386804538914,0,-0.47584080194960543,0
5,2247,3,0,0,-0.7914830741103208,0,-0.3635080428032629,0
1,5782,1,0,0,-0.4508319654876164,2,-0.6534698239687023,0
7,7915,3,0,0,0.792028442941887,2,-0.02700662976149117,0
3,3171,2,0,1,-0.011082352538307022,1,0.42124786729649116,0
3,2104,2,0,1,-0.5870924089366982,0,1.7056423342038072,0
4,9488,0,0,0,-0.882323369743042,1,0.2017166144421199,0
6,2096,1,0,0,-0.8369032219266814,0,2.5711801142241346,0
1,5274,2,0,0,-0.2423121959670519,0,-0.34127336102604716,0
8,9512,1,0,1,0.07769339092094317,0,-0.5459400873291699,0
9,2114,2,1,0,0.3584724865129906,2,-1.1046226966773458,0
5,1076,1,0,0,0.7631247125132942,1,-0.2562267383623584,0
4,6637,3,0,1,-1.0020673958043562,0,-0.3976674701146276,0
6,9104,1,1,0,2.0204369861570943,0,0.03982163166946995,0
2,5545,1,1,0,-1.012390156671711,2,-0.11312979195256828,0
4,1957,3,0,0,0.8395131429317186,2,-0.234695947814589,0
7,7466,2,1,0,-0.12256816990573757,0,1.8125509903467696,0
6,2735,2,0,0,-0.8658069523552745,2,-0.7876232112278805,0
0,4052,2,0,0,0.8952560516154339,2,-0.8667074611244947,0
6,7447,3,1,0,-0.7749666567225534,0,-0.4433375892957614,0
1,1255,3,0,0,-0.042050635140370954,0,-0.832589439179568,0
9,2698,0,1,1,-0.14321369164044687,1,1.7453914859843045,0
7,7203,1,0,0,-0.6221897958857041,1,-0.17209103376030596,0
7,9643,1,0,1,-0.8451614306205653,1,-0.7555754576048546,0
1,4952,1,0,1,-0.8678715045287456,0,-0.622498609873065,0
0,7510,0,0,0,-0.4900584567835642,0,-0.2791653113690203,0
3,9482,2,1,1,0.23253480393126338,1,-0.7186418707421426,0
8,3368,0,0,0,-0.8761297132226291,1,0.038331038477701244,0
2,9095,3,1,0,-0.882323369743042,2,-0.9848783769385979,0
3,3195,2,0,0,-0.5540595741611632,0,2.051791197625637,0
9,1458,2,1,0,-0.5437368132938085,0,-0.7568176185979952,0
8,9450,3,0,1,-1.0020673958043562,2,-0.7930887195976989,0
9,7286,1,0,0,-0.6201252437122332,2,0.009430092703964657,0
3,9512,2,0,0,-0.624254348059175,1,-0.6491636658591485,0
0,4380,0,0,0,-0.8389677741001523,0,-1.0225572603971942,0
5,8800,2,0,0,-0.4652838307019129,0,0.28643199417430476,0
7,1084,3,1,0,-0.752256582814373,0,0.6539874320445899,0
5,2060,2,0,0,-0.42399278723249423,1,-0.664069597776835,0
4,4690,0,0,0,0.33576241260481016,2,0.2758322203661722,0
2,3216,1,0,0,-0.7439983741204893,1,-0.8477438032958825,0
8,2585,3,0,0,-0.4116054741916686,2,0.12254955381262962,0
3,1446,3,0,1,2.449863838239049,2,2.2630413771924047,0
0,7923,3,0,0,-0.18656928728333652,1,-0.27991060796490463,0
8,8408,0,1,0,-0.9318726219063446,2,-0.6776505579685049,0
2,2319,2,1,1,-0.9772927697227051,0,-0.5772839497227494,0
3,9724,3,0,0,-0.9917446349370017,0,0.013984683012146601,0
0,4665,2,0,0,-0.7068364349980125,1,0.6001190503087286,0
9,5895,1,0,0,2.2000530252490655,1,0.07013035990209905,0
6,1813,3,0,1,1.1471314167788882,0,-0.4374994326280009,0
2,9025,2,0,0,0.9840317950746841,0,-0.5314482090758635,0
0,2929,1,0,0,-0.9463244871206411,0,-0.3906285578201646,0
2,8087,0,0,0,1.1079049254829405,2,-0.760958155241797,0
3,1038,1,1,0,-0.721288300212309,0,-0.9150689291240997,0
8,1549,0,1,0,1.4217168558505227,1,-0.6226642313388171,0
6,8201,2,1,0,-0.19482749597722027,0,-0.6857660097903563,0
2,6273,2,0,1,0.09214525613523979,0,-0.7178137634133822,0
4,7177,0,1,0,1.351522081952511,2,-0.38872391096401576,0
8,4754,3,1,1,-0.8100640436715593,2,-0.7868779146319962,0
0,6295,1,1,1,-0.8720006088756873,1,-0.04158131874767341,0
7,1646,1,0,0,-0.11018085686491186,0,-0.4438758590594556,0
3,8212,3,0,1,0.8064803081561837,1,0.18664506105868145,0
1,2172,1,0,0,-0.36824987854877894,2,-0.7872919682963764,0
0,5978,3,0,0,1.3639093949933363,1,-0.9776738431783827,0
9,3415,1,0,0,-0.25057040466093555,2,-0.8504765574807918,0
3,8724,2,1,0,1.9585004209529662,1,0.03038120812160174,0
7,1030,0,1,1,0.5752504647274388,2,-0.7585566439883918,0
9,4487,0,1,0,0.42866726041100234,2,0.32088125905073567,0
4,7784,3,0,0,-0.5086394263448025,0,1.84575809423006,0
5,4763,1,0,0,-0.7914830741103208,0,-0.285376116334723,0
9,3714,1,0,1,-0.7316110610796638,0,0.06971630623771877,0
5,7151,3,0,0,-0.9463244871206411,0,0.5842193895965295,0
2,4925,1,0,0,-0.2629577177017612,0,1.4507508984113688,0
9,1415,2,0,1,-0.49212300895703515,1,-0.6920596254889351,0
3,4779,1,0,0,0.3522788299925777,2,1.1330061163660192,0
3,6515,0,0,0,0.6433806864519799,2,0.38845481707758095,0
5,5633,1,0,1,0.4327963647579443,0,2.410858535376129,0
9,4439,1,0,0,-0.31663607421200557,2,-0.3946862837310903,0
8,2060,2,0,0,-0.8410323262736232,2,0.7576250642389486,0
4,7279,1,0,0,0.21601838654349606,0,-0.521096867466359,0
7,6455,1,0,1,-0.9091625479981642,1,0.08164105177186792,0
2,1657,0,1,0,0.7238982212173461,0,-0.4680565930592581,0
8,8184,1,0,0,0.8890623950950212,0,1.2413225549678741,0
8,4830,1,1,0,-0.5168976350386864,1,-0.7462178447898626,0
4,9521,1,0,1,0.4348609169314152,0,-0.3972534164502473,0
4,6057,2,0,0,-0.7894185219368498,0,-0.22409617400645637,0
3,3536,0,1,0,0.06737063005358852,2,1.2008281065914927,0
2,3142,0,0,0,1.120292238523766,1,0.5842193895965295,0
8,9203,2,0,0,0.41215084302323485,0,-0.8642231391382137,0
0,6484,1,0,0,-0.9339371740798154,2,-0.8012869821524264,0
1,9459,2,0,1,-0.021405113405661667,2,-0.4986137534905153,0
0,8751,2,0,1,-0.06063160470160953,1,0.8511183816559933,0
2,3102,3,1,0,-0.9194853088655189,1,-0.7221199215229361,0
3,3534,1,0,0,0.14788816481895514,2,0.44708481595381416,0
4,5027,0,0,0,-0.3393461481201858,1,0.31814850486582635,0
1,7754,0,0,0,0.9448053037787364,1,-0.3271127257042451,0
6,7821,0,1,1,-0.8637424001818036,2,-0.6657258124343557,0
1,8925,0,0,1,-0.20927936119151688,0,-0.5544281874489635,0
3,8608,0,1,0,0.1231135387373039,1,-0.5333942612984504,0
5,4281,1,0,0,1.3267474558708594,0,-0.3260085825992312,0
8,3588,3,0,1,0.6598971038397474,2,0.0905018001896037,0
4,7382,1,0,0,0.021950482237227984,2,2.5882391251965973,0
9,8704,1,0,0,-0.8699360567022165,2,0.1458193697507957,0
0,6102,3,1,0,0.5091847951763689,2,-0.7183106278106385,0
5,1284,0,0,0,-0.03379242644648738,0,-1.0141933763767146,0
4,5412,2,0,0,-0.8967752349573386,2,2.416655286677451,0
3,8267,1,0,0,-0.3104424176915927,2,-0.8519671506725603,0
2,2893,3,1,1,-0.430186443752907,1,-0.40172519602555334,0
9,4327,3,1,1,-0.7171591958653671,0,0.015061222539535152,0
7,1416,1,0,0,0.3192459952170429,1,-0.6477558834002559,0
7,8916,2,0,1,-0.6469644219673554,0,-0.4389900258197695,0
9,5925,0,0,0,-0.529284948079512,0,-0.44553207371697634,0
4,4514,1,0,0,0.30685868217621715,0,0.952313097230509,0
6,1184,0,0,1,-0.08127712643631882,1,-0.8707651870354205,0
3,2212,3,1,0,-0.6325125567530587,1,-0.5518610547298064,0
4,2953,0,1,1,-0.6159961393652913,0,-0.15635699451385912,0
5,7191,3,0,0,-0.5148330828652155,1,0.5920035984868769,0
9,9327,1,0,0,-0.9690345610288214,2,1.4503368447469887,0
1,9454,3,0,0,0.4327963647579443,2,-0.014833452028713908,0
4,3529,0,1,0,2.5262522686574735,2,-0.7754500334951032,0
6,5425,1,1,1,-0.9318726219063446,1,-0.8616560064190566,0
7,9075,2,0,1,-0.6304480045795878,2,0.5526685003707599,0
5,9837,0,0,1,0.4327963647579443,1,-0.8593373058985275,0
3,9543,0,0,0,-0.1906983916302785,2,-0.35667615734098984,0
9,7209,2,1,0,-0.7543211349878439,2,-0.09623640244585703,0
3,1150,0,0,0,-0.8699360567022165,1,-0.5685060120378895,0
6,5322,3,1,1,0.7693183690337069,0,-0.4380791077581331,0
2,9227,3,0,0,0.2944713691353916,2,0.2886678839619576,0
7,6659,0,0,1,-0.42812189157943614,0,0.34903690822858763,0
9,4945,1,0,0,-0.2629577177017612,2,-0.5603077494831621,0
5,5344,3,0,0,-0.5767696480693435,0,1.0113571497711227,0
3,4581,0,0,0,0.7445437429520554,1,-0.2977977262661283,0
4,1381,0,0,0,0.5401530777784329,2,1.744397757189792,0
6,6917,2,0,0,-0.42399278723249423,1,-1.1140631202252138,0
0,7554,1,0,1,0.27176129522721126,2,0.4133808476732676,0
4,2964,1,0,0,-0.9463244871206411,2,-0.35725583247112214,0
1,8784,3,0,0,0.5546049429927296,0,-0.6061848954964859,0
7,1980,0,0,0,-0.849290534967507,2,1.9941549275439163,0
0,6070,1,0,0,2.495283986055409,2,-0.4288043056760171,0
0,1886,2,0,1,-0.9401308306002283,2,0.2380705261746998,0
5,4682,1,0,0,-0.32282973073241833,1,-0.36239009790943627,0
2,9274,1,0,0,-0.9070979958246933,0,-0.9398293382540344,0
0,5256,3,0,0,1.3288120080443304,2,-0.5781948677843858,0
0,2260,0,1,0,-0.28773234378341245,0,-0.8769759920011232,0
1,6145,1,0,1,-0.19482749597722027,2,-0.6890784391053978,0
7,1674,3,0,0,-0.3785726394161336,1,-0.3478154089232541,0
9,2063,0,0,0,-0.4797356959162095,2,-0.7667963119095575,0
1,5503,3,0,0,-0.9979382914574145,0,-0.10211596448005564,0
4,4348,2,0,0,-0.28773234378341245,2,1.9079489546199628,0
1,9158,3,0,1,0.08595159961482693,2,1.1595055508863508,0
7,2245,3,0,0,0.013692273543344232,2,-0.5663115276166746,0
4,4279,0,1,0,-0.7563856871613149,2,1.5452379446229256,0
6,2441,1,1,0,0.8869978429215503,1,-0.06075200340847575,0
0,5514,0,0,0,0.28621316044150785,0,0.6320011824660023,0
1,4067,3,0,1,0.14788816481895514,1,0.04677773323105675,0
4,1998,2,1,0,2.445734733892107,0,-0.271463913211549,0
6,7359,1,0,0,-0.562317782855047,0,1.8518860884628867,0
0,5553,1,0,1,-0.4487674133141455,2,-0.6509855019824213,0
6,6432,0,0,0,0.4678937517069502,0,-0.6534698239687023,0
1,8838,3,0,1,-0.9442599349471701,1,0.14043667211385333,0
5,9123,2,0,1,-0.17418197424251097,2,-0.4466914239772409,0
1,3964,0,0,0,0.7878993385949453,1,-0.3073209605468725,0
1,1879,3,1,0,0.6991235951356951,0,-0.07520247629534399,0
5,7661,1,0,0,1.3184892471769758,0,-0.5573265630996248,0
6,7442,3,0,0,-0.8575487436613908,1,-0.2297273038420269,0
2,1493,3,1,0,-0.7625793436817278,2,2.4904396496699994,0
0,1236,1,0,0,0.16853368655366444,2,1.3498874257683573,0
4,2611,0,0,0,-0.8947106827838677,2,0.1005218988676041,0
1,5429,3,0,1,1.8883056470549544,1,2.3788107817531032,0
6,5262,0,1,1,-0.2774095829160578,0,0.6156046573565473,0
6,5532,1,1,0,-0.40954092201819764,2,0.15277547131238275,0
8,1996,2,0,0,-0.2794741350895287,2,-0.7400898505570359,0
3,1586,2,0,0,-0.9132916523451061,1,-0.22194309495167952,0
9,3428,3,0,1,0.09214525613523979,0,-0.6012990622567999,0
2,8293,3,1,0,1.1698414906870684,0,-0.3479810303890061,0
7,1737,0,0,0,-0.33315249159977306,0,-0.5092549326650859,0
5,2923,3,0,0,-0.2526349568344065,2,0.24833905705132808,0
2,7452,0,1,1,0.9014497081358469,0,-0.964341315185341,0
8,4095,3,1,0,-0.6738036002224775,0,2.459220003375733,0
5,6368,0,0,0,0.03433779527805352,2,1.1263812577359362,0
9,3994,0,0,0,-0.7254174045592509,1,-0.5409714433566077,0
5,6632,0,1,0,1.572429164513901,1,2.8053688667975636,0
7,9649,1,1,0,0.767253816860236,1,-0.42516063342947147,0
1,3528,2,1,0,-0.8513550871409781,2,-0.19064063792453795,0
4,4022,3,1,1,0.3109877865231591,0,-0.28123557969092117,0
1,5262,2,0,0,-0.3310879394263021,2,1.7895296066072315,0
1,8351,2,1,0,-0.8245159088858558,1,1.4014785123501277,0
1,3481,0,0,0,-0.17624652641598187,1,-0.9068706665693722,0
7,4127,2,0,0,1.6612049079731512,2,0.14051948284672952,0
5,3800,1,0,0,-0.8554841914879199,0,-0.597034309513684,0
7,7422,2,1,1,-0.0007595916709523786,0,-0.04712963785036771,0
6,6640,3,0,1,-0.8018058349776755,1,2.2374114553672717,0
2,4156,2,1,1,1.027387390717574,0,-0.5285084280587643,0
2,6661,2,1,0,0.20363107350267035,0,-0.8292770098645266,0
1,7462,1,0,0,-0.8513550871409781,0,-0.712927930173696,0
5,6598,3,1,0,-0.21960212205887153,0,0.037916984813320974,0
4,2948,0,0,0,1.9254675861774313,2,-1.1733556049644553,0
3,7133,0,0,1,2.604705251249369,0,-0.6863456849204886,0
7,3776,1,0,1,0.6247997168907413,2,1.185094067345046,0
0,5188,2,0,0,2.082373551361222,1,0.2579865074313863,0
7,3321,0,0,0,-0.8575487436613908,0,-0.7256807830366057,0
3,3134,0,0,1,-0.5210267393856282,1,-0.6960345406669848,0
7,9441,2,1,0,-0.29392600030382526,2,-1.020072938410913,0
2,3537,1,1,0,-0.9917446349370017,2,-0.7944965020565915,0
0,3409,1,1,0,-0.8307095654062686,1,-0.8585920093026431,0
4,8499,0,0,0,0.346085173472165,1,-0.7452241159953501,0
0,3193,1,0,0,1.5249444645240695,2,0.3764472608105555,0
0,4130,3,1,0,0.13756540395160033,0,1.9366014681950714,0
7,4599,2,1,0,-0.8286450132327977,1,-0.5935976640993285,0
6,1603,3,0,1,-0.7481274784674312,0,-0.05946843704889713,0
5,9084,2,0,1,0.5339594212580201,1,-0.70804209693401,0
3,1628,2,1,0,-0.9710991132022923,2,-0.24902220460214322,0
2,4997,3,0,0,-0.9236144132124607,0,-0.583494754688452,0
5,9187,2,0,0,-0.4054118176712558,2,-1.0345648166642194,0
3,1543,0,0,1,0.2635030865333275,2,0.06574139105966914,0
3,1260,2,0,0,-0.9421953827736992,2,-0.001335302569919865,0
1,2602,0,0,0,-0.979357321896176,1,0.4310195337758632,0
6,6520,3,0,0,-0.5705759915489307,0,-0.38226467379968493,0
4,4894,3,0,0,-0.8327741175797395,0,-0.918381358439141,0
2,1807,2,0,0,2.8607097207597647,2,-0.601878737386932,0
2,9025,0,0,1,0.8952560516154339,2,-0.9002458079392892,0
3,5033,1,0,0,-0.9938091871104726,1,-1.098080648780139,0
8,9277,0,0,0,-0.7501920306409021,2,-0.9009911045351736,0
7,8293,2,0,1,0.7796411299010617,1,-0.197596739486125,0
9,3087,3,0,0,1.5579772992996046,0,2.395704171259814,0
8,3473,2,0,0,-0.31870062638547647,1,-0.30338745073526074,0
8,3789,2,0,0,-0.21547301771192964,2,-0.3137801977112033,0
7,1240,2,0,0,0.003369512675989589,2,-0.507060448243871,0
3,9051,1,0,1,-0.5003812176509189,2,0.7737731571497758,0
7,4851,1,1,0,-0.8038703871511464,2,-0.6884159532423896,0
5,2698,2,0,0,-0.3827017437630755,2,0.14316942629876261,0
9,7064,0,1,0,-0.6387062132734717,2,-0.17821902799313258,0
9,5287,2,0,0,0.8188676211970094,1,-0.9338669654869598,0
7,8138,2,1,0,-0.29392600030382526,0,-0.2378427556638784,0
4,4358,1,0,0,-0.8348386697532105,1,-0.017690422312937104,0
8,7741,0,0,1,-0.04824429166078381,2,-0.6827848234068191,0
7,4812,1,1,0,-0.4983166654774479,1,0.4307711015772351,0
8,3263,0,0,0,-0.5974151698040528,2,-0.6894096820369019,0
9,5425,0,0,1,-0.15973010902821436,0,1.6217550618003829,0
9,5667,2,0,0,-0.47767114374273856,2,-0.22301963447906795,0
7,1403,2,0,0,0.18917920828837373,1,0.4537096745838971,0
4,3661,0,0,1,-0.45909017418150017,0,0.6153562251579192,0
0,3689,1,0,1,0.23872846045167623,0,-0.6822051482766869,0
6,1435,0,0,0,-0.05650250035466756,2,-1.0215635316026819,0
2,1704,2,1,0,-0.7027073306510705,2,0.3598023035024724,0
8,1715,1,1,0,-0.7563856871613149,2,1.2715484724676274,0
6,2918,2,0,0,0.6082832995029738,1,0.14987709566172147,0
1,2436,1,1,1,-0.9442599349471701,1,-0.16008347749328075,0
1,3397,1,0,0,-1.0000028436308854,0,-0.34408892594383245,0
1,3017,3,0,0,-0.20927936119151688,0,0.36170695035862116,0
4,2202,0,0,0,-0.9298080697328737,2,0.035349852094163844,0
6,8339,2,0,0,-0.430186443752907,1,1.0786822755993397,0
7,5886,2,0,0,1.3742321558606911,1,-0.03619862111073103,0
2,4490,0,0,0,-0.9174207566920479,0,-0.24256296743781242,0
5,1388,2,1,0,1.3969422297688712,0,-0.3379609317110057,0
0,6923,1,1,0,2.2434086208919553,2,-0.3352281775260965,0
1,6232,1,0,0,-0.8327741175797395,1,-0.5704934696269145,0
6,1502,3,1,0,-0.36824987854877894,2,-0.940988688514299,0
3,2347,2,1,0,0.6206706125437995,0,0.3472978828381911,0
6,4331,3,1,1,1.671527668840506,2,-0.3722445751216845,0
2,2324,2,0,1,-0.9009043393042804,1,0.5539106613639005,0
3,6041,3,1,0,0.40802173867629304,0,-0.5642826646612118,0
8,7026,0,0,1,0.3976989778089384,2,-0.7640221523582104,0
9,7792,1,0,0,-0.6820618089163613,1,-0.7708126324540452,0
2,6942,1,1,1,-0.3950890568039011,0,0.17240161500400328,0
6,2892,2,0,0,-0.6077379306714075,2,-0.6805489336191661,0
7,2060,2,1,0,0.23459935610473445,1,0.6902171276778556,0
8,4430,1,1,0,-0.8781942653961002,2,0.05414788845702407,0
5,1715,3,0,0,-0.49418756113050605,0,-1.0788685587528986,0
3,6755,1,0,1,0.4823456169212466,1,0.8115348513412481,0
1,7969,0,0,0,0.2428575647986182,2,-0.8518843399396843,0
3,5886,3,0,0,-0.6861909132633031,1,-0.7444788193994658,0
7,8581,2,0,0,-0.6469644219673554,2,-0.9802409758975399,0
5,4156,1,0,0,-0.3248942829058893,1,-0.5387769589353927,0
4,2331,1,0,0,1.0810657472278182,2,-0.7881200756251368,0
8,6557,2,0,0,-0.9690345610288214,2,0.9416305126895003,0
4,9484,3,0,0,-0.12256816990573757,2,1.2262510015844357,0
0,3465,1,0,0,-0.5767696480693435,1,-0.01317723737119305,0
5,3931,1,0,0,-0.5829633045897563,2,-0.8796259354531563,0
9,5485,2,0,1,-0.820386804538914,1,-0.786629482433368,0
4,4378,2,1,0,1.182228803727894,1,-0.9158142257199839,0
1,8582,1,0,0,2.2929578730552573,1,0.23094880314736058,0
9,4765,0,1,0,-0.6634808393551228,1,0.34497918231766206,0
7,7693,0,0,0,0.41215084302323485,1,-0.16273342094531384,0
9,1315,0,0,0,0.13756540395160033,0,-0.899417700610529,0
3,7656,3,1,0,-0.42399278723249423,0,-0.5560844021064841,0
6,3713,3,0,0,-0.26915137422217406,1,-0.9025645084598183,0
6,1063,1,0,1,-0.5230912915590992,2,-0.90670504510362,0
1,2844,3,0,0,-0.5726405437224016,1,0.04479027564203206,0
0,3889,3,0,0,-0.5148330828652155,0,0.675228385027293,0
4,4585,0,1,0,-0.5148330828652155,2,0.3304044933314796,0
8,3163,1,1,0,1.407264990636226,1,-0.8479094247616347,0
6,3361,3,0,0,-0.6985782263041288,0,0.7563829032458083,0
0,7744,3,0,0,-0.11637451338532472,2,-0.2547361451705897,0
8,9275,0,0,0,1.285456412401441,1,0.13364619201801844,0
3,9379,1,0,0,1.6075265514629071,0,0.36096165376273703,0
4,9672,0,0,0,-0.4818002480896804,1,-0.7165716024202416,0
5,8426,2,0,0,-0.3310879394263021,2,-0.9326248044938192,0
0,1779,2,0,1,0.38118256042117094,2,2.1326144729126484,0
8,5241,3,0,0,-0.7027073306510705,2,-0.16803330784938014,0
1,4220,2,0,0,-0.853419639314449,2,-0.59691009341437,0
0,2498,0,0,1,0.011627721369873341,1,-1.0602361438557906,0
6,6658,2,0,1,-0.5065748741713316,2,-0.7006719417080428,0
8,1285,1,1,0,-0.9318726219063446,0,1.1271679596982587,0
8,5110,0,1,0,1.543525434085308,2,-0.18881880180126517,0
0,7681,0,0,0,-0.4508319654876164,2,-0.43915564728552164,0
2,8100,0,1,0,0.08595159961482693,1,0.026240671477799946,0
9,8023,0,1,0,-0.2526349568344065,2,2.172032381761641,0
3,6470,1,1,0,-0.9979382914574145,2,0.4769794905220632,0
2,9171,1,1,0,-0.04824429166078381,0,-0.24728317921174653,0
6,8478,0,1,0,0.30272957782927534,2,-0.7536708107487059,0
0,5589,0,1,1,-0.7089009871714834,2,2.4811648475878836,0
9,2346,3,0,0,1.2173261906769,2,0.43143358744024346,0
0,1956,3,0,0,-0.558188678508105,2,-0.8004588748236661,0
4,5863,0,0,0,1.7747552775140527,0,-0.895028731768099,0
0,5007,3,0,0,1.450620586279116,1,-0.7765265730224917,0
1,2597,3,0,0,-0.21134391336498778,1,0.4907260721794851,0
1,1648,2,1,0,0.23872846045167623,2,-0.511697849284929,0
9,7337,1,1,0,-0.5747050958958726,1,-1.0054982494247309,0
5,4857,0,1,0,0.14788816481895514,1,1.0618716968255046,0
2,2877,2,1,0,-0.5829633045897563,2,0.2694557939347173,0
0,7568,0,0,0,-0.15560100468127258,2,-0.5319036681066817,0
9,1759,0,0,0,0.42660270823753144,1,0.2082586623393267,0
3,8836,1,0,0,-0.47354203939579664,2,-0.5781948677843858,0
5,1344,3,0,1,-0.9194853088655189,1,0.11832620643595186,0
2,5866,3,1,0,2.0348888513713903,1,-0.8122179988920631,0
4,9386,1,0,0,0.758995608166352,2,-0.5969929041472459,0
6,2679,2,0,0,-0.4797356959162095,0,-0.9449636036923487,0
1,9769,3,0,0,2.8049668120760494,1,-0.6656430017014796,0
8,3737,0,0,0,0.6784780734009858,0,-0.11412352074708075,0
9,3712,0,0,0,-0.32282973073241833,0,-0.3074865820126246,0
7,5952,1,0,1,-0.10605175251797007,2,0.9412992697579965,0
9,1517,3,0,0,-0.8038703871511464,1,-0.0830694959185673,0
8,6588,0,1,0,0.9303534385644397,0,-0.5899539918527829,0
6,5567,2,0,1,0.08182249526788514,1,-0.32007381340978197,0
6,7816,1,0,0,1.9770813905142046,2,0.11575907371679474,0
1,4291,2,0,0,-0.9566472479879957,1,-0.2542392807733335,0
5,3743,2,0,0,-0.05650250035466756,0,-0.7069655574066215,0
1,1959,3,1,0,0.6764135212275149,2,-1.1682213395261414,0
1,1835,2,0,0,-0.556124126334634,2,-0.2158151007188528,0
8,6236,1,0,0,-0.24644130031399367,0,-0.46143173442917523,0
3,5108,0,1,0,-0.18450473510986562,1,0.39731556549531666,0
2,6984,2,0,0,-0.6799972567428904,1,-0.705640585680605,0
7,3008,3,0,0,0.2841486082680368,1,0.8685914462928367,0
5,9003,0,0,0,-0.0007595916709523786,0,0.995705921257552,0
8,8859,2,0,0,-0.13289093077309222,1,-0.15242348470224737,0
0,7759,1,1,0,-0.430186443752907,2,-0.21796817977362978,0
3,1263,3,0,0,-0.9938091871104726,2,-0.8225693405015676,0
2,8763,3,0,0,-0.16179466120168526,2,1.1782207765163346,0
3,4968,1,0,1,-0.7150946436918962,0,-0.943555821233456,0
9,2469,3,0,0,0.5174430038702528,0,-0.4006486564981649,0
9,2941,0,0,0,-0.14114913946697596,2,2.894390404639302,0
7,3116,1,0,1,-0.7667084480286697,0,-0.5899539918527829,0
1,6170,1,0,0,-0.39921816115084297,1,-0.9818971905550606,0
6,2667,1,0,0,-0.1721174220690401,2,-0.7287447801530189,0
9,6503,2,0,0,-0.5994797219775239,2,0.2644457445957171,0
3,2066,2,0,1,0.7321564299112301,1,-0.11602816760322972,0
8,1130,1,0,0,0.7218336690438752,1,1.467395855719452,0
5,8408,3,0,1,0.701188147309166,2,-0.6475902619345038,0
1,3368,3,1,0,-0.8224513567123849,2,-0.9808206510276721,0
6,4091,0,0,1,1.1409377602584756,1,-1.1216817076498091,0
5,9545,3,1,0,-0.09572899165061544,0,-0.9429761461033237,0
2,6548,1,0,0,-0.5313495002529829,1,-0.4935622987850771,0
0,4092,3,1,1,-0.9401308306002283,1,0.21927248981183955,0
0,1136,0,0,0,0.3997635299824093,0,-0.03566035134703685,0
3,1986,2,1,1,-0.0007595916709523786,1,-0.0008384381726638664,0
0,6559,0,0,0,-0.004888696017894162,0,-0.25490176663634184,0
0,1874,3,1,0,-0.3641207742018371,2,-0.5768698960583692,0
8,2057,2,0,1,-0.7708375523756115,2,-0.4969575388329946,0
7,6699,1,1,0,-0.719223748038838,2,0.12329485040851397,0
5,7898,1,0,0,0.30892323434968805,2,-0.7193871673380269,0
7,9191,1,0,1,-0.7605147915082568,1,-0.8508078004122959,0
0,5007,2,1,0,1.2875209645749117,2,-0.721788678591432,0
0,2727,2,0,1,-0.6923845697837159,2,-1.075142075773477,0
2,1424,1,0,1,-0.6221897958857041,1,-0.6168674800374946,0
5,9307,3,0,1,-0.8575487436613908,2,1.4528211667332698,0
5,1649,2,0,0,0.2573094300129146,1,0.025826617813419907,0
6,5814,1,1,0,-0.6387062132734717,0,0.22374426938714542,0
3,8617,2,0,0,1.0934530602686439,2,-0.36189323351218006,0
2,8097,2,1,0,0.24698666914556,2,-0.5430831170449466,0
4,8880,3,0,0,1.0150000776767483,1,0.16817826762732555,0
0,4122,1,0,0,-0.5747050958958726,2,-0.387067696306495,0
3,5135,2,0,0,-0.366185326375308,2,-0.8034400612072033,0
8,1044,3,0,0,-0.496252113303977,2,-0.611153539469048,0
5,6632,0,1,0,-0.6676099437020646,0,-0.4014767638269252,0
2,7355,0,0,0,-0.21753756988540063,2,-0.5354645296203513,0
4,8638,1,0,0,-0.853419639314449,1,0.13836640379195245,0
3,2908,2,1,0,-0.2443767481405228,0,-0.3842521313887098,0
9,9951,2,0,0,-0.911227100171635,2,-0.0675010781378726,0
6,8129,2,0,1,-0.9958737392839434,2,0.16076670703492024,0
2,2534,3,1,0,0.42866726041100234,0,0.3850595770296634,0
2,7604,1,0,0,-0.05856705252813846,2,1.7362823053679408,0
4,2241,0,0,1,-0.7811603132429662,2,0.3548336595299103,0
6,6256,3,1,0,-0.6738036002224775,2,-0.3765507332312385,0
3,2325,2,0,1,0.8642877690133698,1,-0.6350030305373464,0
7,7266,3,0,0,1.1409377602584756,1,-0.6427872394276937,0
7,1351,1,1,0,1.6240429688506746,0,0.6694316337259706,0
2,5526,2,0,0,-0.23611853944663902,0,-0.4654066496072249,0
8,4894,1,0,0,0.24079301262514713,1,-0.36669625601899025,0
0,6787,3,1,1,2.4477992860655777,0,2.2769535803155785,0
9,6014,3,1,0,-0.6490289741408263,2,1.4678099093838324,0
1,8382,3,1,0,-1.0020673958043562,2,0.29173188107837095,0
3,6638,2,0,0,0.13343629960465855,0,-0.9372622055348773,0
7,5457,3,1,0,-0.7460629262939602,0,-0.8681980543162633,0
9,9639,2,0,1,-0.046179739487312924,1,-0.7780171662142604,0
3,8458,1,0,0,-0.9360017262532863,2,-0.06294648782969077,0
7,4928,0,0,0,-0.6325125567530587,0,-0.735783692447482,0
6,9232,2,0,0,-0.2608931655282903,1,-1.0044217098973423,0
7,2387,1,1,0,-0.6985782263041288,1,0.4585126970907073,0
0,5167,3,1,0,-0.9917446349370017,1,0.16635643150405274,0
4,3616,3,0,1,-0.4405092046202617,0,-0.8937865707749585,0
0,3356,3,0,0,0.10040346482912353,2,-0.8380549475493864,0
6,8318,2,0,1,0.3584724865129906,2,-0.22219152715030765,0
1,5088,2,0,0,-0.9896800827635308,0,-0.7730485222416982,0
5,4713,3,0,1,-0.8079994914980884,0,1.0663434764008104,0
0,5106,1,0,0,0.5009265864824852,2,-0.5459814926956078,0
0,1338,2,1,1,0.2820840560945659,2,-0.9449636036923487,0
3,1902,0,0,0,-0.40747636984472674,1,1.0476282507708263,0
2,8930,1,1,0,1.5290735688710113,1,-0.7210433819955476,0
6,6413,1,0,0,-0.5148330828652155,0,-0.9524993803840679,0
1,7827,0,0,0,-0.7605147915082568,1,-0.5346364222915909,0
1,7110,2,0,0,-0.03998608296690006,1,-0.6061020847636099,0
7,8641,0,0,1,-0.882323369743042,1,-0.14848997489063567,0
8,8701,2,0,0,1.2627463384932607,0,-0.012514751508184895,0
4,2405,3,0,0,0.06737063005358852,2,-0.4218482041144301,0
8,9133,3,1,0,-0.9896800827635308,0,-0.44462115565533994,0
6,1430,3,0,1,-0.35379801333448235,2,-0.14037452306878426,0
8,6754,2,0,0,-0.41779913071208136,1,-0.3314188838137989,0
6,5917,2,1,0,-0.6985782263041288,1,0.23749085104456735,0
6,7113,3,0,0,-0.12463272207920847,2,-0.18592042615060386,0
7,6406,0,0,0,-0.4652838307019129,0,0.28701166930443694,0
3,3329,2,1,0,-0.7770312088960243,2,-0.06079340877491367,0
0,7442,2,1,0,-0.6965136741306578,1,0.19434645921615284,0
4,7508,0,0,0,0.3398915169517521,0,0.4878276965288239,0
4,1415,0,0,1,-0.26708682204870304,1,1.899005395469351,0
4,3966,0,0,0,-0.203085704671104,2,0.003633341402642265,0
2,3295,3,0,0,-0.719223748038838,2,-0.370919603395668,0
1,4284,0,1,0,0.8168030690235385,0,1.8154493659974311,0
1,1641,2,1,0,1.0150000776767483,1,-0.920534437493918,0
3,1746,3,0,0,-0.8389677741001523,0,-0.12099681157579179,0
6,2569,0,0,0,-0.9752282175492342,0,-0.9220250306856866,0
6,3969,3,0,0,-0.3125069698650637,0,0.6180061686099523,0
9,2913,3,0,0,-0.10605175251797007,2,0.07186938529249563,0
1,6975,1,0,0,0.08388704744135603,1,-0.8863336048161151,0
8,2866,2,0,0,1.182228803727894,0,-0.8390486763438988,0
8,7095,1,0,1,0.6000250908090901,2,0.8701234448510434,0
8,2448,1,1,1,1.2916500689218535,0,2.6067887293608294,0
6,6640,1,0,0,1.6756567731874477,2,0.08420818449102505,0
3,5867,3,0,0,0.2263411474108507,2,-0.2994539409236491,0
3,3806,3,0,0,-0.8018058349776755,0,-0.6099941892087836,0
8,9446,2,0,1,0.5422176299519038,1,-0.7470459521186229,0
5,4406,3,1,0,-0.7687730002021406,0,-0.2613610038006725,0
0,3209,3,0,0,-0.49418756113050605,1,-0.9880251847878873,0
3,1858,3,0,1,-0.12463272207920847,0,-0.6146315902498416,0
9,8698,0,1,0,0.7961575472888288,2,0.8614697232654978,0
0,4463,2,1,0,0.03433779527805352,1,-0.4672284857304978,0
6,1373,0,1,0,0.2449221169720891,0,-0.340693685895915,0
9,6343,2,1,1,-0.4900584567835642,0,0.8219690036836286,0
3,2154,2,0,0,1.3639093949933363,1,0.1897090581750948,0
3,8450,2,1,0,0.3584724865129906,1,-0.5136024961410778,0
6,5238,0,1,1,-0.6820618089163613,2,0.17438907259302822,0
8,7513,3,1,0,0.893191499441963,1,2.2145970984599237,0
7,4358,0,0,0,0.31305233869663,1,0.29877079337283396,0
5,2095,3,0,0,-0.7460629262939602,2,-1.1061961006019905,0
9,2540,2,0,0,-0.47147748722232574,0,0.1639963256170856,0
8,8730,1,0,1,1.4217168558505227,0,-0.49869656422339137,0
9,1777,0,1,0,-0.7233528523857801,0,-0.20008106147240606,0
2,6412,1,1,1,-0.47767114374273856,0,-0.0002587630425314365,0
8,7211,2,1,0,-0.9669700088553504,1,-0.030898734206664846,0
8,3533,1,0,0,-0.03172787427301631,1,-1.0978322165815109,0
4,3067,1,1,1,0.3791180082476998,0,-0.3921191510119332,0
5,2721,3,1,0,-0.59122151328364,2,-0.636328002263363,0
0,9969,1,0,1,-0.42192823505902327,1,1.4350996698977982,0
6,5778,3,0,1,0.9571926168195621,0,0.39938583381721754,0
1,4681,1,0,0,-0.06476070904855132,2,1.7578130959157099,0
6,2255,2,1,0,-0.47354203939579664,2,-0.5067292053123669,0
1,8254,1,0,0,1.0026127646359224,1,-0.40611416486798324,0
0,3492,2,0,0,1.4857179732281218,0,-0.3011101555811698,0
9,7026,0,1,0,-0.2753450307425868,1,0.00744263511493972,0
0,2309,3,1,0,-0.6779327045694193,2,-0.2660812155746066,0
9,1776,0,1,0,-0.5829633045897563,2,-0.6494949087906526,0
0,5514,0,0,0,-0.3620562220283661,1,-0.04414845146683054,0
4,9079,2,0,0,0.8560295603194862,1,-1.01303402611645,0
1,2207,3,1,1,-0.1906983916302785,1,-0.04895147397364048,0
4,8565,3,0,0,-0.8059349393246173,2,-0.5266865919354915,0
5,2089,0,0,1,0.021950482237227984,2,0.6454993319247961,0
7,8009,3,1,0,-0.5705759915489307,1,0.06068993635423084,0
2,8298,1,0,0,-0.9525181436410538,2,-0.95266500184982,0
2,3033,1,1,0,-0.6304480045795878,0,0.797622648218074,0
5,5935,3,0,1,-1.0041319479778272,0,-0.9789160041715234,0
2,4809,0,0,0,-0.9876155305900597,0,-0.16629428245898342,0
9,8150,1,0,0,-0.0007595916709523786,0,-0.5292537246546486,0
1,5952,0,1,0,0.8415776951051895,0,-0.5198961118396566,0
3,4141,0,0,1,-0.7501920306409021,1,0.09489076903203361,0
5,2101,1,0,0,-0.3765080872426627,0,2.394296388800922,0
1,5270,0,0,0,-0.49212300895703515,2,0.6281918887537046,0
0,3912,1,0,1,1.28339186022797,1,-1.0182511022876404,0
2,2693,1,0,1,1.1595187298197138,2,-0.15494921205496648,0
8,5965,3,0,0,-0.7171591958653671,1,1.8854244352776812,0
5,1940,1,0,0,0.8188676211970094,0,0.23980955156509637,0
8,2576,2,1,0,0.04053145179846638,2,-0.9524993803840679,0
1,8662,3,0,0,-0.9380662784267574,0,-0.028538628319697723,0
9,6971,3,0,0,-0.11637451338532472,0,-0.33878903903976615,0
4,9359,0,0,0,-0.9834864262431179,2,-0.2642593794513338,0
1,5546,2,1,0,-0.7398692697735474,2,0.38911730294058905,0
9,6943,3,0,0,-0.23198943509969716,2,-0.7930887195976989,0
7,7760,0,1,1,0.8808041864011372,0,0.45677367170031047,0
6,7707,1,0,1,-0.4343155480998489,2,-0.9655006654456054,0
0,5629,0,1,0,-0.7068364349980125,1,-1.178655491868522,0
5,9178,3,1,0,-0.41986368288555237,2,-0.8290285776658984,0
3,2092,1,0,0,-0.8678715045287456,2,-0.009533565124647491,0
7,4493,3,1,1,-0.6345771089265296,2,1.1542884747151605,0
8,4783,1,0,1,0.45757099083959557,0,-0.8662934074601146,0
4,7861,3,0,1,-0.8947106827838677,1,0.7369223810199397,0
6,5505,0,0,0,0.6392515821050377,0,0.442198982714128,0
4,3983,2,0,1,1.2131970863299582,1,0.7685560809785855,0
1,7984,0,0,0,0.604154195156032,1,-1.0834231490610806,0
5,5049,2,1,0,-0.9752282175492342,1,-0.2758528820539788,0
6,1965,3,1,0,-0.8596132958348617,2,-0.7630284235636979,0
9,2452,2,1,0,-0.03379242644648738,1,1.3432625671382743,0
9,5100,2,1,0,-0.37237898289572086,0,-0.2458753967528539,0
5,9126,3,1,0,-0.17624652641598187,1,2.316785542828952,0
6,1197,3,0,0,0.2118892821965541,2,1.4040456450692849,0
1,8645,2,0,0,-0.7605147915082568,1,-0.6640695977768349,0
5,1913,1,1,0,0.1045325691760655,1,0.08627845281292594,0
7,5576,2,0,0,-0.11224540903838294,0,-0.04994520276815295,0
1,7629,2,0,0,-0.7914830741103208,1,-0.8317613318508076,0
6,2928,0,0,1,-0.15766555685474348,2,-0.49298262365494494,0
8,1349,2,0,0,0.4162799473701768,0,0.2612575313799897,0
6,5532,2,0,0,0.2820840560945659,0,-0.3535293494917005,0
9,5006,2,0,0,0.37705345607422897,0,0.3044019232084044,0
1,5840,3,0,1,-0.8988397871308095,0,0.5237261492305854,0
5,6653,1,0,1,-0.2918614481303543,2,2.8230075529001595,0
6,9064,2,1,1,-0.6593517350081809,2,-0.7472115735843751,0
1,2062,3,0,0,2.98251829899455,1,0.020775163107981606,0
6,3522,2,1,1,-0.9256789653859316,0,-0.9129986608021987,0
0,3727,2,0,1,0.3316333082578684,2,1.095161611441671,0
7,6799,2,0,0,-0.9731636653757633,2,1.0804213009897363,0
7,1745,3,0,0,-0.496252113303977,2,-0.2719607776088051,0
1,6592,2,1,0,-0.6345771089265296,2,1.144102754571408,0
1,7358,3,0,0,-0.45496106983455825,0,0.3116892677014956,0
7,3964,0,1,1,-0.979357321896176,0,-0.6853519561259762,0
6,8705,2,0,0,-0.2753450307425868,1,-0.9129158500693227,0
0,2333,2,1,0,-0.7852894175899081,0,-0.040753211418913096,0
6,4439,1,0,0,1.5889455819016687,2,-0.7652643133513508,0
9,7778,3,1,1,1.8800474383610701,2,1.6077600479443328,0
5,9140,1,0,0,-0.3001196568242381,0,-0.4739361550934566,0
9,4364,1,0,0,0.15614637351283892,1,-0.4249950119637194,0
1,7096,0,0,0,-0.7254174045592509,0,0.8272688905876947,0
2,2716,2,0,0,0.34195606912522303,1,1.1056785745169273,0
5,1405,2,0,0,-1.0020673958043562,0,0.1652798919766641,0
4,2517,1,0,1,0.6124124038499158,1,0.7381645420130802,0
9,1242,0,0,1,0.41215084302323485,2,-1.110088205047164,0
5,2864,1,1,1,-0.3001196568242381,1,1.8303552979151172,0
0,4698,2,0,0,-0.5519950219876923,1,-0.33025953355353443,0
8,4778,3,0,0,-0.8843879219165129,0,-0.41141405177204954,0
8,1563,3,1,0,-0.9463244871206411,2,0.17041415741497837,0
8,2249,0,0,0,-0.6304480045795878,1,-0.2197072051640266,0
7,3315,1,0,0,-0.2608931655282903,0,-0.7686595533992683,0
5,8464,2,1,0,-0.5045103219978607,1,-0.761123776707549,0
9,7288,1,1,0,0.5731859125539679,0,0.8208924641562402,0
0,1181,2,0,0,-0.9979382914574145,1,-0.5263553490039873,0
0,2810,2,0,0,-0.5974151698040528,2,-0.6902377893656623,0
1,7112,2,0,0,0.07975794309441425,2,0.32527022789316556,0
1,1343,2,1,0,-0.8327741175797395,1,-0.2594563569445238,0
2,3823,0,0,0,-0.2588286133548193,0,-0.7121826335778118,0
0,6077,0,0,0,-0.7852894175899081,0,-0.8643059498710897,0
3,4297,1,0,0,0.443119125625299,2,0.27285103398263477,0
5,1722,1,1,0,0.833319486411306,1,-0.5043276940589617,0
4,5321,1,0,0,1.0150000776767483,1,2.6982945891888486,0
0,2522,3,0,1,-0.8699360567022165,2,-0.029076898083392068,0
6,8324,2,0,1,-0.03172787427301631,1,-0.8114727022961788,0
6,9882,3,0,0,-0.7997412828042045,0,-0.4990278071548955,0
3,5844,2,1,1,1.5125571514832439,0,-0.4855296576961017,0
6,2521,0,0,0,0.604154195156032,0,-0.3095982557009634,0
9,4168,3,0,0,1.5538481949526628,2,-0.7295728874817793,0
6,9485,0,1,0,-0.18244018293639475,1,-0.2146557504585884,0
3,1674,2,0,0,1.8015944557691748,0,-0.7856357536388556,0
3,5267,1,0,0,-0.30631331334465084,0,-0.6244032567292138,0
9,7527,3,1,0,-1.0000028436308854,0,-0.3443373581424605,0
7,4555,1,0,0,-0.4673483828753839,0,-0.830519170857667,0
0,2542,2,0,1,0.21808293871696696,0,-0.8178491287276337,0
9,7740,3,0,0,-0.16179466120168526,1,0.9048625472925405,0
5,6876,1,0,0,-0.15766555685474348,1,1.2862887829195615,0
4,3487,0,0,0,-0.8637424001818036,0,1.0849758912979184,0
9,7455,1,0,0,-0.6861909132633031,1,-0.9016535903981818,0
2,5689,0,1,0,-0.6283834524061169,0,-0.7891966151525251,0
7,9772,0,1,0,-0.5251558437325701,2,0.34845723309845544,0
1,4284,0,0,0,-0.47767114374273856,1,-0.3956800125256028,0
9,6230,0,1,0,-0.4673483828753839,2,-0.31286927964956696,0
9,2916,1,0,1,-0.38889540028348835,2,-0.8768931812682472,0
7,6822,3,0,0,-0.8781942653961002,0,-0.4015595745598013,0
6,3840,1,1,0,-0.9463244871206411,1,-0.7069655574066215,0
7,7754,2,1,0,-0.16592376554862723,1,-0.036364242576483186,0
0,3109,3,1,0,-0.9834864262431179,1,0.7266538501433114,0
7,5418,3,0,0,-0.7130300915184252,1,0.7539813919924031,0
6,7187,0,0,0,-0.7295465089061928,1,-0.6011334407910477,0
5,8174,1,0,0,-0.4694129350488548,1,-0.9133299037337029,0
2,3801,3,0,0,1.2606817863197894,2,1.1523838278590115,0
8,9610,2,0,0,0.6144769560233867,1,-0.7286619694201429,0
4,6613,2,0,0,0.7796411299010617,0,-0.8688605401792717,0
8,5023,0,0,0,-0.03998608296690006,0,0.7270679038076914,0
6,8454,2,0,0,-0.9298080697328737,0,1.1407903252563667,0
6,7745,2,0,0,-0.5932860654571109,1,-0.7990510923647735,0
3,6911,0,0,0,0.3295687560843975,2,-0.40048303503241284,0
2,1033,3,0,0,-0.12050361773226669,2,0.5129193485902628,0
9,7253,2,0,1,0.5153784516967816,2,0.0070285814505596815,0
8,6287,3,0,0,-0.10811630469144097,1,-0.5060667194493585,0
0,4633,2,0,0,-0.8843879219165129,2,-0.8158616711386086,0
8,7410,1,1,0,-0.8802588175695711,1,-0.6174471551676267,0
2,3853,0,1,1,-0.8410323262736232,2,-0.2352756229447213,0
3,4763,0,1,0,-0.6923845697837159,0,0.4392177963305908,0
4,3582,3,0,0,1.3246829036973886,1,-1.1068585864649987,0
1,7747,2,0,0,-0.3021842089977089,2,0.03882790287495748,0
5,9083,0,1,0,-0.7708375523756115,2,1.1289483904550934,0
2,5415,2,0,0,-0.09985809599755721,0,2.8977856446872194,0
6,8358,2,0,0,-0.7171591958653671,1,-0.1937046350409513,0
0,2039,1,0,0,-0.8265804610593268,0,0.8547620539025389,0
8,1501,1,0,0,0.5835086734213225,2,-0.6683757558863889,0
1,2441,2,1,0,2.028695194850978,1,-0.8359018684946095,0
6,4148,0,0,0,0.7693183690337069,1,-0.9917516677673088,0
1,3378,2,1,0,-0.4859293524366223,1,-0.7182278170777625,0
4,2937,0,0,1,-0.3620562220283661,0,-0.36967744240252753,0
9,1481,0,0,0,-0.9504535914675829,1,0.42000570630335055,0
2,6393,0,0,0,0.9386116472583237,1,-1.1137318772937097,0
8,3304,0,1,0,-0.7295465089061928,2,2.3489989179177297,0
0,4803,0,0,1,-0.8389677741001523,0,-0.4944732168467135,0
2,9134,2,0,0,0.7156400125234625,1,0.8871824558235067,0
2,4179,2,1,0,-0.06063160470160953,0,-0.7631940450294499,0
6,9536,1,0,0,0.09420980830871067,0,0.7486815050883369,0
6,4643,1,0,0,-0.7708375523756115,1,-0.1663770931918594,0
2,9433,0,0,0,-0.5994797219775239,2,-0.9428933353704477,0
0,1595,1,1,0,0.5339594212580201,2,0.7024731161435088,0
4,4012,2,0,0,0.472022856053892,0,-0.9754379533907298,0
5,2125,2,0,0,-0.7625793436817278,0,-0.1599178560275286,0
6,9293,3,1,0,-1.0185838131921239,1,-0.42516063342947147,0
0,5319,1,1,0,-0.18037563076292384,0,0.17273285793550736,0
4,1710,3,0,0,-1.0061965001512982,0,-0.7227824073859443,0
5,5295,1,0,0,-0.5354786045999248,1,-0.8103133520359143,0
5,7222,2,0,0,2.12160004265717,2,-0.7813295955293017,0
1,2787,0,0,0,-0.9896800827635308,2,-0.7019969134340595,0
0,5101,2,1,0,-0.9236144132124607,2,-0.5102072560931604,0
9,1697,1,1,0,-0.8885170262634549,2,-0.23949897032139916,0
8,8144,0,0,0,1.1037758211359983,2,-0.9080300168296366,0
7,5665,3,0,0,-0.5747050958958726,0,-0.2067059201024889,0
3,1632,2,0,0,-0.8059349393246173,1,0.23086599241448463,0
0,8503,3,1,0,-0.7543211349878439,0,0.9705314584632369,0
3,2146,3,0,1,0.1726627909006062,2,-0.8194225326522783,0
3,4807,2,0,1,-0.8699360567022165,2,-0.7192215458722748,0
2,2359,0,0,0,-0.690320017610245,0,-0.5658560685858565,0
0,1608,3,1,0,2.043147060065275,0,-0.10029412835678286,0
3,4762,1,1,0,0.09008070396176888,2,-0.7947449342552195,0
5,3009,2,0,0,-0.8141931480185011,1,-0.13598555422635433,0
4,3176,2,0,0,-0.31457152203853456,2,-0.023031714583441297,0
2,1764,0,0,0,-0.054437948181196676,0,0.046529301032428874,0
0,8935,2,0,0,-0.5334140524264538,0,-1.0343163844655914,0
9,2310,3,0,0,-0.8658069523552745,2,-1.1846178646355965,0
9,4464,2,0,0,-0.7935476262837918,2,-0.952996244781324,0
9,4591,0,1,0,-0.4136700263651395,1,-0.06319492002831864,0
3,1785,3,0,0,-1.0185838131921239,1,0.019822839679907167,0
1,3231,0,1,0,0.9489344081256782,2,-1.127892512615512,0
6,4757,3,0,0,-0.496252113303977,1,1.3457468891245554,0
7,6196,2,0,1,-0.9607763523349375,2,-0.6411310247701731,0
3,3425,1,0,0,-0.7894185219368498,1,2.9256100509335674,0
4,5581,1,0,1,-0.8616778480083327,0,-0.740172661289912,0
6,9771,2,1,1,0.29240681696192056,0,0.09240644704575267,0
8,7052,2,0,0,-0.8348386697532105,2,-0.4740189658263327,0
8,7065,2,0,0,-0.28773234378341245,2,-0.4090953512515205,0
8,1912,0,0,1,-0.49418756113050605,2,1.796816951100323,0
5,2520,2,0,1,-0.7894185219368498,0,0.5472029920009416,0
5,8318,0,0,1,-0.9772927697227051,1,-0.7200496532010353,0
2,3186,1,0,0,-1.0041319479778272,2,0.6240513521099028,0
8,4275,2,0,0,-0.6882554654367741,1,-0.6200142878867838,0
8,9904,3,0,0,-0.9380662784267574,1,0.30514721980428877,0
9,3211,1,0,0,-0.3393461481201858,2,-0.6716053744685543,0
9,3701,2,1,0,-0.6366416611000006,2,-1.0996540527047838,0
3,5327,2,1,0,1.5393963297383662,2,-0.19979122390733997,0
8,9194,3,0,0,-0.7729021045490825,2,0.2558748337430473,0
1,9559,2,0,1,-0.37031443072224984,2,-0.7010031846395469,0
9,9003,1,0,0,-0.5994797219775239,2,-0.22923043944477065,0
3,6654,2,1,0,-0.9256789653859316,0,-0.5666427705481788,0
4,4072,2,0,0,0.5195075560437236,2,-0.2641765687184578,0
3,6081,3,0,1,-0.8079994914980884,2,-0.14973213588377626,0
2,3018,1,0,0,-0.2897968959568834,1,-0.5711559554899228,0
4,1695,3,0,0,-0.8988397871308095,1,0.4378928246045743,0
0,3106,3,0,0,0.40595718650282214,0,0.05447913138852815,0
8,8520,3,0,0,-0.9174207566920479,2,2.085826408837688,0
2,8569,0,0,0,0.20363107350267035,0,-0.8476609925630065,0
9,2087,1,0,1,0.43073181258447324,1,-1.0825122309994442,0
3,2061,3,0,0,-0.3393461481201858,1,0.3827408765091344,0
7,7932,1,1,0,-0.6036088263244657,0,-0.7646846382212185,0
6,8306,3,1,0,1.5538481949526628,2,2.8320339227836473,0
7,7682,2,0,0,2.565478759953421,0,0.965728435956427,0
0,9132,2,1,0,0.22221204306390874,2,-0.6290406577702718,0
8,7227,3,0,1,-0.29392600030382526,2,-0.4254090656280996,0
4,4238,3,1,1,-0.8699360567022165,0,-1.0054982494247309,0
5,3036,1,0,0,-0.6593517350081809,2,0.5074538402204445,0
0,3472,3,0,0,-0.4157345785386105,2,0.04479027564203206,0
4,8166,2,0,0,-0.496252113303977,2,-0.857763901973883,0
3,4347,2,0,0,1.4547496906260577,0,-0.7407523364200442,0
4,7184,1,0,0,-0.49212300895703515,2,0.13675159450087,0
2,7542,0,0,0,-0.6159961393652913,1,-0.18235956463693437,0
1,2357,0,0,0,-0.6614162871816519,1,-0.1766456240684879,0
5,2998,1,0,0,-0.6820618089163613,2,-0.811721134494807,0
3,9889,0,0,0,-0.9525181436410538,2,-0.33108764088229475,0
2,6277,1,1,1,0.66609076036016,1,0.10805767555932334,0
2,6967,3,0,0,0.23459935610473445,0,-0.31924570608102165,0
7,8372,0,0,0,1.7169478166568664,2,-0.3372156351151215,0
1,4845,0,1,0,0.9448053037787364,2,-0.6875878459136291,0
9,8589,2,0,0,0.5215721082171945,0,-0.3261189969097326,0
0,1347,1,0,0,-0.7254174045592509,1,-0.5284670226923263,0
7,7778,3,0,0,0.2779549517476241,0,0.2960380391879249,0
6,2997,3,0,0,0.2655676387067984,1,0.07774894732669421,0
6,2377,1,1,0,-0.9442599349471701,2,0.06532733739528886,0
5,8973,2,1,0,-0.7563856871613149,0,-1.0045045206302183,0
0,9662,2,0,0,-0.6614162871816519,2,0.3721411027010018,0
2,3907,3,0,0,-0.5932860654571109,0,1.354607637542291,0
7,8566,1,1,1,2.98251829899455,1,-0.34938881284789874,0
2,1797,3,1,0,0.32750420391092644,1,-0.9063738021721159,0
6,1828,1,0,0,-0.8616778480083327,1,0.10954826875109204,0
5,2890,1,0,0,-0.8575487436613908,0,-0.6740896964548353,0
9,2238,0,0,0,-0.5148330828652155,2,-0.7774374910841281,0
8,2640,0,0,1,-0.3930245046304302,2,-0.7308564538413579,0
3,6854,1,0,0,-0.9587118001614666,1,-0.8976786752201321,0
0,4089,1,1,1,-0.19895660032416215,2,-1.1208536003210487,0
5,5308,3,1,1,1.0996467167890567,1,-0.7307322377420439,0
8,5262,3,0,0,0.19950196915572854,0,0.03286553010788291,0
1,9066,0,0,0,-0.1721174220690401,1,-0.16265061021243787,0
4,4463,3,1,0,0.2779549517476241,1,-0.7475428165158792,0
7,8646,2,0,0,-0.9504535914675829,1,0.031623369114742325,0
6,7221,2,0,0,-0.45496106983455825,0,-0.7022453456326875,0
1,5633,3,0,0,-0.9525181436410538,2,-0.5756277350652287,0
6,6669,2,0,0,-0.2815386872629997,2,-0.6031208983800727,0
7,3705,2,0,0,2.6769645773208515,2,-0.32495964664946814,0
8,5880,1,0,0,-0.07508346991590596,2,-0.5351332866888471,0
0,4094,0,0,1,-0.5272203959060411,1,0.02595083391273381,0
6,9637,1,0,0,0.18092099959448998,0,0.33794027002319904,0
1,8834,3,0,0,-0.03792153079342917,0,0.09141271825124021,0
6,9071,3,0,0,1.572429164513901,0,-0.7708126324540452,0
5,3808,1,0,0,0.2263411474108507,0,1.1816160165642522,0
6,6119,0,1,0,-0.5086394263448025,2,0.5861240364526785,0
0,5829,3,0,0,1.6612049079731512,0,-0.4462773703128607,0
1,6166,2,0,0,1.4031358862892842,1,-0.02717225122724321,0
4,9052,2,0,0,0.40595718650282214,1,2.0414398560161326,0
4,5222,1,1,0,-0.6799972567428904,0,0.2717744944552463,0
1,7063,0,0,0,0.6640262081866892,1,-0.9762660607194902,0
5,1378,0,0,0,0.41215084302323485,0,-0.7970636347757485,0
1,9491,3,0,0,0.2965359213088625,0,-0.3611479369162958,0
5,5450,1,0,1,1.7726907253405815,1,0.8115348513412481,0
3,6198,0,0,0,-0.9607763523349375,1,-0.7147497662969688,0
7,2480,3,1,0,-0.911227100171635,0,0.09157833971699236,0
5,3008,2,0,0,1.7231414731772794,0,0.7741044000812798,0
6,2498,3,0,0,1.0624847776665798,1,-0.15362424032894995,0
5,4960,1,0,0,0.7053172516561077,2,-1.0555159320818566,0
9,1017,2,0,0,-0.8596132958348617,0,-0.11188763095942793,0
2,9061,0,0,0,1.353586634125982,0,-0.3103021469304098,0
3,1851,3,0,0,-0.9236144132124607,2,-0.6218361240100566,0
3,4125,3,0,0,-0.3269588350793602,2,1.7920967393263885,0
0,5424,3,1,0,0.38944076911505465,1,-0.6283781719072635,0
4,2218,2,1,0,-0.24644130031399367,1,0.7428019430541383,0
6,4388,1,1,1,-0.9834864262431179,1,2.5294435048546116,0
5,8172,2,0,0,1.1285504472176497,0,-0.38822704656675955,0
2,6695,0,0,0,-0.9958737392839434,1,0.8622150198613822,0
6,6127,2,0,0,-0.9958737392839434,2,2.6101839694087468,0
3,5016,0,0,0,-0.7563856871613149,1,-0.3365531492521132,0
5,3817,3,0,1,1.1450668646054174,2,1.1870401195676328,0
0,7105,3,0,1,1.5910101340751395,1,-0.21771974757500165,0
1,4779,3,1,0,0.15201726916589695,1,-0.49381073098370526,0
1,4870,2,0,0,0.9902254515950971,0,0.2921459347427512,0
0,2435,2,0,0,-0.29805510465076707,1,-0.8730010768230735,0
1,8118,3,1,0,-0.30424876117117994,1,-0.14128544113042052,0
4,2992,2,0,0,0.18092099959448998,2,0.6225607589181341,0
7,8806,1,1,0,2.8049668120760494,0,-0.4403978082786621,0
5,4848,0,0,0,1.0645493298400506,2,-0.6411310247701731,0
4,3932,0,0,0,0.6867362820948694,0,-0.9840502696098375,0
9,7057,1,0,0,-0.6676099437020646,1,-0.012597562241060855,0
2,6620,0,0,0,-0.5974151698040528,0,-0.9674053123017543,0
2,1578,3,1,0,1.0129355255032773,1,1.0693246627843478,0
7,8247,1,1,0,-0.6696744958755356,2,-0.9200375730966618,0
7,6143,2,1,0,-0.3455398046405987,2,-0.20314505858881943,0
8,2938,2,0,0,-0.9442599349471701,2,0.24717970679106369,0
4,1712,0,0,0,-0.4033472654977849,2,0.5379281899188255,0
2,3243,0,0,0,-0.4859293524366223,1,-0.16803330784938014,0
1,5485,1,0,0,-0.9360017262532863,0,-0.38102251280654437,0
4,1183,1,0,0,-0.853419639314449,2,-0.49037408556934975,0
4,2307,2,0,0,1.3370702167382142,0,0.20788601404138465,0
3,8457,0,0,0,-0.7481274784674312,2,-0.8310988459877994,0
3,2440,3,0,0,-0.9298080697328737,0,-0.1566882374453633,0
1,9669,3,0,0,-0.9318726219063446,2,-0.30872874300576514,0
0,4920,1,1,1,-0.44463830896720363,2,-1.0860730925131137,0
5,1602,3,0,0,-0.4859293524366223,1,0.24088609109248504,0
7,7049,3,0,0,-0.9380662784267574,1,0.12420576847015047,0
7,6765,0,0,0,0.25111577349250197,0,-0.7795905701389051,0
0,6863,2,1,0,-0.9421953827736992,2,-0.4445383449224639,0
8,2683,2,0,0,0.6392515821050377,2,-0.5298333997847808,0
4,2397,0,0,0,-0.9752282175492342,2,0.9617535207783771,0
2,1472,3,0,0,1.609591103636378,1,-0.976100439253738,0
5,3631,2,0,0,-0.35379801333448235,0,0.0234251065600147,0
7,6508,2,0,1,-0.8616778480083327,1,-1.0604845760544186,0
4,8437,0,0,1,0.7094463560030495,2,-0.8472469388986262,0
6,6598,2,1,0,0.18505010394143195,2,1.4330294015758973,0
2,9081,2,0,0,-0.7027073306510705,1,-0.12977474926065166,0
2,4275,1,1,0,-0.6139315871918204,2,-0.6217533132771806,0
3,6783,0,0,1,-0.7543211349878439,2,0.07907391905271079,0
4,2904,0,0,0,1.8573373644528899,0,-0.6851035239273482,0
9,8923,3,0,0,-0.7811603132429662,0,-0.8756510202751066,0
7,7356,0,1,0,-0.8286450132327977,1,0.09886568421008349,0
1,2059,0,1,0,-0.9463244871206411,2,-0.571735630620055,0
2,3445,0,1,1,-0.3001196568242381,2,0.19086840843535924,0
2,7800,2,1,0,-0.595350617630582,1,-0.749530274104904,0
2,7671,3,0,0,-0.09366443947714435,2,-0.16099439555491712,0
8,5578,0,0,0,0.6826071777479276,1,-0.04621871978873143,0
0,7636,1,0,1,1.4877825254015926,0,-0.45497249726484446,0
8,7308,0,0,0,-0.26915137422217406,2,-0.7065515037422414,0
4,1832,3,0,0,-0.6036088263244657,2,-0.5285084280587643,0
1,1110,1,1,0,-0.7873539697633789,1,-0.6774849365027528,0
6,8662,0,1,0,-0.9917446349370017,1,-0.9057941270419837,0
5,1976,2,0,0,1.3721676036872201,1,2.634199081942797,0
8,4001,2,0,0,-0.5767696480693435,1,0.721685206170749,0
3,1597,2,0,0,-0.6387062132734717,2,-1.084499688588469,0
3,3298,1,0,0,-0.9298080697328737,2,0.35127279801624073,0
4,1620,0,0,0,-0.42605733940596513,0,0.006283284854675331,0
4,7759,1,1,0,0.024015034410698875,1,-0.021706742857424754,0
5,6659,2,0,0,-0.8162577001919721,0,-0.7593019405842762,0
5,6508,1,0,0,-0.31663607421200557,0,0.06979911697059474,0
2,3317,2,1,1,-0.3950890568039011,0,-0.9146548754597196,0
9,4389,0,0,1,-0.2629577177017612,0,-0.20579500204085252,0
7,3710,2,0,0,-0.9298080697328737,1,0.4561111858373021,0
9,7340,3,0,0,-0.30424876117117994,0,-0.48494998256596933,0
1,1835,2,0,0,-0.3455398046405987,0,-0.5332286398326984,0
2,4000,0,0,0,0.3398915169517521,2,-1.0517066383695588,0
9,5149,0,0,1,-0.9298080697328737,1,-0.2246758491365887,0
7,8558,1,1,1,-0.26915137422217406,1,-0.28322303727994597,0
8,5379,2,1,0,-0.461154726354971,0,-1.019741695479409,0
2,3092,1,0,1,0.5731859125539679,2,-0.0055586499465978545,0
0,4771,0,0,0,-0.05650250035466756,2,-0.5065635838466148,0
3,6809,2,0,0,-0.6304480045795878,0,0.28311956485926326,0
6,2887,0,0,0,-0.59122151328364,2,0.40352637046101936,0
8,5675,1,1,0,-0.9752282175492342,2,0.15815816894932505,0
1,9036,2,0,0,2.1298582513510533,0,1.7730502707649007,0
5,1547,2,0,0,0.007498617022931373,1,-0.8430235915219485,0
1,2592,0,0,0,0.2820840560945659,2,-0.7989682816318975,0
2,8901,1,0,0,-0.3806371915896046,1,1.5076418718972056,0
2,8398,1,0,0,-0.8183222523654431,2,-0.2284851428488863,0
4,7689,2,0,0,0.8312549342378351,2,1.0982256085580844,0
1,3066,2,0,0,1.601332894942494,0,-0.1981764146162572,0
4,3577,2,0,0,1.4134586471566388,1,-0.9587929960826466,0
5,4055,0,0,1,-0.35173346116101145,0,0.6056673694114229,0
0,1706,2,0,0,0.29240681696192056,2,-0.574054331140584,0
5,9358,1,0,0,0.015756825716815123,0,-0.5918586387089317,0
5,4554,1,0,0,-0.8327741175797395,2,-0.8062556261249886,0
5,9582,2,0,0,1.7272705775242212,0,-0.5630405036680712,0
0,2445,1,0,0,-0.9587118001614666,1,0.5195442072203456,0
3,2904,3,0,0,-0.050308843834254706,2,0.25877320939370874,0
2,9133,1,0,0,-0.9298080697328737,2,-0.0683291854666329,0
7,9656,1,0,1,-0.7439983741204893,1,1.1643085733931606,0
7,6609,2,1,1,0.4906038256151304,1,0.32336558103701657,0
0,3668,0,0,1,0.7032526994826369,2,-0.44197121220330676,0
5,7072,0,0,0,0.23666390827820535,1,-0.030981544939540806,0
6,8229,1,0,0,-0.8781942653961002,0,0.9094171376007225,0
4,6552,3,1,0,1.5868810297281974,1,-0.9245093526719678,0
9,5367,0,0,0,-0.3496689089875405,0,1.5316569844312558,0
0,2489,2,0,0,1.1285504472176497,2,-1.0380428674450128,0
5,1705,1,1,0,-0.40747636984472674,0,-0.19933576487652171,0
3,4510,3,0,1,1.2441653689320222,2,-0.6996782129135304,0
0,3428,3,0,1,-0.9401308306002283,1,-0.8336659787069565,0
2,6059,0,1,0,-0.8740651610491582,1,0.8823380279502586,0
4,7755,0,0,0,-0.4033472654977849,0,-1.1702916078480423,0
7,8939,3,0,1,-0.8843879219165129,1,-0.014750641295837712,0
4,2054,2,0,0,0.4617000951865374,2,-0.6449403184824707,0
8,9335,2,0,0,-0.981421874069647,0,-0.8618216278848086,0
1,1944,0,0,0,1.4464914819321737,2,1.0553296489282977,0
0,4193,0,1,0,-0.09366443947714435,0,-0.8864164155489912,0
9,1865,3,0,0,-0.7130300915184252,1,-0.38160218793667666,0
0,4751,2,0,0,1.1987452211156615,0,-0.7432366584063251,0
8,1641,1,0,0,0.13550085177812943,1,0.0032192877382619662,0
7,1649,0,0,0,-0.8038703871511464,0,-1.1071070186636267,0
3,9915,3,0,0,-0.5643823350285179,1,-0.8700198904395361,0
4,2959,1,0,0,-0.2443767481405228,0,-0.2757700713211028,0
3,8999,0,0,0,0.9117724690032014,1,-0.5326489647025661,0
3,1022,3,1,0,-0.17831107858945278,2,-0.33257823407406345,0
7,4769,1,0,0,0.2655676387067984,0,-0.25970478914315187,0
7,7111,1,0,0,-0.6882554654367741,0,-0.9429761461033237,0
2,1236,3,0,1,-0.7790957610694952,1,0.09124709678548805,0
1,5747,3,0,0,-0.4487674133141455,1,-0.03611581037785507,0
8,6336,3,0,0,-0.3950890568039011,0,2.905901096509071,0
1,4518,0,1,0,-0.6201252437122332,1,-0.7625315591664417,0
5,8350,0,1,0,0.5339594212580201,0,-0.9065394236378679,0
6,9739,1,0,0,-0.7130300915184252,0,-0.8801227998504125,0
6,9223,1,1,1,0.5071202430028979,0,2.752121565558272,0
5,5126,1,0,0,2.028695194850978,1,-0.5757933565309808,0
1,6682,0,0,0,-0.49212300895703515,1,-0.39344412273794976,0
7,1679,3,0,0,0.8106094125031255,0,2.1403158710701193,0
9,4464,2,0,0,-0.7894185219368498,0,-0.03445959572033421,0
2,4911,2,0,0,0.47615196040083396,1,1.3444219173985386,0
8,3383,3,1,0,-0.6448998697938844,2,-1.1453655772523554,0
6,1934,1,0,0,-0.758450239334786,1,0.38845481707758095,0
3,4902,2,0,0,0.4906038256151304,1,-0.6393919993797763,0
2,4743,0,1,1,0.26763219088026946,2,-0.5447393317024674,0
5,6324,0,1,0,-0.9236144132124607,2,-0.652517500540628,0
2,5363,2,0,1,-0.9504535914675829,1,-0.518488329380764,0
6,7582,3,0,1,-0.7089009871714834,2,-0.5497907864079056,0
6,4118,0,0,0,0.8106094125031255,1,1.0907726425992408,0
7,5114,2,1,0,-0.595350617630582,0,-0.17026919763703308,0
7,8344,2,0,0,-0.28773234378341245,0,-0.2908416247045413,0
9,1259,2,1,0,-0.7378047176000765,1,-0.4249950119637194,0
5,9731,2,0,0,-0.5643823350285179,1,0.11277788733325757,0
3,3937,0,0,1,0.9778381385542714,0,-0.13863549767838737,0
3,6382,0,0,0,-0.5003812176509189,2,-0.6309867099928587,0
4,6458,2,0,0,-0.31663607421200557,0,0.20511185449003735,0
6,1778,2,0,0,1.4341041688913485,2,-0.5821697829624355,0
8,5510,0,1,0,1.118227686350295,1,-0.8195053433851542,0
3,5483,2,0,0,-0.8885170262634549,1,-0.9640928829867129,0
6,3561,1,0,0,-0.4405092046202617,0,-0.4523225538128112,0
3,8847,3,0,1,-0.5540595741611632,1,1.0662606656679343,0
4,7743,1,0,1,0.924159782044027,0,0.3415011315368685,0
5,7915,2,0,0,-0.06888981339549329,1,-0.9258343243979844,0
2,2367,0,1,1,-0.8843879219165129,2,-0.8044337900017158,0
2,1559,2,0,0,0.6743489690540436,0,-0.9358544230759848,0
7,5065,0,0,0,-0.558188678508105,2,-0.3832584025941974,0
4,3145,2,0,0,-0.31663607421200557,2,-0.4433375892957614,0
1,3829,2,0,0,-0.08953533513020258,0,1.1667928953794418,0
3,1442,3,0,0,-0.4528965176610873,1,0.20461499009278114,0
6,4853,3,1,1,-0.5045103219978607,0,0.04421060051189974,0
4,2310,2,0,0,-0.6944491219571868,1,-0.5959991753527335,0
8,3488,1,0,0,0.6805426255744567,1,1.0888679957430922,0
7,9481,3,0,0,-0.6841263610898322,2,-1.0017717664453092,0
0,7724,0,0,0,0.5690568082070261,0,0.0828832127650085,0
5,7910,0,0,0,0.5607985995131424,0,-0.09474580925408833,0
5,5295,3,0,0,1.0046773168093937,0,-0.32396591785495565,0
5,1475,2,0,0,0.16440458220672266,1,-0.7077936647353819,0
1,5257,0,0,0,-0.5685114393754597,2,-0.4415571585389266,0
9,8426,3,0,0,-0.9463244871206411,1,-0.3782897586216352,0
4,9171,0,0,0,-0.6820618089163613,2,1.0255177850929247,0
1,6289,3,0,0,0.017821377890286018,0,0.8660243135736796,0
6,6783,2,0,1,-0.18450473510986562,1,-0.3717477107244284,0
6,3671,0,0,0,-0.12256816990573757,2,-0.5121947136821852,0
1,4342,2,0,1,-0.2794741350895287,2,-0.9286498893157696,0
0,6348,2,1,1,-0.5272203959060411,2,0.758370360834833,0
7,1842,2,0,0,-0.12256816990573757,2,-0.6853519561259763,0
3,6738,1,0,0,-0.9587118001614666,2,-0.4600239519702826,0
7,3489,3,0,0,-0.5519950219876923,1,-0.32065348853991427,0
5,2173,1,1,0,-0.8141931480185011,1,-0.9285670785828936,0
1,2083,2,0,0,2.5014776425758223,0,-0.2340334619515807,0
6,4548,1,0,1,-0.5499304698142213,2,-0.6186065054278912,0
4,2539,1,1,0,-0.26502226987523214,0,1.4930671829110234,0
3,5685,3,1,0,-0.4818002480896804,2,-0.9948156648837222,0
5,4031,2,1,0,-0.9917446349370017,2,0.35516490246141436,0
7,3435,0,0,0,0.6949944907887533,0,1.1149533765990434,0
4,3241,0,0,1,-0.7068364349980125,0,1.7682472482580902,0
5,6305,0,0,0,0.29240681696192056,0,-0.32868612962888977,0
0,2744,2,0,0,0.011627721369873341,1,-0.4786563668673907,0
9,2681,2,1,1,-0.2815386872629997,1,-0.5951710680239731,0
6,2000,1,0,1,0.6103478516764447,0,0.5661666498295539,0
0,8781,2,0,0,-0.6180606915387622,1,-0.7799218130704091,0
2,4015,3,1,0,-0.9504535914675829,1,-0.7438163335364575,0
6,3897,3,0,1,-0.8513550871409781,2,-0.2641765687184578,0
9,5058,0,0,0,0.9055788124827887,2,0.37462542468728277,0
1,6708,2,1,0,-0.5065748741713316,2,-0.15213364713718125,0
8,8615,2,0,0,-0.3496689089875405,0,-0.23759432346525022,0
5,5208,3,1,0,0.03227324310458263,2,0.4411638485531776,0
6,8274,1,0,0,-0.558188678508105,1,-0.39692217351874326,0
9,3638,3,0,1,-0.34141070029365683,1,-0.25871106034863944,0
4,6934,1,0,0,-0.5829633045897563,0,-0.45406157920320805,0
5,2427,2,0,0,-0.24644130031399367,1,-0.21034959234903447,0
7,8574,1,1,0,2.6150280121167238,0,2.965524824179817,0
3,5670,2,0,0,0.6949944907887533,0,0.8498762206628527,0
5,3540,1,0,0,-0.24850585248746465,1,-0.08646473596648474,0
8,8222,0,0,0,0.16853368655366444,1,-0.07975706660352581,0
8,2381,2,0,0,-0.9979382914574145,1,-0.012514751508184895,0
6,4338,0,0,1,0.6578325516662762,1,0.04321687171738739,0
0,7535,1,1,0,1.4671370036668832,1,-0.5478447341853186,0
1,1091,0,0,0,2.9329690468312477,0,-0.5336426934970785,0
2,4010,2,0,1,-0.7501920306409021,0,1.3665323830764404,0
2,5581,2,1,1,-0.3641207742018371,2,-0.4702096721140351,0
8,5797,2,0,1,-0.7770312088960243,2,-0.6894096820369019,0
1,2222,2,0,1,-0.34347525246712773,0,-0.7279166728242586,0
1,9389,1,0,0,-0.013146904711777915,2,-0.5917758279760557,0
5,5849,0,0,0,-0.23818309162011,1,-0.6632414904480746,0
3,5886,2,1,0,-0.22579577857928437,2,0.013736250813518605,0
3,9383,1,0,0,-0.9401308306002283,1,-0.05557633260372345,0
5,4019,2,0,0,-1.0165192610186529,1,-0.4618043827271173,0
7,2365,0,1,1,0.8250612777174221,1,1.8048495921892982,0
8,4213,2,0,0,0.40802173867629304,1,0.5209519896792383,0
3,1536,1,1,0,-0.8183222523654431,0,0.8256954866630501,0
0,8011,3,1,0,-0.05856705252813846,2,-0.8077876246831952,0
8,8493,2,1,0,-0.2402476437935809,1,-0.38292715966269325,0
9,5584,3,1,1,-0.9545826958145249,0,-0.5331458290998223,0
4,8705,3,1,0,0.04672510831887924,0,-0.8676183791861312,0
7,9798,0,0,0,-0.9339371740798154,0,-0.005310217747969737,0
6,8732,1,0,0,-0.16385921337515633,0,-0.3850802387174702,0
5,3243,1,1,0,-0.7481274784674312,0,-0.49869656422339137,0
5,3297,3,0,0,-0.9318726219063446,0,-0.06327773076119485,0
3,2733,0,0,0,-0.9132916523451061,2,-0.2881916812525082,0
6,5545,0,0,0,0.0013049605025186968,0,2.2728958544046525,0
5,7691,0,0,1,-0.6366416611000006,2,0.14101634724398576,0
3,6122,3,0,1,0.2779549517476241,0,2.569689521032365,0
7,5056,2,0,0,-1.0165192610186529,0,0.09513920123066173,0
5,8363,2,0,0,1.2606817863197894,0,-0.20016387220528215,0
0,9545,2,0,0,-0.2897968959568834,0,-0.8898116555969088,0
6,2249,3,0,0,-0.7233528523857801,2,-0.19979122390733997,0
4,9334,1,0,0,-0.9545826958145249,1,-0.4974544032302508,0
9,7795,2,0,0,-0.7233528523857801,0,-0.5577406167640049,0
6,5355,2,0,0,1.5703646123404298,0,1.2542410292965356,0
6,2234,2,0,1,-0.9752282175492342,1,-0.3373812565808735,0
9,5256,3,0,0,-1.0000028436308854,1,-0.8663762181929906,0
0,2806,2,1,1,-0.4652838307019129,1,-0.01682090961773861,0
4,5162,3,0,0,-0.9752282175492342,2,-0.6088348389485191,0
1,3557,2,1,1,0.42660270823753144,1,-0.4935622987850771,0
0,2305,0,0,0,-0.09779354382408632,0,-0.4690503218537705,0
0,3608,0,0,0,-0.6098024828448785,2,0.0778317580595702,0
6,9309,0,0,1,-0.41779913071208136,0,-0.3798631625462799,0
7,7137,2,0,0,1.0624847776665798,1,-0.40362984288170217,0
8,8447,2,0,0,1.5146217036567147,0,-0.9450464144252246,0
4,1756,0,1,0,-0.9669700088553504,0,0.4184323023787059,0
6,9005,0,1,0,0.03227324310458263,0,1.7860515558264383,0
6,4156,3,1,0,-0.4652838307019129,0,-0.9786675719728952,0
6,2680,2,0,0,-1.012390156671711,0,-0.2785856362388881,0
1,4823,2,0,1,0.4534418864926536,1,-0.47136902237429956,0
1,8115,0,1,1,-0.6098024828448785,0,-0.6468449653386196,0
0,7650,0,0,0,-0.2546995090078774,0,-0.9974656083357554,0
4,5616,2,0,0,-0.9091625479981642,1,-0.47054091504553913,0
1,3640,3,0,0,-0.004888696017894162,1,0.739572324471973,0
6,4330,3,1,0,-0.03998608296690006,2,0.15583946842879612,0
7,7718,2,1,0,0.17679189524754818,0,-0.8558592551177341,0
0,6576,3,0,0,-0.6841263610898322,1,-0.12621388774698206,0
3,6158,2,0,0,-0.35173346116101145,0,-0.8426095378575682,0
1,9844,1,0,0,0.41215084302323485,2,-0.43443543551158753,0
0,8700,1,1,0,0.14582361264548407,0,-0.40764616342619,0
2,5421,1,0,0,1.341199321085156,2,-0.5459400873291699,0
7,6806,1,1,0,-0.30424876117117994,0,-0.8064212475907406,0
4,5860,0,1,0,-0.7646438958551987,0,-0.4052860575392229,0
8,6453,2,0,1,0.3378269647782813,2,-1.0132824583150783,0
2,4803,1,0,1,-0.5891569611101691,2,-0.4389900258197695,0
3,1644,0,0,0,-0.5045103219978607,0,-0.23171476143105169,0
2,5023,3,0,1,-0.9669700088553504,0,-1.0478973446572613,0
0,5849,0,0,1,-0.2072148090180459,0,-0.3095982557009634,0
7,4940,2,0,0,1.7024959514425697,0,-0.8021150894811868,0
8,6862,0,1,1,-0.3806371915896046,2,-0.4422196444019349,1
7,5074,1,1,0,0.10246801700259443,1,-0.5784432999830139,1
5,4962,1,0,0,-0.3579271176814242,0,-0.8855054974873549,1
8,2676,1,1,0,0.571121360380497,1,0.9229152870595163,1
0,4363,1,0,0,0.12724264308424568,2,-0.0642714595557073,1
2,5243,3,1,0,-0.6345771089265296,2,0.9555013104462365,1
7,4492,2,0,0,-0.02346966557913256,2,-0.2772192591464334,1
8,6279,1,0,0,1.0315164950645157,1,-0.6504886375851651,1
8,1250,3,1,0,-0.7109655393449543,0,-0.2958102686771035,1
4,8830,1,0,0,-0.37031443072224984,0,-0.17805340652738055,1
3,6221,3,0,1,-0.5994797219775239,1,-0.1778877850616284,1
0,8203,3,0,0,-0.046179739487312924,2,-0.6609227899275456,1
0,5625,2,1,0,0.07562883874747228,2,-0.8961880820283634,1
6,1728,3,1,0,0.3192459952170429,0,-0.5651935827228483,1
6,9014,1,0,0,0.09008070396176888,1,-0.6693694846809013,1
9,7485,1,1,0,-0.7233528523857801,1,-0.8733323197545776,1
7,6802,2,1,0,-0.9442599349471701,0,-0.30226950584143436,1
6,9189,3,0,0,1.0996467167890567,1,-0.47948447419615103,1
6,8635,2,0,0,-0.03172787427301631,1,0.19981196758597117,1
3,2969,2,0,0,-0.9091625479981642,1,0.4941213122274026,1
8,7936,3,1,0,-0.979357321896176,0,1.3763040495558125,1
2,6621,3,1,0,-0.6882554654367741,2,0.5530825540351402,1
5,3404,0,0,0,-0.463219278528442,2,0.3362012446328022,1
2,6166,2,0,0,0.5463467342988457,0,-0.6992641592491502,1
9,1460,1,0,0,-0.9566472479879957,1,0.6436774958015233,1
6,6730,3,0,0,-1.0041319479778272,2,2.003015675961652,1
9,4512,1,0,0,-0.5829633045897563,0,2.1842055594944187,1
4,2658,3,0,0,-0.5726405437224016,2,2.3371569831164574,1
2,5492,3,1,0,-1.0165192610186529,0,-0.6039076003423949,1
1,1260,1,0,0,-0.08953533513020258,2,0.09455952610052953,1
1,8405,1,0,0,-1.01032560449824,1,-0.7463006555227385,1
2,2019,1,0,0,-0.3847662959365465,0,-0.5594796421544016,1
3,9549,2,1,0,-0.9710991132022923,2,-0.5352160974217232,1
0,9442,0,0,0,-0.38889540028348835,2,0.5585480624049585,1
6,2710,2,0,0,2.8751615859740616,1,-0.6354998949346026,1
9,1616,0,0,0,-0.5065748741713316,0,-0.43973532241565383,1
6,2299,1,0,0,0.23459935610473445,0,-0.4825484713125644,1
0,6691,2,0,0,1.5166862558301857,2,-0.7348727743858456,1
5,4081,2,0,0,0.024015034410698875,1,-0.6542979312974627,1
4,1516,1,0,1,-0.886452474089984,0,0.3888688707419609,1
1,9633,0,0,0,1.6529466992792676,1,-0.8675355684532552,1
0,4579,0,1,1,1.956435868779495,0,-0.33787812097812975,1
1,3976,3,1,1,-0.7894185219368498,1,-0.6220845562086847,1
0,5294,3,0,0,-0.6861909132633031,0,0.05290572746388349,1
8,1475,2,0,0,0.3522788299925777,1,0.4411638485531776,1
6,5879,1,0,1,-0.5396077089468667,0,-0.5125259566136894,1
0,2703,3,0,0,0.571121360380497,1,0.7085182996434596,1
8,6361,1,1,1,-0.9876155305900597,1,1.9257532621883107,1
1,5631,3,1,0,0.992290003768568,2,-0.6603845201638514,1
0,5752,3,0,0,1.8325627383712393,0,-0.19246247404781075,1
8,8309,3,0,0,-0.14734279598738884,2,-0.5415925238531779,1
0,9077,1,0,1,-0.2567640611813484,2,-0.42913554860752123,1
9,2726,1,0,0,-0.7006427784775997,2,-0.6365764344619911,1
7,5405,1,0,0,-0.5354786045999248,0,-0.40760475805975194,1
2,1208,2,0,1,0.9984836602889806,2,1.8706841248257466,1
4,6573,3,0,0,-0.07714802208937703,0,-0.7406695256871682,1
4,3728,2,1,1,0.0529187648392921,2,-0.5988147402705186,1
6,6025,1,0,0,-0.6531580784877681,0,-0.01317723737119305,1
7,1643,3,1,0,-0.9525181436410538,1,-0.5810104327021709,1
0,2587,0,0,0,-0.3641207742018371,1,1.381272693528375,1
6,7197,2,0,0,-0.8183222523654431,1,0.029553100792841427,1
3,1959,1,1,0,-0.42399278723249423,1,-0.7455553589268543,1
2,6171,1,0,0,0.06943518222705942,0,-0.29465091841683905,1
1,4464,2,0,1,0.8498359037990735,1,1.4799830871166093,1
1,4245,3,0,0,0.9654508255134456,2,-0.2940712432867067,1
8,8555,1,1,1,2.643931742545316,1,-0.8603310346930401,1
6,3587,3,0,0,-0.2237312264058134,1,2.4196364730609883,1
2,5471,2,0,0,-0.42399278723249423,2,1.1363185456810605,1
8,9969,3,0,1,-0.1514719003343306,2,-0.520807029901293,1
1,6972,2,0,1,-0.3806371915896046,0,-0.2708842380814167,1
8,6717,3,0,1,0.9757735863808005,0,0.5014086567204936,1
5,6448,3,1,1,-0.36824987854877894,2,-0.73561807098173,1
3,2271,0,0,0,-0.47767114374273856,2,-0.643201293092074,1
9,5472,0,1,1,-0.6738036002224775,2,-0.7082077183997622,1
1,6723,0,0,0,-0.9752282175492342,2,-0.4902498694700356,1
4,4616,1,0,0,-0.3930245046304302,2,0.3952038918069778,1
1,3353,3,0,0,0.5091847951763689,2,0.6180061686099523,1
5,8045,0,0,0,0.6908653864418112,2,-0.43161987059380225,1
10,12946,-1,0,0,0.8286979246718672,2,0.14032064420842594,1
10,4473,1,0,0,-0.5281293408058481,2,-0.8672405757661124,1
12,1999,2,1,0,-0.8667264917155706,2,0.5842142132081174,1
10,7081,1,0,0,0.4149811649987139,3,-1.0127629780393348,1
8,8329,0,0,1,-0.7461233107626742,0,-0.7033694259755248,1
3,8090,0,1,0,-0.9673108620048343,3,-0.27035982310697626,1
10,4452,2,1,1,-0.6909508246395374,1,-1.5846649367288204,1
7,8676,-1,1,0,-0.8178176896868076,3,3.420983713590746,1
9,12096,0,0,0,-2.2174407544487535,1,0.5807480138489229,1
4,5571,2,1,0,1.5755834321854731,2,-0.6996068499056627,1
6,6390,2,0,1,-1.4063469202527865,2,-0.44200503387378487,1
0,7842,3,0,1,-0.6045554548373098,2,-0.25004925797359223,1
12,7649,0,0,0,0.39639775382237663,2,-0.9792193836545027,1
10,11695,3,1,0,-1.1794800089805124,3,-2.043814993831407,1
9,10190,-1,1,1,0.40410386092584716,0,-0.41767061975459663,1
10,10954,-1,0,0,-0.4659760076453447,3,-0.5718079413683494,1
2,10005,-1,0,0,-0.8147358147234564,1,1.2012620813955845,1
11,12969,2,1,0,-1.5378021619565878,1,0.14850538639923122,1
11,7293,2,1,0,-0.9599274693418244,2,-1.897649503248796,1
6,7432,1,0,0,-1.050566919711243,1,-1.0493154931251287,1
7,10771,-1,1,0,-0.48503698800913453,0,0.7285379392068768,1
6,6809,0,0,0,0.09188444928683881,1,-1.040681083474059,1
-1,12044,2,0,0,-1.3146481015044387,2,-0.6540979331388723,1
8,4567,3,0,0,-0.3689429336311677,1,-0.6602879268981364,1
2,9109,2,0,0,-0.7858312293160572,1,0.6869199722148372,1
9,5671,3,0,1,-1.0398460359849149,2,-0.4261875700452686,1
8,5904,1,1,0,-0.3427203085535424,0,4.463692839543171,1
7,7119,2,0,0,0.24379541042976968,0,-0.8595603148468458,1
5,12259,1,0,0,-0.010791724728277385,1,-1.6424044887077414,1
9,12813,2,0,0,-2.033567952034184,2,0.9667898890057003,1
4,6595,2,0,0,-1.3306221442685122,1,0.21963686154548528,1
7,8995,2,1,0,-0.9887095912769193,2,2.086840198758596,1
3,7806,0,0,1,2.008028802883923,2,0.6906339213963517,1
6,1938,1,0,0,-0.5616268757345355,1,-0.288830386259744,1
8,7558,2,0,0,-0.22660423196263968,1,0.1079125487753177,1
10,9925,1,1,0,-0.016571676893558325,3,-0.6324574382498374,1
9,4278,0,1,0,-0.5205707314414266,0,1.3996405506788554,1
8,7290,1,0,0,1.1088704042445314,1,-1.2566491697154898,1
8,7445,-1,0,1,-0.5040798644299532,2,0.7508873861445541,1
5,12654,2,1,0,-1.341140947344891,2,-0.19788230741025242,1
10,7609,0,1,1,-1.0185877278952018,3,2.0772533259967467,1
11,13121,-1,0,1,-0.1489977203093299,1,0.6209754269323124,1
8,6804,0,0,0,-1.5110332933848074,1,0.31805155019620657,1
9,13994,2,0,0,-0.7186328458854122,0,3.426372933464897,1
0,4640,3,1,1,-0.016616150385876605,3,3.000714085331749,1
10,6632,0,0,0,0.19526394554541504,3,-0.2371458950909315,1
8,9909,0,1,0,-0.9604490903424059,1,-0.2441670707000998,1
6,10960,1,0,1,-1.2131677037995265,3,-1.449983900188812,1
5,4852,-1,1,0,0.7400817660137057,3,0.2859310561423261,1
12,8185,-1,1,0,-1.289545535590833,2,0.0534140378730012,1
6,7687,-1,0,0,0.030174836641763236,3,-0.6426681557883209,1
13,6621,2,0,0,0.2638047862378612,2,1.4545031547579237,1
6,12049,3,0,0,0.08975463249625282,0,-1.1751517460020156,1
4,12345,1,0,0,-0.17098171373945872,0,0.8704893640385534,1
5,8751,1,0,0,-0.5251524402341243,0,0.29612778477426965,1
8,8000,-1,1,0,-0.26863661979442705,1,1.3124370429560128,1
1,11029,2,1,0,-0.5715787176381292,0,-1.6988911178706205,1
7,8520,3,1,0,-1.0512472460111422,2,-0.21040887595550045,1
9,7197,0,0,0,-0.9255395462308423,2,2.7075796637374663,1
5,12064,3,0,0,1.358318225558065,1,0.039195632829618035,1
8,9158,2,0,0,0.045317137908916116,1,0.29786211619567843,1
8,9038,2,0,0,0.609964676834256,2,-1.1975275862791837,1
8,3175,-1,0,0,-1.4217093271871408,0,1.315292680016305,1
10,11995,0,1,0,-0.5532867940588291,1,1.3844584275242189,1
4,11669,1,1,0,-1.0582416277102977,2,-0.14822355885281868,1
10,6959,-1,1,1,-1.1263487668990302,1,-0.7846312534968063,1
1,10919,0,1,0,0.842137060090982,3,0.04118256521934904,1
2,7182,0,1,0,0.6905878986622981,2,0.43469715184092694,1
8,12886,1,1,1,-0.14547916258064622,-1,-0.08433638825327722,1
7,12893,2,0,0,-0.6750601359150777,2,0.45699359041361537,1
7,10184,3,1,1,1.448864513251203,0,1.2396986331436992,1
6,7706,2,2,0,0.17559079373408037,1,2.1510652371895285,1
13,12445,2,0,0,0.04512104582476909,2,0.4200173957560459,1
10,12116,2,1,0,-0.7777561255559874,2,-1.3587275269856194,1
9,6578,2,0,0,-0.8581241441913374,3,1.4920965931377494,1
7,11021,1,1,0,-0.7593363392096243,1,0.7525957031952486,1
5,11339,2,0,0,0.09299410451942847,3,-0.6452592347299556,1
5,5239,3,0,0,0.013859573858016838,0,1.4951976554680666,1
1,10436,0,1,0,-0.3697049071429691,3,-0.45763697925438857,1
12,8883,-1,1,0,-0.8819960057162153,1,0.4209691422403589,1
7,6166,1,0,0,2.0273322772158,1,-0.3523692563064752,1
2,10901,2,1,0,1.0692081511584735,0,-1.2383856133996969,1
10,10573,2,1,0,-0.05705339503055018,1,0.2712763658763999,1
3,10189,2,1,0,-1.0932090031289445,3,0.7885655529065578,1
6,5699,1,0,1,-1.4094576181034535,1,0.8542537269296724,1
8,7793,2,0,0,-0.5272730456901847,1,1.5964081919070146,1
5,9951,1,0,0,-0.20284476277611457,1,-0.11644721482279996,1
12,9777,0,1,0,-1.0130454419034747,1,3.395269197180376,1
7,4924,0,1,1,-1.6571217139735008,1,-0.45398354864011153,1
8,5410,3,1,1,-0.6940759255379638,0,-1.333055364277135,1
7,10263,1,1,0,1.6593394646609498,3,1.0042534870436097,1
5,8639,3,0,0,1.7230213273180817,1,0.2949987364029847,1
6,6582,1,0,1,-0.7600788962949312,3,2.032783212331358,1
11,4331,2,0,1,0.42693381757055643,2,-0.048297954370221996,1
6,10863,1,0,0,1.7321315238122463,1,-1.7390084055417323,1
9,13094,1,0,0,-0.47753445669308536,0,-1.7677799179721512,1
8,12205,-1,1,1,-0.6485096947451651,3,2.015479291456131,1
2,9721,-1,0,0,-0.6266275526625935,3,2.0373410199118376,1
9,9538,3,0,0,0.02115114741391244,1,1.2213089498252927,1
2,8740,0,0,1,1.5152540240284318,2,0.24965207930207411,1
9,10889,0,1,1,0.1745692350661514,0,0.7064264539790415,1
11,11096,1,0,0,0.8943110607905908,1,-0.19726951835117124,1
7,11138,4,1,0,-0.26571499947956917,3,-0.5134967655846052,1
10,3756,2,1,0,-1.5818921206305965,0,0.13015660047180694,1
13,4518,2,0,0,0.7454762937168448,1,2.92358521769631,1
10,9811,-1,0,0,-0.37675235905762305,1,1.3025926031944426,1
5,11274,-1,0,0,1.6450729852113126,1,2.4051545601472784,1
9,12127,1,1,0,-0.20015640690109435,3,0.8624471153359776,1
9,5163,3,1,0,0.3535823950497874,1,-0.5718238293879823,1
5,13328,1,0,0,-1.0617131367127066,0,-0.053366753034512104,1
4,5960,1,1,1,-0.43997851117898457,1,3.279253199028883,1
8,13360,2,0,0,-1.2177740592766655,1,2.447403059896465,1
7,13258,2,1,0,-0.43830388678894966,0,-0.4859238716959738,1
5,10623,2,1,0,-1.1452597747045692,2,3.1460097210276357,1
10,7336,2,1,0,-1.8027363438153157,1,1.273200643117421,1
14,9054,2,0,0,1.3306137997397656,1,3.744768759805166,1
9,10540,-2,0,0,0.5412672971575005,1,1.105953869664263,1
7,4143,2,0,0,0.3193680152331694,1,-1.1176625427452533,1
7,8455,0,0,0,0.5552403094157811,0,-1.1056196864805128,1
11,12345,-1,0,0,-0.7266936948721828,1,-0.5729787081435218,1
10,10817,-1,0,0,-1.5262687632328924,2,-0.17374537649531904,1
9,6305,1,1,0,-0.4723813012130974,1,1.1652077668705831,1
9,3693,2,1,0,0.14129425414488977,2,0.9122745579861564,1
11,6561,2,0,0,-1.1340543231367186,0,0.8187604924509504,1
3,10216,-1,0,0,-1.0851079774622958,1,0.03294524350598821,1
6,1745,-1,0,0,-1.3124920241290976,2,2.163600176382494,1
7,13565,1,1,0,0.19165502802253154,1,0.6663261974988193,1
12,9822,-1,0,0,-0.7353454210007516,2,0.32920277342374565,1
13,7480,2,0,0,-1.539200121260126,1,0.2507103167467864,1
10,9473,1,1,0,0.12591603085190595,1,-0.29104970272822484,1
4,12686,1,0,0,0.490975786551242,1,-1.3625475279893313,1
7,7454,2,0,0,-1.2444595678190593,2,-0.8523475162082315,1
8,7729,2,1,0,1.6072259385903762,1,-0.5875162201154415,1
5,11243,1,0,0,-0.9949745643927639,2,1.531773230608613,1
10,8201,-1,0,0,-1.2573409404223093,3,0.6590424771632448,1
11,12520,1,0,0,-0.5778511691057643,0,-0.7121311676330779,1
6,8500,0,1,0,-1.243275166817117,1,0.034904765279345995,1
11,9394,2,0,1,-0.5867527730641563,2,1.7533304671897905,1
4,6579,2,1,0,0.23968029964687013,0,-2.4344871887670587,1
10,9016,-1,1,1,-1.3466357342227229,1,1.483571209532173,1
7,6452,2,1,0,-1.1373943181861719,1,-0.5909420339490327,1
7,8751,1,1,1,2.1471424453948322,2,1.7354488886591553,1
9,11654,2,0,0,0.5067357766194905,3,-0.02796477459831348,1
6,5849,-1,0,0,0.16685701918007156,2,-1.009135738509805,1
5,8238,0,0,0,2.980954392511992,2,-1.2370730500392295,1
6,8698,1,0,0,-1.1295832268585122,0,-1.0919268719946684,1
8,13312,2,0,0,1.1889151274747332,2,0.12989372721824854,1
1,8666,3,0,0,-1.2318814077107705,2,1.135573735283934,1
8,12426,2,0,0,-1.1603013061881573,3,-0.05734472069420682,1
7,8869,-1,0,0,-0.7664481565774665,2,-0.7177727616905422,1
8,12629,1,0,0,1.3444362216541952,1,0.7620583482906649,1
7,9206,2,1,1,0.05253150410973151,2,0.15443025446055647,1
9,12289,3,0,0,1.0132951148738099,3,1.0855398394557538,1
13,6068,1,0,0,2.625096408798289,1,1.9412166144114527,1
5,6707,-1,0,0,0.3732557356198654,1,0.13527259329643387,1
4,3232,1,1,0,0.9442875633821702,1,-0.08131251300994824,1
5,12242,2,1,0,-0.23434053057358611,0,2.2227930279738723,1
4,2524,2,0,0,-0.06925195920194793,1,0.8581914686602841,1
3,12749,2,0,0,-0.7685358206206487,2,-0.2867004834309599,1
8,8556,1,1,0,-0.8807600681377955,0,-1.5042810743740058,1
8,13367,0,0,0,0.11369532980395247,1,-1.3299545328782199,1
4,11053,3,0,0,-0.16221512618473877,2,2.032921886638195,1
3,11342,2,1,0,-0.2555968065942409,1,1.556904373505031,1
8,5797,-1,0,1,-1.136057211295241,0,2.4149161413535194,1
7,5758,2,0,0,-1.1195355519720849,2,-1.4018128197380761,1
9,5430,2,1,0,0.11919617020142481,1,-1.2435884260846872,1
7,10681,-1,1,1,-0.231446395295352,1,1.70367809467216,1
3,13129,1,1,0,-0.28852207524347373,0,-0.11190266174373809,1
3,7616,2,0,0,0.4551498718095839,1,-0.3708024667707683,1
11,5233,-1,0,0,-0.12695182914646608,1,-0.6581097236888432,1
4,13508,1,0,1,0.19794521963643474,2,-1.0633280641948795,1
8,11282,1,1,0,1.235915477665589,3,1.4702363816987158,1
11,5221,0,0,0,-0.6829721802639984,1,-0.2682633884745658,1
9,12367,2,1,0,-1.8274274287186207,2,2.245415494472448,1
12,10992,2,1,0,-0.7355360090939215,1,2.4250466899299354,1
5,11442,2,0,0,0.8639840648544509,1,1.4310541492783295,1
6,6950,1,0,0,-0.234545222452973,1,1.2086107465278253,1
8,7461,2,0,1,0.00920607234071058,1,-0.5462502200325521,1
8,10859,-1,1,1,-0.7127977358088465,1,0.5256495133428213,1
7,10786,2,1,0,0.11220894348769594,3,-0.614913204201454,1
12,9264,3,0,0,-1.1637992264984227,2,-0.22912821052405935,1
10,7761,1,1,0,-0.48663278976877644,0,-0.8450117765072964,1
12,10679,2,1,0,-1.4286900027559355,3,-0.5224494373329863,1
8,13181,0,0,0,-0.6181352727693975,1,2.205998506277576,1
2,8993,1,1,0,0.24426555646725467,3,1.7287132952137219,1
12,12467,1,0,0,0.7088729052867521,3,-1.4746673494772238,1
4,11659,2,1,0,2.0722234086267606,1,0.8995874085724391,1
8,4759,3,1,0,-0.007697658727681467,0,-0.6267548468948614,1
4,9338,2,0,0,-2.2381640538107663,0,-1.191399754684262,1
14,10625,-1,0,0,-1.6717737655542209,3,2.598661560828945,1
4,3989,2,0,0,-0.11327765267662626,0,1.6502951264796615,1
4,12911,1,1,0,1.5090301319311075,1,-0.4193700781899331,1
4,8159,-1,1,0,-0.9366801303742408,1,2.883676821061912,1
4,8494,2,0,0,-1.0831711030235922,1,2.1099080889835933,1
4,13197,2,0,0,-0.8476335876771335,2,0.9553894993272576,1
6,10117,-1,0,0,0.015185532056690154,1,-0.4075507610595023,1
6,13523,-1,0,0,0.4856081793603152,2,0.5891437270297115,1
10,9293,-1,1,0,-0.3035914250422957,1,0.18332327665229475,1
5,3060,0,0,0,-0.22837124955791216,0,0.31082089746204705,1
11,13419,3,0,0,0.5218448872419846,3,-2.1140098264763423,1
10,10929,0,1,0,-1.0979551348844412,1,0.43359849569642206,1
9,10576,-1,0,0,-0.29996116306794296,3,-0.0892003647757264,1
11,8040,-1,0,0,-0.47782176534331533,2,2.2012939717582163,1
12,7390,3,0,0,-0.4713676768930679,2,0.6623307955818218,1
8,5558,-1,0,0,-0.41849278347410157,2,2.040056858696775,1
3,4698,3,0,0,-1.5897940329194182,1,-1.8762825752886674,1
8,8558,1,0,1,-0.5492579416670393,1,-0.5651807054960905,1
12,8818,-1,1,0,0.013354880001695157,1,2.93016257255667,1
10,7847,2,0,0,-1.5281868009613948,2,0.37385239969473993,1
9,8315,2,0,0,-0.7671267891459589,1,-0.30209659131173877,1
6,11930,1,1,0,-0.09212893557936963,2,-1.333759705052908,1
-1,9138,1,0,1,0.0360016123016722,1,-1.825352332656208,1
9,10707,2,1,0,-0.5713010713001571,1,1.5860585392683861,1
6,9009,0,1,0,-1.2497575713222147,1,2.2215918824679237,1
7,2768,2,1,0,-1.789840371672582,3,-0.04574836722937675,1
10,5078,2,0,0,-1.4360037346135752,1,0.23300354896202466,1
8,5793,2,2,0,-0.733379319492646,1,-0.5633481273428633,1
5,5041,-1,0,0,0.21998425907926822,2,0.6352203410509363,1
9,12471,0,0,1,0.20334447348752704,3,-0.15382978018904891,1
11,2331,-1,1,0,-0.681289261248558,3,1.9117328972929983,1
10,11562,2,0,0,-1.5747848809421954,0,1.180669062083032,1
8,12416,1,0,1,-0.2590192327612856,1,-1.097164507388526,1
10,10596,0,0,0,-0.6207102430128305,3,0.009972794587790768,1
2,6501,-1,0,0,-1.5497536459512695,2,-0.12648405494589587,1
6,12529,-1,0,0,-1.123800731425487,2,-1.616994620641529,1
12,7413,3,1,0,-0.4898931738893589,1,2.1239816023755442,1
12,9816,0,0,0,-1.8053262376929364,0,1.7806398547146025,1
13,5318,2,0,0,-0.6948789163440481,3,-1.11691107737606,1
12,4505,0,0,1,-2.3989645112728173,2,1.3029697792040165,1
5,13754,2,0,0,-0.5160586107131196,1,0.5180078559386576,1
9,10061,2,0,0,-0.8548583226405804,2,2.794743831144868,1
9,5207,2,0,1,-0.38853727843163566,3,1.2838922503550498,1
10,5812,2,0,0,-1.374162923253393,3,1.4381405783636623,1
8,8877,-1,1,0,-0.6671373852300562,0,0.5005849406420104,1
5,13098,0,1,0,1.4893027327325459,2,3.938637678920041,1
9,4550,2,0,0,-1.3433267963348925,0,0.48277349027827315,1
3,4713,0,1,0,-0.9375144510357355,1,2.3550015131616364,1
8,12822,-1,0,0,1.0256024480201573,2,0.1491204474113072,1
12,10495,2,0,1,-1.1856207795653733,1,-0.6436747649715849,1
14,7228,1,1,1,-0.12267449013293663,0,-1.3944357150604072,1
8,12914,-1,0,0,-0.9212876240912256,3,-1.2982158791881646,1
8,9750,1,0,0,-1.4646296477528442,1,0.3203858196476377,1
8,11039,1,1,0,-0.31212456041496006,2,-0.06915536028870506,1
9,10407,0,1,1,-0.2190524192223421,1,1.7609023614607517,1
5,4735,3,0,1,-1.9842396254905161,1,1.92900242203289,1
4,5828,1,0,0,2.523286106812543,2,-0.3073240282536266,1
10,10440,2,1,0,0.0013440416956213563,3,0.19179037966431722,1
1,5328,2,0,0,1.5523474920381835,0,1.3775523410699577,1
9,8092,0,1,0,1.924920377027433,2,-2.1361171205109395,1
10,13585,0,1,0,1.3200848109402357,0,-0.3355331735850573,1
5,8088,1,0,0,-1.2239280978333702,0,-0.6689879173470281,1
8,8232,0,1,0,-0.33399071040203954,0,1.5297800947643132,1
13,11955,-1,0,0,2.203361568477948,1,3.911479114181045,1
9,3817,0,1,0,-1.7202698751989485,1,0.39068924737642663,1
8,7026,-1,1,0,-1.2557535818616574,0,-0.022089534366403735,1
4,12416,2,0,0,-0.8139644178129891,2,0.859394317668656,1
8,7621,-1,1,1,-1.1346820215860243,1,-0.2186540383018576,1
3,7266,1,0,0,-0.06624136922612578,1,-0.5112977144715598,1
8,9192,-1,0,0,0.12024809485854526,3,-0.2109643011081832,1
1,7513,1,1,0,-0.7125897289729962,1,1.0446009555895581,1
8,7804,2,1,1,-0.603262700698839,3,1.1407145914979937,1
13,6707,2,2,0,-0.5143455559753506,0,0.911725837765972,1
10,11531,1,0,0,0.5009905223787692,1,0.22327666058145054,1
12,6775,1,2,0,-0.38647410271081395,0,3.6431702079646175,1
6,11420,1,0,0,-1.5345010397189824,0,-0.3344540755637317,1
6,6137,-1,0,0,-1.2532900889108085,3,-2.3411800486264887,1
12,7579,3,0,0,0.06918274691361415,2,-0.18737173561796228,1
11,7927,-1,0,0,2.6701952322309954,1,0.8454581848929319,1
5,12961,2,0,1,0.0447109971606694,3,1.4975119068324894,1
7,8622,0,1,0,-1.4638235936929958,2,-0.2691010575219053,1
2,11122,1,1,0,-0.03055604639659526,1,-1.1589350425770701,1
7,12571,2,1,1,1.5324732491894637,2,-0.40973830961831914,1
7,10609,0,0,0,2.485884426023014,2,0.5001524638591157,1
2,11772,2,1,0,-1.7998405517264469,2,0.09433762421364184,1
3,8431,1,1,1,0.8562357369248871,1,-0.6543328581986663,1
6,7844,2,1,0,-0.37217178882605445,3,-0.15312303443323816,1
12,8139,2,0,0,1.0529298528554123,0,0.030816232143191735,1
10,5586,3,0,1,-0.7191459783466345,3,2.274166199113525,1
10,10006,1,0,1,0.8250656002006029,1,2.2969972561248255,1
3,6531,2,0,1,-1.1591544348590685,2,2.793392288805222,1
4,6527,3,0,1,-1.1959687483590646,1,-0.6887979643583293,1
7,13135,3,0,0,-1.0294313640770913,2,-0.9847814961235828,1
7,9577,2,1,0,-0.8908709225972694,0,0.7871954045852447,1
9,10950,3,1,0,1.9481384916389977,2,-0.6160303925909609,1
9,11243,0,0,0,-1.016278151149446,0,-0.4156237143436543,1
10,8543,1,1,0,-1.0241070346419319,1,-0.5483724933284447,1
11,4131,2,0,0,-0.8157150744291367,1,2.114895176371454,1
11,9775,2,1,0,0.22837027186106373,1,-0.21223712620075227,1
10,8244,2,0,1,-0.10222576915635512,2,0.20254709542553062,1
5,2296,2,0,0,0.4341742041409446,1,-0.672273240718694,1
10,11774,0,0,1,1.4871096291005497,1,-0.15553114809008112,1
8,7185,1,0,0,-0.00019031919419232324,1,0.16903418514719798,1
11,10754,3,1,1,0.56099534086244,1,4.5438789405924895,1
7,7551,2,0,0,-0.7777163438963433,1,-0.9149502507821361,1
11,13455,-1,1,0,-0.6309561767726645,0,-0.944515577697665,1
10,7288,0,1,0,-1.2382885214520365,2,0.217224236124629,1
14,10906,2,0,1,-0.22083995874048207,1,0.34434616909354815,1
12,4426,2,1,0,-0.9446053633594028,2,-1.006026016251917,1
9,8926,-1,0,0,-0.6293812546357389,2,-2.465598267230053,1
11,11935,0,1,0,-0.9739560515235354,1,0.31688423525927645,1
9,9345,2,0,0,2.2696101973752216,3,0.07122198625419565,1
7,4754,2,2,0,1.076936406720657,1,1.8249211288106726,1
3,7362,1,1,0,-0.6910020042523924,2,-0.7979203146677765,1
12,12181,2,0,0,-0.38092700085529124,1,-0.9931334624813462,1
6,11557,0,1,1,-0.2406828073705557,2,-0.9720720792873794,1
12,9399,1,0,1,-0.6733864013933586,0,-1.2051540410558594,1
11,12881,2,1,1,0.4528520588786131,1,2.8652335297014386,1
12,10693,2,0,0,-0.2438241355713756,2,0.18920767965214308,1
12,8524,2,0,1,-1.2760484516620207,1,-0.5991958647443889,1
6,7322,0,0,0,1.4651324334346598,0,2.337870358902988,1
14,11304,-1,1,1,-0.2844967885347254,3,1.6545472507161374,1
8,8227,3,0,0,-0.49903766243085795,2,-1.5084641601442315,1
4,11804,3,0,0,2.165151687710886,2,2.2082611726430086,1
2,4663,1,1,0,-0.9754080319507055,0,-1.2290959358957563,1
5,10746,1,1,0,0.22902065860947562,3,-1.6808424432242888,1
7,12672,1,1,0,-0.7487600892742404,1,0.8466796388103932,1
13,9495,1,0,0,2.2952191364683867,1,1.3019463462842087,1
10,8597,2,1,0,-0.642429535704969,1,2.7820688967319995,1
9,4622,2,0,0,-1.5999538798827118,2,2.0014484768056304,1
1,11512,2,1,0,0.5041960226934887,2,-1.0933914162303835,1
6,11299,1,0,1,-1.2547593269443964,2,0.21937601900968123,1
11,9074,2,0,0,2.2914769529164203,0,0.7909627236178498,1
10,13465,2,0,1,-0.6313554106406485,2,0.4188302851499452,1
9,3899,2,1,1,-1.0528367292841856,0,0.6112197587257774,1
5,11932,-1,1,0,2.7989714813424973,0,3.04724113627449,1
-3,8735,1,1,0,2.5897114666010195,0,-1.3740881277085264,1
2,4973,2,1,0,-1.5305358998382799,1,-0.1819665913696104,1
11,9320,-1,0,0,0.7247763222161792,1,0.13905748646911492,1
9,7598,-1,1,0,-0.9403836022854177,2,0.17159137265529062,1
5,8472,0,1,0,-1.4965512642788963,1,-0.6979991472956981,1
7,8225,3,0,0,0.2123561267376285,2,1.8072271203700405,1
10,8938,2,1,0,-1.9146012416969982,2,-0.9758372778080822,1
9,12144,1,1,0,0.9767054499257314,2,0.3337814030274058,1
4,5164,1,0,0,0.06858621070591389,1,0.8871013508145301,1
12,7973,-1,0,1,-0.37875440299311763,1,-0.7392259874194618,1
5,13067,2,0,1,2.3548020868096926,1,-0.06284530406411118,1
7,3499,0,1,2,-0.49823094460622575,1,-1.2128545304006375,1
7,9370,2,1,1,2.4575775843169687,3,1.1251069810372119,1
12,6892,2,0,0,-1.2837772866418744,1,2.3540012870936455,1
5,11961,-1,0,0,-1.476216922358756,2,-1.8530594207201243,1
-1,12039,2,1,1,0.40046133971826753,2,-0.30123709059725495,1
1,11867,2,0,0,0.16626911873611028,2,0.7526218179358473,1
7,8364,-1,0,0,-0.6479909633805198,1,0.0713051576419086,1
2,10151,1,0,0,0.6816462555870751,3,2.385162404533956,1
7,7110,2,0,1,-1.6800739984445028,0,1.4316205085414715,1
9,12528,-1,1,0,-0.942957348008771,1,0.2446179244050773,1
1,10157,0,1,0,-0.327540791765236,1,0.06177891256654776,1
1,4927,2,0,1,-1.063089464315079,3,1.2604425043597334,1
8,5598,2,0,0,1.8969515118397138,3,2.429646803877442,1
9,8538,-1,0,0,-0.7562914061438378,0,-1.238116116453688,1
10,6843,-1,0,0,-0.5154087142154599,1,2.3689908134591033,1
3,11947,1,1,0,0.42811404836516154,2,0.3743003344483488,1
10,6642,-1,0,0,-0.5253323003886791,1,-0.07325275201510872,1
8,3274,0,0,0,-0.6439705995641226,3,-0.7895668645952092,1
7,7659,2,0,0,-2.002307278153968,3,0.6158255989372531,1
9,10051,-1,0,0,2.6848259086353004,0,2.745731532206563,1
2,8155,0,1,0,-0.39569683141093126,2,-0.9922539602372376,1
5,12621,2,1,1,-0.14186620000089706,1,-0.6892864042861271,1
5,12448,1,1,0,-0.636965432267657,1,2.8086849014532045,1
10,11718,0,1,0,-1.1301760908141023,0,-0.940020296541483,1
1,12034,3,1,0,1.1914873468285645,1,2.7966319082206006,1
8,11978,2,1,0,0.30637977681518147,1,2.4905032115571046,1
6,5873,1,0,1,-0.6739305077575869,1,-0.6865864596813069,1
4,10555,3,0,0,-0.44348150087981736,1,-0.7458892368381991,1
10,13418,1,0,0,-0.5907940031127447,0,0.8841339410205784,1
9,13854,1,1,1,2.4659743448004874,1,-0.26187303071485124,1
7,13082,-1,1,0,-1.6690496467205431,1,-0.7269390372552214,1
8,12291,2,0,0,0.5163889718451984,2,0.7169606879982886,1
7,4138,1,1,0,-1.2238648431708843,0,0.15571674420150017,1
13,9335,1,0,1,-1.1541641057332082,1,1.92361535711169,1
10,6119,2,1,0,-0.06057893661827285,0,0.4650311084003499,1
12,7867,2,0,0,-1.2448543261179115,2,1.1279835878023838,1
13,10083,-1,1,1,1.3608486884581805,2,-1.2563060110399291,1
10,8425,0,1,1,2.007131093641374,1,-2.070243938121026,1
1,12714,0,1,0,-0.4494468811197032,1,-1.1454694401225316,1
11,7033,-1,1,0,0.04319768004369162,1,0.09007841628721808,1
9,10427,1,1,0,-0.023368309895519513,1,0.3838713360803256,1
8,7682,3,0,0,-0.5336005158648196,1,-0.5900351374740969,1
3,11986,3,1,0,2.0163900148732705,2,-1.6586632140580022,1
12,5774,2,0,0,1.1040863466276196,0,-0.961840987402165,1
11,7097,2,0,0,-1.2913334958405873,2,1.5107522709739563,1
6,12090,2,0,1,-0.43656759486209207,2,-1.278818610029,1
3,3529,-1,0,0,0.043612648803562415,3,-0.3993796795856971,1
6,9069,1,0,0,-0.12418020256522569,3,0.7179709502449982,1
10,6063,0,0,0,1.1376736898461253,2,-1.0044574147045602,1
3,6655,-1,0,0,-0.49507511612252275,3,-0.06235248109968139,1
6,7141,-1,0,1,-0.3651001233722597,3,3.183163487697876,1
7,10335,0,0,0,0.1455683352579591,2,-1.4694584665862327,1
3,8215,2,1,0,-0.63630534850184,1,1.5113480425246164,1
3,11874,0,1,1,1.187464445038329,1,0.9313543956636403,1
12,5702,1,0,0,-0.9406110377069588,1,1.5215143670963651,1
8,7226,2,1,1,1.3832927823304362,2,1.9841291989921772,1
4,3884,2,0,0,-0.8372902259088295,1,0.12110239327785664,1
9,8196,3,1,0,0.419270966028312,2,-0.586410237422997,1
9,5897,0,1,0,-0.8771219190191978,0,-1.1800791293242017,1
13,8663,2,0,0,-0.7294860835940116,2,0.4041756396270118,1
9,7877,0,1,0,2.2515432828812094,3,0.006757218803993992,1
11,7455,0,1,0,0.32268630652854574,1,0.36574414997618293,1
9,11612,1,0,0,-1.471765454660743,3,2.225517752091161,1
6,8207,2,1,1,2.888842926355384,2,2.567678272505751,1
2,6420,2,0,0,0.8238793556209661,3,-0.4196306618059132,1
6,7906,2,1,0,0.7023948332319331,2,1.411480519119599,1
2,7230,3,0,1,-1.2471459457474388,3,-1.4301208253695064,1
2,6931,0,1,0,-0.5502307654200799,0,-1.5024289988871655,1
2,9078,2,0,1,-0.6556284626105001,1,3.044733090028739,1
10,12515,3,0,0,0.6739253019785801,2,0.37840842993750906,1
3,7186,3,1,0,0.6383214927295235,2,0.07950847697957092,1
12,9651,1,0,0,-0.6325536064328322,3,2.4811789050184263,1
13,12126,1,1,0,-0.8808969689816075,1,2.385260520563558,1
9,6696,1,0,1,2.020251778181543,1,-1.3630671815743545,1
4,7168,2,0,1,-0.2657407911253109,1,2.095204085728676,1
2,7050,2,1,0,-1.4293004876951678,2,2.0706237198464725,1
10,3585,0,0,0,-0.3962180431017692,2,2.3259190625769794,1
8,6837,-1,0,1,-0.6413349995517384,1,-1.1291746126151117,1
8,6097,3,0,1,0.13759577539614531,2,1.4326049528416285,1
5,9939,-1,0,0,-0.48181645163838827,2,-1.3452038570708071,1
3,12408,0,1,0,-0.31964034173552236,1,1.4073694783031039,1
6,10880,2,0,1,0.13959272600838002,2,-1.9015163055305198,1
3,8314,2,1,0,2.8976715271621725,3,0.9916162583999331,1
7,10165,-1,1,0,-0.945705408784304,1,-0.1246441637304308,1
5,7036,3,1,0,-0.5269792401948447,1,0.7602859946249679,1
11,10945,2,0,0,-1.0762554509743676,1,2.256117087037774,1
12,4999,0,0,0,0.20626050218024317,1,0.04508279449355529,1
9,4212,2,0,0,0.39785418160739816,2,-1.3220990548457343,1
7,11051,1,0,0,-0.5957064251827257,2,-0.25467396060978276,1
9,8529,2,0,0,-0.3314323778662138,3,0.4559600163380779,1
13,9073,2,0,0,-0.22809233505355736,2,0.6742287855372908,1
10,7501,-1,1,0,0.18682396620125896,3,-1.9399323501411574,1
6,13635,3,1,0,0.28736642968051274,1,-0.20832157985989944,1
6,12559,2,0,0,-1.4810916997169525,1,-0.16984631054263022,1
4,7827,-1,2,1,-1.0374444429838463,1,1.9808033249421175,1
10,8747,2,0,0,0.2487844896667185,3,0.682010769651124,1
6,7664,2,1,0,-0.3590973001910377,1,-1.1601554054562138,1
3,12706,1,1,0,0.506691386731672,0,1.59139047580492,1
8,10854,1,0,1,0.2689870905620275,2,-0.11197494949191561,1
12,9190,0,1,0,-0.5605749918744131,1,0.6342528711738376,1
0,9638,2,0,0,1.1247223478953408,1,-0.5004648774267612,1
7,7496,1,0,0,-0.9770167532886382,1,1.7045081048586297,1
7,5984,1,1,1,-1.0252100846436578,2,-0.36209395083873136,1
7,9023,2,1,0,-0.4694860417225558,0,1.5738074148697814,1
4,11991,2,1,0,-0.5014362453014553,1,0.6293490315007233,1
7,4882,1,0,1,0.16298406559362388,1,1.1347787358305719,1
13,5401,2,0,0,-0.6546994552536799,1,2.462492628771469,1
6,4591,2,0,1,-0.6331456104633203,1,1.384750702062632,1
1,9366,2,0,0,-0.6945273137768151,3,2.5876498977576485,1
6,8422,2,0,1,-1.490660869158808,3,0.7431094453069047,1
9,7987,1,1,0,-1.6453621254560276,1,0.3201847357215532,1
10,12809,0,1,1,-0.14888259578151897,3,3.407947172810789,1
11,7411,2,0,0,0.9214773407719676,3,2.8119517355337282,1
11,7786,-1,0,0,-0.7402021085911166,3,-0.26547967641543435,1
2,7265,2,0,0,1.0912284660866207,0,-0.9915036848832559,1
9,10695,0,1,0,-0.6477496618390568,2,3.2936256456522846,1
9,10109,2,1,0,-0.956578567429178,2,-0.23744563795960616,1
8,7697,2,1,0,-2.3582460901804225,0,-0.9595778326579099,1
9,8294,4,0,0,2.059979844027213,2,-0.19946044352925021,1
10,8488,2,0,1,-0.7304761962166534,1,1.8058557041630845,1
9,12311,1,1,0,-0.8915017381977628,3,0.024698502729239513,1
5,12585,2,0,0,-0.5363361740939356,2,0.40528477621334796,1
10,5969,0,0,1,-0.5841747270330854,0,0.4697833022861129,1
4,11421,3,1,0,-1.1362082096575836,2,0.048597990197071395,1
9,12840,3,0,0,-0.2093069208287387,3,-0.5572948301711398,1
9,9496,2,0,0,0.11082110580028284,3,1.4799038692803261,1
9,7025,3,1,0,-0.6146012750014779,0,1.6118032338141963,1
5,9754,2,1,1,-1.521319268258547,1,-1.3842773765124818,1
13,11867,2,1,0,-0.6493460344496345,0,-0.2411957533638725,1
9,6161,3,1,0,-0.11655350000235062,1,-1.0725845577881543,1
9,12136,3,0,0,2.16608592022235,0,-1.1298127529370054,1
10,3144,0,1,0,-1.4350555179169073,0,0.20685545334013927,1
8,8869,1,0,0,-0.02478783779027316,1,2.587402038466859,1
2,9800,3,0,0,0.21097135544872758,3,-0.3427849053177492,1
5,8019,0,0,0,-1.0407720863278813,1,-0.5763681875683843,1
8,8246,2,0,1,-1.2402075762082276,1,-0.27112219109907804,1
10,12249,-1,0,0,-0.8099123679017872,0,0.8522818614217604,1
7,13912,2,0,0,0.4631459151678272,3,3.211338882796428,1
9,7093,2,0,0,0.4914084833067273,1,1.341031084604077,1
9,6324,0,0,0,-1.0341140902144002,2,-0.5394006087893333,1
12,8039,0,0,1,-0.7353763223337456,2,0.6766184059512268,1
11,12598,0,1,0,-1.6977242253085452,0,1.2323391790037097,1
4,6979,2,0,1,-0.12560183188314072,1,2.2931422808801427,1
10,13280,1,0,1,1.73573420503025,2,-0.3490009134964831,1
10,12270,1,1,0,1.0754651595033595,2,1.9119647883450368,1
12,9666,2,0,0,-2.565488461228059,1,0.8075779874448057,1
9,13492,2,0,0,-0.336692996203085,0,-1.0068062580409725,1
7,6866,2,1,0,-2.397268827751006,3,2.168748347426664,1
1,13190,2,0,0,-1.4805321118773564,1,0.024513667266316486,1
4,6601,2,1,0,-0.35107084436674507,1,-0.10368661304611004,1
10,12745,3,0,0,1.3009352885424426,1,2.8143085494078175,1
11,8137,2,1,0,-1.1297536971847335,2,-0.8184370899890892,1
8,8963,1,1,0,0.08883650273293742,2,-0.87457986229455,1
11,9076,1,0,0,-0.5176914845698056,1,0.938990287603711,1
7,6997,3,1,0,-0.25927432182463106,3,1.5244064564948714,1
8,1629,1,0,0,-1.3076750028014108,1,-0.6229365812762698,1
8,8995,2,0,0,1.600121181564078,0,-2.44595847522468,1
3,12987,2,0,0,-1.0233216208232143,0,0.3160918518865319,1
12,1754,1,1,0,-1.337288251639348,1,0.48761593538203457,1
10,7125,-1,1,1,-0.986790223894719,0,0.21723504208894678,1
3,12898,0,0,0,-0.3293338452137201,2,0.776939221167645,1
7,3425,0,1,0,0.2875811412794691,3,-1.1013637362093298,1
8,6719,-1,0,0,-1.1083868395524528,2,1.6273685876302741,1
-1,11071,-2,1,1,0.3232981836733781,2,1.9820486225268243,1
11,12120,-1,1,0,-0.9109901922940757,3,1.5304748941329516,1
9,7827,1,1,0,-0.48231111065415616,3,0.42533744438936233,1
1,9835,3,1,0,-1.2662380161165188,0,0.38811373699020096,1
10,7389,2,1,0,-1.3499142442776177,1,2.7074150741205942,1
13,6204,2,0,1,0.6435862332643579,3,0.828915182986941,1
4,10653,1,0,0,-0.4703086329582892,1,-1.0275314191747194,1
10,8089,2,0,0,-0.2872161137695987,2,0.31991050468180554,1
8,10245,1,1,0,-0.9390575209117802,1,-1.068020821623567,1
10,7551,2,0,1,-1.1282631322650865,1,0.8837210179150179,1
13,12184,0,1,0,-1.139255852485142,3,2.0245226806199526,1
11,11670,0,0,0,-0.3328507836061991,1,0.21909835377754777,1
7,11434,-1,1,0,0.4527751725715691,1,4.045510385120706,1
12,6929,3,1,0,2.269336002176167,1,1.4432071910614048,1
13,11342,1,0,0,-0.0031131162812656488,1,-1.1314794933692578,1
6,12025,1,0,1,0.019466113685978725,1,-0.13268617620085021,1
12,9602,1,0,1,2.187206727000674,1,-0.21183892492642686,1
9,6202,2,0,0,1.2775481883658322,1,1.6024724247190036,1
-2,7291,2,1,0,-0.11200319969188322,1,0.5837438053338311,1
6,7584,1,1,0,-0.036993069807290446,2,-1.812029838545835,1
8,4600,2,1,0,-0.33817356706136337,1,3.6479093793020105,1
12,13061,0,1,1,0.1554475173305523,1,1.1042040617538307,1
6,11956,0,0,1,-0.1936390731066962,1,0.040930699834707845,1
6,7831,3,0,0,-0.7308038164090832,0,-0.6031551002711197,1
8,12664,1,0,0,-0.02720736867459707,1,-1.3759657902567206,1
4,11731,2,0,0,2.7195398039066667,3,-0.12473002203226002,1
8,2251,-1,1,0,-0.2538047561542023,1,0.9006933967889541,1
10,6750,3,1,0,-1.7386415510346431,2,-0.7510792771735821,1
10,7159,1,0,0,-1.3489070142823771,1,-0.9797968276249356,1
3,12827,1,0,0,-0.30071038069179445,2,-0.709997765609542,1
9,10216,-1,1,0,-1.2289396195092783,2,-1.1346763008992395,1
9,5874,3,0,1,0.2944413559410556,0,3.528075808188503,1
6,11108,1,1,0,0.3948803999722041,1,-0.7568901457080657,1
8,9751,-1,1,0,-0.632090578602725,1,3.9985445573837817,1
14,7409,0,0,0,0.07423905577436485,1,2.985184380335387,1
11,10412,1,0,1,-1.0994990905341782,1,0.7362870167005613,1
5,4125,2,1,0,1.8577543035404047,0,0.9915938480780866,1
7,8308,1,0,0,0.6256202397742152,1,0.3671450904633613,1
8,7273,2,0,0,-1.5279851842309227,2,0.5063340371138685,1
4,8976,3,0,0,0.21019132251197986,2,-0.7744009006659005,1
2,10238,3,1,0,0.9308892580458503,1,-1.0145513073808283,1
8,12766,0,0,1,0.622085473812022,2,-0.8955722114087051,1
12,7402,0,1,0,1.0957957008645578,0,-0.37156699844059476,1
10,12672,2,1,0,-0.39979498009365233,1,2.324024062472394,1
9,8845,0,1,0,-0.9239001586739372,2,-1.2709958674106308,1
7,4257,-1,1,0,-1.1559595561752904,2,-0.4125553443760286,1
9,7296,0,0,0,0.2490638173853316,1,0.9931287611604052,1
10,10399,-1,1,0,1.5923466859080766,0,-0.46374833743211724,1
6,11292,3,1,0,-1.08493936783478,3,0.6355292158396166,1
8,8541,3,0,0,0.7648297455736048,1,1.3879522075185187,1
9,7350,2,0,1,-1.771660693269593,1,3.752090937080027,1
5,13116,2,1,0,0.053909507453029026,2,-0.041803569815257124,1
7,11890,3,0,0,-0.5814673654409465,2,2.8723021652943093,1
10,7875,1,0,0,-1.8639980154938418,3,1.123714474441293,1
8,7746,1,1,0,0.06895596075218857,2,-1.0087599826478382,1
8,4169,1,1,0,0.6928064691995741,0,2.0889721335575375,1
9,8070,3,1,0,0.9123521224356889,2,1.279047941679047,1
11,10234,0,0,0,-0.5809288288773597,3,0.6954806519264267,1
11,11576,2,0,0,-0.6077440585186827,1,2.0812406620424007,1
2,7637,0,0,0,-0.3669109965032563,1,1.8274599109172787,1
9,7490,3,1,1,-0.9788886015174718,2,0.31890861887050453,1
4,10243,3,0,1,-0.30297410590929186,1,4.117162540120804,1
1,8846,2,0,0,1.2948241579179711,1,-0.14957975031628828,1
8,6437,2,1,0,-0.4422882487116903,1,1.493434840611718,1
5,12145,-1,0,0,2.928145234449424,3,-1.1917429603835021,1
9,6044,3,1,0,-1.482596472906896,3,0.9217738543450349,1
11,3475,1,0,0,-0.1016545311866941,3,0.37162323330548164,1
5,8495,4,1,1,0.7125210279396657,2,-1.0950198078389355,1
7,5213,3,1,0,-1.9576073087400054,3,1.1674473601219058,1
10,11404,-1,0,1,-0.3465546405016495,1,1.5832113946656845,1
9,11179,-1,0,1,1.0886450717027478,2,-2.053298938623981,1
13,13704,1,0,0,1.001307537495587,0,0.353106393745455,1
11,4851,2,0,0,1.3403353656416235,0,0.9310783697287793,1
8,12328,2,0,1,-0.5382277389287217,3,0.9641782360522909,1
13,8282,-1,0,0,-0.23597708398861716,1,-0.37373797936213377,1
5,11642,-1,0,0,-1.7012048990839812,1,-0.3546719184700813,1
11,8575,-1,0,0,-1.2427291654924142,1,-0.8726853340932563,1
6,9200,-1,0,0,1.0300595814960154,1,0.5268595650223142,1
10,11711,3,1,1,-0.2828880671967926,1,0.23011471980665332,1
12,7821,2,0,1,1.706235287436662,1,2.85565502624252,1
10,12890,3,1,1,0.17271687385854495,0,2.182577674429013,1
11,13583,-1,0,0,-1.0191046955416332,3,1.2445709225677641,1
3,6429,1,0,0,2.557182971107026,0,0.2984310450358494,1
4,5583,2,1,1,-1.0932984141675162,2,0.6084939915700422,1
5,13332,2,1,0,0.18998268729176904,1,-0.3722192986670242,1
8,8653,2,0,0,-1.2535385782439694,3,0.06713836854167525,1
3,7974,0,1,0,0.1623220829645714,0,-1.7267035986327621,1
6,10844,-1,0,0,-0.4414244296490269,0,-0.31744407881598513,1
11,10071,-1,0,0,-0.4134802817673567,1,1.5660547993736302,1
11,10549,-1,0,0,-2.001625783802752,0,0.5329427600109736,1
8,8739,1,1,1,-2.063530871490278,1,1.1649050158027017,1
2,5805,2,0,0,0.363949306434126,2,-0.3444440402051754,1
9,12125,1,0,1,-1.418506473725028,1,0.3019200247487509,1
8,8445,4,1,0,-1.2275055814629237,2,-0.5484578164988532,1
11,7920,0,0,1,2.125686932838682,1,0.16632473892263738,1
11,9118,2,0,0,-0.6789490471539212,0,1.414139862221882,1
9,3593,0,1,0,2.757884003083593,1,-1.101328634636242,1
12,13111,2,1,1,-0.6118575437319738,1,0.4578908337893034,1
9,7754,-1,1,1,0.8855248058522123,1,-0.8138620332660391,1
6,6422,2,1,0,-1.0595668493624104,0,-0.5962795225812776,1
10,6533,2,0,0,-0.2330832418189589,1,0.797094513781617,1
8,12645,1,0,0,-0.3177615245519051,0,-1.113575509886932,1
10,6645,1,1,1,1.945288913490772,1,2.957291177291493,1
6,11701,-1,1,1,0.4860400388495859,1,0.9131309002320951,1
9,6971,1,0,1,-0.7609499505124823,2,-0.0335638778599443,1
8,9969,3,1,0,-0.9881355057157422,3,1.9573364222788767,1
6,7919,3,1,0,-1.8265218684573772,0,-0.048032310322187494,1
3,5969,1,1,0,-1.0757315304954238,0,-2.124119541388404,1
3,8557,2,0,1,-1.4391068751494922,3,1.9202412183986348,1
2,5998,2,1,0,0.3753854377152066,1,1.3989942891506586,1
7,13387,0,1,0,-0.5508253247283249,1,3.3357915465055044,1
13,11461,0,0,0,1.2026666288326555,1,1.5003023941069062,1
1,9747,2,0,0,-0.9293460544641492,1,-1.813690235325444,1
5,8854,3,1,1,-0.5055398646568094,1,-0.29403197645038825,1
6,6862,1,0,1,-0.7120597395724483,1,3.273082154344639,1
6,11001,3,0,0,-0.5900264572305404,2,-1.2136761478910099,1
6,9400,4,1,0,-0.44331535732724753,1,1.3995596725117758,1
5,10615,3,1,0,-0.07836608609141488,0,0.5328906968960984,1
3,9031,2,1,0,-0.33246919751005816,2,-1.82952866552426,1
6,3694,2,0,0,-0.2978653664620727,2,0.51690775075355,1
4,12026,0,1,0,-1.2245692286482124,1,0.35824828221220384,1
5,7288,1,0,0,-0.6404938987442175,0,1.5464058727065033,1
-2,7629,2,1,0,-1.2368466381942351,0,0.9530625190560851,1
6,8535,3,1,0,3.0817849986933243,2,1.3711314033927393,1
10,9139,-1,1,0,1.5828996970974338,1,1.686144360317597,1
6,5177,1,0,0,-0.9708763616373766,3,-1.418043895175115,1
10,11590,1,0,0,-0.7731534109821152,0,-1.1248777488785568,1
8,4584,2,0,0,-1.2726906191145921,1,-1.1568615171093042,1
6,6531,2,0,0,-1.6396475007475437,0,-0.7981571927803208,1
9,12476,2,0,1,-2.0170392167674804,0,0.046308777089938635,1
13,12657,0,2,1,2.699033787317647,0,0.30143097979853345,1
9,6127,2,1,0,-0.9054103181612086,3,-1.01206547025914,1
4,6025,-1,0,1,-0.07470222742912314,0,-0.1511828004359484,1
7,7273,2,1,0,-1.7474698909402369,1,2.5818682292833026,1
7,13598,0,1,0,0.9496033416359265,3,0.2804189112109096,1
8,5324,-1,1,0,-1.8312130301396263,0,2.0813955425524977,1
11,7548,1,0,0,0.4954485185901697,0,-0.031895675517464916,1
8,8476,2,1,1,0.01488773742811278,1,0.012279740812683348,1
4,10601,2,0,1,-0.2189212166102999,2,0.07578119483762713,1
7,11149,2,0,0,-0.10034146799149674,2,-0.37584568489004416,1
9,9248,2,0,0,-1.6247045852231978,2,-0.6540615457692052,1
5,6220,2,0,0,-1.2993914312223303,2,0.8012926462330549,1
4,11210,2,0,0,0.34460902236442337,2,-0.2329944063216977,1
9,11810,1,0,0,0.7601967587619155,3,-0.35963469976674683,1
8,8517,1,0,1,-0.6966217824160982,3,-0.4583750833057267,1
7,7644,2,0,0,1.4882751574777013,1,-0.08467376286413544,1
-2,12451,3,1,0,-0.6428604402843069,0,-1.1734140284766426,1
6,12964,2,0,0,-2.228436399772082,0,-0.404334492129968,1
9,8726,2,1,0,-0.08707044180549434,2,3.1956415116856935,1
8,8314,2,0,1,1.5191193306389121,3,-1.5606195553989106,1
2,3482,-1,0,0,-1.1874702779168587,1,1.8635603759267636,1
6,13047,3,0,1,-0.18509015857783306,3,0.7618011233619013,1
2,7245,0,0,0,-1.2458595336982246,3,0.42749604680212977,1
5,10788,2,0,0,0.6703205098489196,2,-0.6077294614388998,1
0,4901,3,0,1,-1.1547842907988235,1,0.931358950844847,1
11,8207,2,0,0,-0.06183086705696428,1,0.06563429276976973,1
8,2965,2,0,1,0.17055415521651363,0,0.7513126934548651,1
8,10117,3,1,1,1.1288093289432042,2,-0.2689570770954276,1
3,9711,1,0,1,0.5312404216951454,2,0.05712111580710677,1
8,7834,-1,0,0,-0.27070209977768334,1,-0.5896017369655946,1
8,3606,2,0,0,-0.554311661593653,1,0.7839567851729853,1
8,12969,3,0,0,0.12096736954691789,3,1.0593763626701438,1
9,8982,-1,0,0,-0.9013849926373343,1,0.4004348700669793,1
7,4063,2,1,0,-1.3416760722841499,1,0.9309949054542057,1
-2,5167,2,1,0,0.41450675090376643,2,-0.22910387290478873,1
7,12096,0,1,0,-1.1213847348152668,3,-0.25491532105107106,1
8,10541,2,0,0,-2.3199749738102375,1,-1.1415031932950233,1
7,7905,2,1,0,-0.49228234712621577,3,1.2077438300451198,1
0,7154,1,0,0,-0.8586290432078875,0,1.071277631540557,1
10,4906,2,0,0,-1.7892256897934216,1,1.4837912607343766,1
2,10811,0,1,1,-1.2172894845324465,1,0.4487242874420769,1
8,5913,2,0,1,-0.7042322887109312,2,0.5249501801775944,1
10,10352,1,0,1,-0.5849853727874409,0,0.2506313504098703,1
13,5559,-1,0,0,0.12839666612891465,1,2.6948939090372908,1
3,12149,0,0,0,-0.25152106016518705,3,-0.4258317682881932,1
11,5869,2,1,1,-1.3778059020318303,3,-0.3076753989790777,1
6,8081,0,2,0,-1.1905822748544064,2,0.06734204692453943,1
1,8322,3,0,0,-0.5344345628920899,2,-1.0950051555239133,1
9,7067,-1,0,0,0.5667616584131795,2,-0.5819696986279359,1
6,3503,1,0,0,-1.3404323411057164,1,-1.4658237159760392,1
8,9388,2,0,1,0.02912899843301875,2,2.2952707541646578,1
8,11973,2,0,0,1.6477890081224578,2,-0.18681361056393786,1
4,10991,2,0,0,-1.6225440922603562,2,-0.2648879347814552,1
9,7409,2,0,0,-1.5913224841918097,3,-0.4383610018416833,1
4,2873,0,0,0,-1.1045645176535244,3,-0.2806004240926641,1
8,9825,-1,0,0,-1.2306780059934948,1,0.01660344286983423,1
8,11812,0,0,1,-0.6139638694474752,0,-0.6456792711500208,1
6,4866,2,0,0,-0.17494190454403202,1,-0.19646056781303184,1
5,8355,1,0,0,-0.2709491935887184,2,-0.7631800700434396,1
8,8064,1,0,0,1.8261572059161089,1,2.0865653067681156,1
6,7568,3,0,0,-1.6222142514406532,0,2.4366526703512728,1
9,7172,2,0,0,-0.41626685372487643,0,0.01612584557835703,1
13,11522,1,1,1,-0.985832155746924,1,0.6743929200311862,1
10,8217,2,1,0,0.3680075681116889,2,-0.0570015898932017,1
6,4186,0,0,0,0.43426254139061365,2,1.0865286862414658,1
3,4188,2,1,1,0.33130376363043645,1,-0.748505518796763,1
7,7307,2,0,0,-0.48682434613738923,0,-0.6153603594132452,1
12,7275,2,1,0,-0.12959250288791074,1,-0.7769988302786937,1
4,5869,2,1,0,-1.2939017185044484,2,-0.5775233895852474,1
12,12007,1,0,0,-0.7471628308899706,1,0.02484172393424039,1
7,12631,0,1,0,-1.3553166089234492,1,-0.8765802657189845,1
2,11640,2,0,0,1.2901796246395523,1,0.6017566311893878,1
8,4634,2,0,0,0.02529451874451949,0,1.3041655896716309,1
9,8412,2,1,1,0.48773129856237646,3,-0.8057840698151317,1
5,5698,1,0,1,-1.022318604962541,1,-2.225737902683095,1
10,9338,-1,0,0,-1.3734384645818913,1,-0.4180180311065998,1
9,10848,2,1,0,-0.49795533020676463,0,0.27587019765497717,1
12,9335,0,0,0,-0.08973671597771793,1,-0.8568394810697451,1
13,12940,2,0,0,-1.1730106997490073,2,-0.35558639258916247,1
8,9584,3,0,0,2.3575625917916367,0,-0.7792148924317137,1
1,10782,1,0,0,-0.3579961662569529,0,0.7755942437691524,1
9,3887,0,1,1,-0.8134808895857497,2,2.6570567225627673,1
9,11014,0,1,1,0.2561492538132164,0,3.6137769372569863,1
7,11958,2,0,1,0.2344907311484682,1,-0.5516945001052945,1
10,10204,0,1,0,0.037637421193803755,1,1.1810403990271845,1
11,11996,2,1,1,-1.3937963055570408,1,0.262003301000183,1
6,12502,2,1,0,-1.1550624108949772,1,0.4711412734999575,1
10,1899,3,1,0,-0.28677372191470907,1,1.2177418592089233,1
1,9821,1,1,0,1.8388451714881362,1,0.8621754927211809,1
6,12365,2,1,0,1.5670431356940557,0,0.9873375886564124,1
8,8139,1,1,0,-0.6107111065456354,2,-0.3257543630194248,1
1,7295,1,0,0,-1.472812112494835,2,1.4160010379592063,1
9,13122,1,1,0,-0.7790386271126255,3,2.068147722449807,1
4,8941,2,0,0,-1.4956826854459315,0,0.6513109222820501,1
9,11399,2,0,0,-1.114144681177379,1,0.15656156886877087,1
8,9446,4,0,0,2.5235729507543874,2,0.3860260784444311,1
12,11273,2,0,0,1.3483044462370644,3,-1.0922010539505391,1
9,13233,3,1,0,-1.1859298653618904,3,0.230939390276025,1
13,8594,3,0,0,-1.0878655993832704,2,2.9535765684269215,1
8,12552,3,0,0,-1.4652249918826328,0,-0.6028995665631041,1
4,10839,-1,0,0,-2.2081155143643914,1,-0.6140856304717958,1
11,7754,2,0,0,1.7168336778343978,0,1.7409786392967517,1
6,7078,1,1,1,-0.5389362634433277,1,0.8516790171954187,1
3,10646,3,0,0,0.8113668499563471,2,-0.059446503949064755,1
12,7708,1,0,0,0.4378791899545865,2,-0.5252030515767663,1
12,7907,2,1,1,-0.5258851645578512,1,1.0292012950543383,1
8,12921,2,1,0,0.6668615179795557,0,2.5028451815630266,1
12,9272,0,0,0,-0.48746855077229445,0,2.280509677755289,1
13,9091,0,1,0,-0.06710216798380576,3,1.5058718821920554,1
12,4480,1,0,0,-1.1609025096606471,0,0.8624962199371686,1
0,8536,3,1,0,-1.0522454608578506,2,2.2276509650648597,1
6,6645,3,0,1,1.563541873960916,2,-1.6031760163263458,1
11,9427,0,0,0,-1.990372055365861,3,3.995616832354475,1
9,11002,0,1,1,-0.8480812681220086,1,0.2119819211805759,1
-1,10260,1,1,0,-0.010095353245723526,0,0.7476744442627717,1
8,10931,-1,1,1,-1.036344183148385,3,-0.755290268402486,1
12,11996,3,0,0,-0.5466705602741142,1,1.5133982829768435,1
12,9157,-2,1,1,-0.6956214659026194,1,-0.4291797648364022,1
3,6087,-1,0,1,-0.6899716739585405,3,-0.9277734381084659,1
1,6965,2,0,0,-0.8140877487735361,1,0.659933647659194,1
7,11585,2,0,0,2.993574435706304,2,-0.45616668620487744,1
13,13682,1,1,0,0.1012041971418847,2,1.4079324890609184,1
5,9410,2,1,0,-0.794602733563322,3,-0.20347030939357982,1
11,8486,1,0,0,-0.5069148264095611,2,2.096382340725137,1
9,7062,1,0,0,-0.8300879074573634,1,0.1313881009210934,1
8,11217,1,1,1,0.15938707042155664,1,-0.07527393267113408,1
10,6581,1,1,0,-1.890130736211408,2,0.6835636101303015,1
4,4069,2,0,0,-0.8163912455151564,1,0.24154599739889704,1
6,5683,-1,1,1,1.7952411854885826,0,-0.052272527796483725,1
7,10807,2,0,0,1.0399275691213412,2,1.3585982672774621,1
1,9224,1,1,0,-0.8519067423331943,3,1.571758974186055,1
2,5941,1,1,0,1.4207410985148812,2,2.2278442727411876,1
11,9946,-1,0,0,-0.42360461627887186,1,1.4268472905655603,1
6,8746,2,0,1,0.8780179966900504,3,0.38679676435595245,1
4,7496,3,1,1,-0.6312083508652094,3,-0.6800664866736983,1
4,6369,3,1,0,1.5295900612260342,1,-0.7703201076250097,1
13,9119,1,0,1,-1.5800312664164124,3,4.138595998723725,1
1,4198,1,0,0,-0.6403332480538473,0,-0.3287270478427725,1
11,9060,2,0,0,-1.242227638143831,2,1.7286407761172515,1
9,10006,2,0,0,-0.7469404756410758,2,-0.4682582695126856,1
2,7350,3,0,1,-0.35887459323788273,0,1.5061642413468515,1
10,13020,3,0,0,0.5853669911359899,1,1.867925312967905,1
4,8763,0,1,0,2.9238278569895115,2,0.06159229154710644,1
11,10502,0,1,0,-1.242598823469157,3,0.04874503403687841,1
3,9220,3,1,0,-0.889508669233943,2,2.5155883766946556,1
11,7177,2,1,0,-1.211724689468072,2,1.612934464144352,1
6,9802,2,0,0,-0.37335930550354524,2,0.252908767747448,1
7,6276,2,1,1,-1.211268672800797,2,1.6659171201296978,1
8,9207,3,0,0,2.788406117330244,1,3.0130303923858897,1
8,4916,2,0,0,0.20894610720473894,1,-0.3435015533806727,1
-1,4622,-1,0,0,-1.4672401791365886,0,-0.7297486933520758,1
9,7862,1,0,1,0.4321113208514654,1,0.4648964674254209,1
9,12964,1,1,0,-1.0146979308826662,0,-0.6472742110045545,1
10,7107,2,1,0,-1.049182872265105,1,1.2551555479078187,1
9,11371,2,1,0,0.9252674476071203,3,-0.7289237413187769,1
10,8953,2,1,0,-0.8547791635900984,0,-0.3507334159179506,1
8,12121,0,0,0,1.779692303201263,0,0.476974076953019,1
8,7049,-1,1,0,2.3143382841553417,2,-1.0107507134110991,1
4,6737,2,1,0,1.9341077780670641,1,3.3386354790131794,1
6,7172,1,1,0,-0.4654176766393713,1,-0.3847161345794743,1
10,8816,2,1,0,-0.842470360721308,1,-0.7805430056137891,1
4,10599,-1,0,1,-0.8033774161750115,2,0.7849794836421267,1
11,11729,0,1,0,0.4321722849097055,1,-0.6606617541077211,1
12,9271,2,0,0,-2.521406397660324,1,-1.5242959952303263,1
6,7933,2,0,0,-1.4275978464838253,3,0.23820918297367266,1
7,7495,3,0,0,-0.05718297851127696,3,2.793518937500647,1
10,5640,-1,0,0,-2.1476947103655295,1,-0.7097708755071823,1
9,8056,0,1,0,-0.7342159619232976,3,-0.5826689307938705,1
10,9056,3,1,1,0.30410097618842913,3,1.9809825277099864,1
12,5287,-1,1,0,-0.5418126571955516,1,2.168315351048115,1
5,12379,0,0,0,-0.9891322616410752,1,3.5118530030603594,1
9,4300,0,0,1,-0.49085258728922204,1,0.8532370306524086,1
12,8804,0,0,0,2.514782726636131,2,1.2259009269846401,1
5,1606,0,1,1,-0.3073958832983429,0,3.5157179629612454,1
8,7718,2,1,0,-1.043258296768717,1,1.0613639196558518,1
6,2227,1,1,0,-1.7349067123138977,0,-0.611768229380041,1
3,9902,0,1,0,0.8918662844775307,2,4.017841903497936,1
9,8702,2,1,0,-1.7351592099204929,1,0.25391537269995945,1
6,7836,2,1,0,-0.15243561208993628,2,-0.1895281397430213,1
6,5967,2,0,0,-1.4119289840393403,1,0.6046109061335595,1
6,7694,2,0,0,2.143988470330746,2,-0.3624283776135446,1
11,7767,3,0,0,0.4490280560626703,3,-1.537342258274808,1
5,7996,2,1,0,0.20290888698985443,3,2.0130940065743967,1
10,8010,3,0,0,-0.9474464490805422,1,1.6899852908563968,1
9,5266,2,1,0,0.5277898341582453,1,-1.2162660800007994,1
5,12864,-1,0,0,1.1360222384553669,1,-1.2314597910531786,1
11,12252,4,0,0,0.12856753060733953,1,-0.04338078899277492,1
8,7135,0,1,0,0.6147711313208342,3,0.11150780874489973,1
2,12449,-1,1,0,-0.06308254833515646,3,0.485093027081323,1
7,9966,1,1,0,-0.1345843465400297,2,-0.6020473807406523,1
9,11885,2,1,0,-0.7562625142901735,2,1.3513803908456026,1
9,8013,-1,1,0,-0.20654286794080384,2,-1.3962051726445273,1
5,13336,2,0,0,-0.022680016590834226,1,-0.8967754875903711,1
2,9036,2,0,0,0.7989162890392947,3,-1.1941653675111563,1
6,8738,0,1,1,0.20150576935716802,0,0.3616482379999989,1
7,3003,0,1,0,1.615497368753001,2,-0.7172384012937398,1
2,8162,2,1,1,-0.6077913033694547,1,-0.5962556213121858,1
2,10304,2,0,0,0.5658700525035416,1,0.7798215884217095,1
11,12586,1,1,0,-0.6018822484518045,3,-0.19460606204393271,1
4,11389,0,0,0,-0.447595711798756,1,0.7650951721075704,1
4,10573,0,1,0,-1.1495025264812557,0,-0.7162294993654789,1
4,8423,2,1,0,-1.3343025339593586,3,-0.28499175789820663,1
-2,11888,0,0,0,-0.5327846253970446,1,0.26276271891530734,1
10,10343,2,1,1,-0.07572017561461741,3,0.046038941374550835,1
8,13413,2,0,1,-0.6466063233937582,2,3.142732860491532,1
3,6698,0,1,0,-1.136169860867147,3,-0.5727078925272784,1
12,6001,0,0,1,-0.04730850667554898,2,1.4121855526895777,1
11,12651,2,0,0,-1.5176456000268939,2,-0.7439835846520364,1
11,12820,1,1,0,-0.04148368190477186,0,1.866975620429356,1
9,4696,1,0,0,0.7588514582568596,2,0.8360473253368603,1
9,9293,2,0,0,1.4854023344609888,1,2.0444331855211946,1
2,5945,2,1,1,-1.1309634394177461,2,2.8681938251204793,1
10,13029,1,1,0,0.592760033243474,1,-0.56902349747578,1
12,10721,-1,0,0,-0.2792419621582655,1,2.663285635266021,1
7,12974,1,0,0,-1.264218623004808,1,1.7352640855656856,1
5,13680,2,0,0,1.706354778489593,2,-1.0058872506410317,1
4,10854,3,1,0,0.11781891588924431,2,1.979925894703531,1
2,13449,1,0,0,-0.48019976485026805,2,1.4356173537797308,1
12,7988,2,1,0,0.7967322126309718,0,0.6861224512272593,1
9,8649,1,0,1,0.14374821840475205,2,0.47284797202564605,1
4,3771,0,0,0,-0.05514800240990282,0,-0.7576927208366624,1
2,9632,2,1,0,0.08316416650858516,2,3.0918739032880445,1
5,8246,4,1,1,0.13805492628936708,0,2.1191107972468215,1
12,5988,1,0,0,-1.132617022587969,0,1.709028125187877,1
5,12538,0,0,0,0.4970794884790758,1,1.3231543383864546,1
11,8846,3,0,1,-0.6555245925261606,1,0.852745436830719,1
11,1446,2,1,0,-1.5250619226295172,3,2.1705902562881607,1
12,11786,2,0,0,0.8988053819045287,2,-1.5797756615830192,1
9,3661,2,0,1,-0.29071968578537943,1,1.2861609752544472,1
10,11640,2,0,0,-1.0540703630810007,2,-0.7573758453674002,1
8,8958,0,1,0,-1.3385915102057027,0,-0.022388027636562752,1
10,5589,1,0,0,-1.4110416940910109,0,0.5474360401969686,1
11,7120,1,0,0,0.2863466002777689,3,1.2517993975134352,1
1,12544,2,0,1,-0.6237706542626391,1,-0.3924787597244481,1
6,6548,2,0,0,-1.1941552119714478,2,0.4207026640580926,1
9,7469,2,0,0,-1.2846421529528138,1,1.0438405741601304,1
8,13522,2,1,0,-0.40000602835650756,0,-2.0693677843822442,1
9,7103,-1,0,0,1.319106516975873,2,1.2494102055601284,1
7,7120,1,0,0,-1.0507881690881433,0,0.9339957255916587,1
11,13269,2,1,0,-0.5912971095437971,0,-0.4426068562530862,1
4,4436,0,1,0,-1.248250140811195,2,2.5943444666582387,1
2,12072,0,0,0,0.42430256418872714,1,0.6320532377997341,1
6,13094,2,1,0,-0.3650439939775621,1,-0.6291298486230024,1
5,5506,3,0,0,-0.7223689037338034,1,0.20399250293499255,1
8,13007,1,1,0,0.13955941896762236,2,-0.2160170163268746,1
7,9434,3,0,1,-1.0117409056722901,2,2.5024400663964887,1
5,9208,2,0,0,0.08810771868088829,2,1.7535824497506523,1
7,8340,2,1,0,0.5913831912115685,1,2.7086458740200055,1
12,9267,2,1,0,1.2826531601381292,3,-0.1946231975501133,1
6,7279,0,0,0,-0.8262983184894565,3,-1.693609601243632,1
10,8535,1,0,1,-0.23988627303413834,1,3.4370690130423664,1
9,12783,1,1,0,0.6910903389154296,1,-0.5035150712351559,1
8,8987,2,0,0,1.1462624636057561,3,-0.5198096129977643,1
7,10501,2,1,1,0.13834093782833087,3,0.0992110072310694,1
3,6268,2,0,0,-0.6576298287224097,2,0.06566926600173262,1
7,11262,0,0,0,0.44430785766337766,1,-0.702608400381836,1
7,11197,2,0,0,-0.25839587751357435,0,-1.4639233492809283,1
11,12440,-1,1,0,1.7248914822236021,3,1.6894087176248676,1
10,6946,1,0,0,-0.593101171349845,0,-0.7321250470252929,1
10,13513,0,0,0,0.662257099145054,1,2.391557612117949,1
11,12101,1,1,1,-1.9560324031153784,2,1.3410167948555518,1
3,7760,3,1,0,-1.5519583886870483,1,-1.0569224758311,1
10,13829,0,1,1,-0.6784240438761556,0,-0.13432400363948838,1
12,5933,1,0,0,-1.1867195868730438,3,2.1928280265648272,1
13,5407,1,1,0,-1.2750773602077343,0,-0.5892613440792047,1
7,5113,3,0,0,-1.4288323023846612,2,-1.6391881916078797,1
5,10699,2,1,0,-0.9470351114092124,1,-0.7529684416824409,1
3,8548,3,1,0,1.2336831155058714,0,0.7028082785070358,1
10,12857,2,0,0,-0.10837950072860836,0,2.2452670297496153,1
8,12420,1,0,0,-0.22861693664161564,0,-1.2632722491417059,1
8,10603,0,1,0,-1.0163504719661927,2,-0.09278720570574783,1
7,12233,2,1,0,2.5255492411891307,2,0.6735014115410322,1
10,8147,-1,1,0,0.35458051602568386,2,3.5264259787953574,1
9,6968,-1,1,1,-0.6593450386690349,1,1.69991653259444,1
3,11009,2,0,0,-0.7316185578676168,1,0.20907800931801843,1
12,7593,0,0,0,-0.4975290201959313,1,0.49851654565406034,1
2,13262,2,0,0,1.248158311104512,0,0.19879479323866095,1
11,7796,-1,0,0,-0.6127148959763469,0,0.2875614895725396,1
11,5321,0,0,0,-1.6859791787767624,2,0.5736520926227082,1
11,12598,2,0,0,0.46662669315193295,3,-0.047770291153446776,1
9,7592,0,1,1,-0.36055402937225367,2,-0.2082754218472455,1
6,12996,3,1,0,0.11650991102882902,0,0.7756898825472927,1
10,8541,3,1,0,1.4254141416613697,2,-0.12926670893242648,1
2,12296,2,1,0,-1.1310974775437745,3,0.9619425155018414,1
10,5717,1,0,0,-1.0787289479575044,1,-0.792936708570559,1
3,3056,2,1,1,1.3731656975451738,1,-0.16535877175504088,1
5,6526,0,1,0,-0.9513029514231203,2,-1.0537420582087198,1
12,6501,2,1,0,3.430111666307196,3,2.7756164573253046,1
3,3935,3,0,1,-0.5996653294838458,3,0.0458683292198252,1
9,12833,1,0,1,2.4363764263470298,1,-2.195133949578657,1
12,6735,-1,0,0,0.6464887498072254,1,0.3095971743999053,1
14,8916,2,1,0,-1.3359012752664743,2,1.3436072646835007,1
10,12169,-1,0,0,-1.1294325098517173,3,-0.36697604055249894,1
6,12160,1,1,1,-0.2121615141123977,2,-0.3383666360460231,1
12,8754,2,0,0,-1.3276188881231747,0,-0.2621891294125103,1
12,5128,-1,0,1,-0.7701969068150875,1,0.06235150102099052,1
10,8073,2,1,0,-0.7897688060036336,1,-0.5953085095616426,1
0,9625,3,0,0,-1.0804962671445901,0,-0.69363435723502,1
9,5224,2,0,0,0.08777993031046127,1,-2.131080044772854,1
8,6065,0,1,0,0.0047564142504069595,0,2.820993211215394,1
3,8900,3,1,0,0.18671485972412105,0,-1.1685230111918097,1
7,7132,3,0,0,-2.081955762737547,3,2.356371914786778,1
4,6336,2,0,0,-1.5460799367968385,1,-0.9562992110852431,1
12,7670,1,1,0,-1.6993667623597837,1,-1.556468447984187,1
11,9597,3,0,0,-0.4463112031712725,1,4.100500242023078,1
10,7997,0,0,0,0.2886761131134833,1,-0.6785948073993429,1
11,10723,2,0,0,-1.1911103634460816,0,2.002804275066143,1
9,11736,3,1,0,-1.2447047013475632,0,0.12235955433317897,1
-1,4853,1,0,0,-1.0656156147622435,2,-1.1678906813180967,1
6,7441,2,0,0,-1.1165107911264274,2,0.0986699045297566,1
6,6398,-1,1,0,0.18264842901650558,1,0.9796766596054343,1
13,11113,2,1,1,-0.4137985736882647,2,3.148792659263867,1
11,7659,1,1,0,-1.2708999472669271,0,-0.37052655598986456,1
6,8771,1,0,0,-1.6554016456720326,3,1.6444618181771207,1
10,6056,2,1,1,2.576403477654888,3,-0.7858910037947329,1
10,11825,0,1,0,-0.6263574390957839,2,-1.56463106478119,1
10,11311,1,0,0,0.08607643384972641,3,-1.5287570488823057,1
4,3419,1,1,0,-1.400164288942848,1,1.1830651611617962,1
11,12951,2,0,1,-2.127900999469429,1,-0.2999623745816002,1
10,12631,-1,0,1,-0.8979906325034067,0,0.2485783204493358,1
8,1141,-1,0,0,-1.8996201659526954,0,-1.2707830952369352,1
10,10912,-1,1,0,0.8446944486808591,0,-0.9177520260156002,1
-2,1363,0,1,0,-1.3696059302333359,3,2.3800727847015346,1
5,5740,2,1,1,-0.2689472384747854,3,-1.1191390821183929,1
4,13070,2,0,0,0.5481727907978308,2,2.118505295111059,1
7,6561,1,1,0,-1.6436438856825508,1,1.5436340159609636,1
11,6247,-1,1,1,-0.32471651537392765,3,-0.7200886246127349,1
8,13196,0,0,0,-0.34899640151540323,0,0.4204781171536334,1
8,8578,1,1,0,0.27813394725562846,3,1.7682366273191654,1
10,7438,2,0,0,-0.07040080617141609,0,0.413160152667485,1
12,9663,0,0,1,-1.2893329499047192,2,-0.6201055220313777,1
5,6624,1,0,0,-0.4684233175487066,3,-0.5226672046581575,1
9,7532,0,0,0,-0.20005061618924203,0,0.2558365232772509,1
7,8552,0,1,0,0.26679558540238846,1,-0.2977391508295812,1
7,8623,2,0,1,-1.0201103207676576,3,1.8863123149697445,1
8,5790,0,0,1,0.26206502249782637,0,-0.5490348835878482,1
6,5580,2,0,1,-0.5818780614230546,1,1.7832775585481344,1
8,10276,-1,1,0,-1.4307315053892813,2,0.7463271279951778,1
0,7017,2,1,0,-0.4344312895320942,3,0.46542733782292456,1
13,12899,1,1,0,0.18934973505625075,3,1.0963504889054108,1
8,10151,2,1,0,-0.8413424581852033,0,-0.8812013646328536,1
9,13004,0,1,0,-0.9755400270077786,3,-0.516606364181161,1
2,8138,2,1,0,-0.9898427042465072,0,-1.6693270488689056,1
4,5141,1,1,0,0.08122859177038089,3,2.671884418972451,1
12,8043,2,0,0,-0.40693217977458185,1,1.9103411891994915,1
5,12708,1,1,1,1.6245830497630842,3,-0.7238156482387859,1
10,8255,0,1,0,1.5562372201777301,3,-0.41380383711705404,1
1,4008,-1,1,0,-0.464817239803894,2,0.6900812301053569,1
6,10171,1,0,0,-0.24461597434143684,-1,-0.3600968809427366,1
7,12440,2,0,0,-0.10904554922948911,2,0.557499080403395,1
10,7730,-1,2,1,-0.44889114279742875,2,-0.48526597193188387,1
1,6246,1,0,0,-0.042406605987648116,0,0.654277524803615,1
5,9451,4,0,0,0.2923192912968917,1,0.03490403252326796,1
10,5404,1,0,0,1.3206958242971325,0,3.008650936601525,1
9,4877,1,0,0,1.2654780384180717,3,-0.007242425001430519,1
5,12852,2,1,0,-1.0545111841812185,0,2.5701155367496114,1
8,10802,3,0,0,0.7671158331244154,2,-1.0011819991658142,1
11,4824,1,1,1,-0.027014151808967657,3,-1.852980211249275,1
6,10598,-1,2,0,0.20144897034313192,0,0.24582322890352365,1
10,12108,2,1,0,-0.4538320596405049,1,0.21840730825629723,1
4,1961,0,1,0,-1.8959238286579758,2,-1.0506669036890053,1
7,8516,1,1,0,0.8378631386051151,0,2.012558240153589,1
1,11220,2,0,0,2.4256843756527458,2,-1.1588729740425288,1
10,6062,0,1,0,0.7700247384839285,2,-0.16792910497867658,1
10,7779,1,0,0,-0.14777918053386013,1,-1.0787677913283276,1
10,12366,3,0,0,-0.01212591127845486,3,-0.923586738815823,1
5,11213,-1,1,0,1.1154491716860986,3,-0.6041461430539043,1
8,12861,0,0,0,1.5578066850066232,1,2.157754991504594,1
9,12497,2,1,0,1.0956521971251232,3,0.8563450417052134,1
8,3230,2,0,0,2.8175453624935227,2,-0.9407398496774164,1
9,12326,-1,0,0,0.49243820656381626,0,0.6845483573825113,1
8,10522,3,0,0,-0.5611808821675005,2,2.767218391070481,1
7,12737,-1,1,0,-0.3147716605845012,1,3.0290034910250694,1
8,6619,-1,0,0,0.13080500264801007,1,-0.24921768247762027,1
6,11312,-1,0,0,-0.9423368374852586,3,-2.458065284900311,1
4,6486,1,0,0,2.0931054513485896,1,1.434907150881417,1
8,13604,3,0,0,0.40981391969063197,0,-1.3988737004590992,1
9,11987,1,1,0,-1.045813239938555,1,1.8734438621827794,1
13,11886,1,0,0,-0.8261041807332903,1,-1.4877865195390567,1
-4,8212,2,0,0,-0.5753890438937046,2,0.6961064182927057,1
8,12227,3,0,1,-0.07318442815547183,1,-0.15996847761779165,1
11,4994,1,0,0,1.4981790687361847,0,2.199850647487472,1
11,10898,0,0,0,1.000363002151548,1,0.4562206801579644,1
12,8687,-1,0,0,0.9612426221837737,1,2.6468520596292073,1
11,13097,2,0,0,-0.5327005680788771,2,0.058937013002004796,1
6,12688,2,1,1,-0.019173869456824977,0,-1.124822295505027,1
2,7861,2,0,0,-1.3431399501901855,2,-0.5703988094397525,1
9,7625,-1,0,1,-1.6911354237517209,2,0.36517499350328014,1
4,13137,2,0,0,-0.875208712695849,2,-1.4107461323123076,1
3,12797,2,1,0,0.7476582997727117,1,-0.5201818134763843,1
9,9320,-1,0,0,-0.48094466470362857,1,-1.0878659492415168,1
5,9722,0,1,0,2.1323830108395136,0,-0.5391891810010001,1
7,7407,1,0,0,-0.6775366810018022,1,-0.04232377724741054,1
0,12705,0,1,0,-0.43053797702668284,1,1.8590514403048073,1
6,8316,2,1,1,0.44935946185318404,1,0.2792996410312914,1
8,13058,1,0,0,0.05944272729049538,2,-0.4428946545126951,1
5,8499,-1,0,0,-0.10511584683309094,3,2.4825021419512723,1
7,13354,2,1,0,-0.6472138285263197,1,-1.0254293345017516,1
13,5000,1,0,1,-0.7731136794174963,2,-0.754513661425356,1
9,12532,-2,0,0,1.5730940170786316,1,-0.1770626475847164,1
0,8822,1,1,1,-0.48551863071075724,0,-0.6771324864003055,1
11,11015,2,0,0,-0.1720166326309151,0,-0.8415026817788496,1
10,10652,1,0,0,1.5543877799620422,3,1.3347949856448142,1
13,5462,3,0,1,-1.0399896876360464,2,1.647328877182041,1
10,3789,1,0,0,-1.8603778742641761,1,2.3218406824073226,1
11,8432,1,1,0,-0.9415482123254114,2,1.1525789367609738,1
8,4928,0,0,0,-2.1240627663066114e-05,0,-1.1755136155087815,1
5,8244,2,0,0,-1.339826375016555,1,3.496265445510737,1
15,10513,-1,0,0,0.9297194092245628,2,0.6912375760808993,1
4,5408,3,0,0,-0.2379007937204778,1,0.1577626216252694,1
7,5987,2,0,1,-1.8877479350145816,0,2.089963021902726,1
5,8440,2,1,0,-0.5077952553367308,2,0.3048932521149077,1
3,8370,3,0,1,-1.0007556918673366,1,1.3608412013020827,1
9,9527,2,1,0,0.1512470830700865,2,-0.3183278687587805,1
4,9584,2,1,1,2.5916707491851634,3,0.09022668169316517,1
10,5740,3,0,1,-1.259002651868766,2,-1.6563773395763666,1
11,6898,2,0,0,-0.807522081541377,1,-0.4633908676546572,1
-2,9470,-1,1,1,-1.037634780118987,2,3.0580993539632173,1
8,6210,2,1,1,0.93455664762957,0,-0.8609184224213773,1
1,9421,2,1,0,0.4507367467842782,3,0.7394843504843969,1
6,5395,2,0,0,-1.383347015768425,1,-0.4967741558949523,1
12,7924,2,1,1,-0.6991658547207646,1,-0.2545952100590936,1
4,7329,2,1,0,0.06373525927853552,2,0.8493913507971191,1
5,8441,0,0,0,0.5868833064317593,0,-2.1771000545420462,1
13,8898,-1,1,0,-0.7555813022165823,1,2.3672728205282345,1
10,5899,0,1,0,0.45546107326103896,2,-0.28781533321852637,1
11,8004,0,0,0,-1.862405811230051,1,2.4933319009744355,1
6,8049,-1,1,0,-1.463021395353925,3,-0.898427455373811,1
6,9554,0,1,0,-1.0889928280373002,1,0.3423653023106763,1
7,4160,2,0,0,-0.8152244829943948,1,3.461578206256963,1
6,8881,3,1,1,-1.2655615976417318,1,-0.38958795075387936,1
6,6097,1,0,0,-0.2905593104761993,2,-1.3472640016430268,1
14,8498,-1,2,0,-0.5689835374556851,1,1.3825164099000016,1
4,11459,1,1,0,-0.2872902274124419,0,-0.2847131021643472,1
8,12441,-1,1,0,-2.7189855335191067,1,1.2626727752630096,1
10,6792,0,1,0,-0.6420589566495613,2,2.0934584352979564,1
8,2677,2,1,0,-1.070298466581714,2,-0.6103456697362675,1
5,6535,-1,0,0,-0.6852861196430894,2,0.8997248127565654,1
10,6147,1,1,0,2.1758636899222195,0,-1.2840129274090886,1
7,11244,0,0,0,-1.7377978776450465,1,0.9719749690506211,1
8,9158,0,0,0,1.9474057367423292,1,-0.005506180562415197,1
5,11987,0,1,0,1.5590320679349237,1,2.752020626469003,1
11,7311,-1,0,0,0.15399922523956666,1,0.19345250340180464,1
9,11380,2,0,1,0.6787375561042185,2,0.8276485872347586,1
3,9276,-1,0,0,-2.888361036864959,3,-0.170118993106323,1
10,5785,3,1,0,-0.6569425208160229,2,0.08370020877446355,1
7,5667,1,0,1,-0.1394770859880205,1,0.7376484661332207,1
10,10089,-1,1,1,1.9404084235414536,0,1.27063106940856,1
12,13094,1,0,0,-0.5592353746918194,2,0.0025099836469238412,1
4,12655,0,0,0,-0.5561420477980441,2,-0.5812264896669872,1
5,12505,1,0,1,-0.8630919017350414,1,3.139899312527136,1
10,12373,2,1,0,-0.2011434796149535,0,-1.6818641992119634,1
1,4241,1,1,0,-0.05196211625885505,0,-1.2515094449692634,1
1,11968,2,0,0,0.8697046386378173,1,1.1098262599314617,1
7,12392,-1,1,0,-1.5433312655516027,0,-1.00678037134737,1
4,6677,2,0,0,-0.5634296140762565,1,2.318276396811264,1
5,12414,3,0,0,0.19089388789930817,2,2.302136847073203,1
8,1142,-1,0,0,-1.4175713051234664,1,0.32305464505555564,1
3,7859,0,0,1,-0.9376871178546571,2,-0.7081026645024454,1
13,8200,2,1,0,-0.1349965300271616,1,-0.20850654907968447,1
11,13231,0,0,0,0.1791097631164017,1,-2.4370181969318034,1
8,8694,0,1,0,-0.6355124104040857,3,0.047937620430938396,1
9,8678,2,0,1,0.27551440607939076,1,1.845164482945039,1
3,12266,1,1,0,0.43680840162827766,2,-0.7110092620912047,1
11,12564,-1,0,0,-1.290313345068915,0,-0.5751288882300388,1
7,9032,2,1,0,-0.9161881728412342,1,-0.9713971597438897,1
5,1716,3,0,0,-0.26882575852986657,1,-1.2226703024022103,1
10,12724,-1,0,0,-1.7197020421579512,0,-0.5348380762862452,1
7,6176,2,0,0,0.5923086012864912,2,2.802416098827057,1
12,5173,3,1,0,-1.8815612791453917,1,0.4265821357791391,1
8,11596,1,1,0,-1.3294016523294112,0,-1.556348760336615,1
6,6647,2,0,0,-0.1960212572430401,0,0.09873781974094503,1
11,9706,2,0,0,1.0656793817460117,3,-0.44986412374042645,1
11,7272,0,1,0,-1.6811294613800754,1,-0.11494730481308602,1
9,12412,0,0,0,-1.2501010078215644,3,2.112898973467308,1
11,8664,0,0,0,-0.7374515468075116,1,-0.4075173365702916,1
9,11811,1,0,0,-0.4247899375297467,0,0.29524474618774915,1
12,9568,1,0,0,-1.2442738787038565,2,1.5441551423133257,1
5,7848,0,1,1,0.8963085671139133,1,1.926566172370844,1
8,6002,2,0,0,-0.7030175634645381,1,0.8178826661929157,1
9,10767,1,0,0,-0.5174751213194164,2,0.27017482213599586,1
10,9998,1,0,0,0.43131180210933184,1,-1.6322881922507255,1
4,8139,1,1,0,-0.8121051581393596,1,-0.29805609131411603,1
7,11352,1,0,1,-1.5056186814609676,1,3.391848743476861,1
6,7803,2,0,1,1.08098066372074,0,-0.4672054382513026,1
7,7934,2,0,0,-1.6641996445320928,1,2.90344621063544,1
1,11018,1,1,1,2.1449357858042104,2,3.443581912116856,1
10,10010,2,0,0,-0.11658025288085061,1,-1.1936697887226944,1
5,8997,3,0,0,0.042200867363994976,2,0.8194420304841965,1
5,2653,1,1,0,-1.7611339088149343,3,-1.2014775314352555,1
2,7451,-1,0,1,-0.45440594375253207,1,0.005957525741302261,1
11,7210,-1,1,0,-0.30658639523451314,1,-0.15360724696450478,1
13,12290,2,1,1,-1.1786856433772164,1,4.633457204543635,1
2,11832,3,0,0,-0.06039812859640997,2,0.9348767866227301,1
9,10936,3,0,0,1.8254795084845226,1,3.73283107081173,1
4,3971,2,1,0,-1.7493034526539417,3,1.0919892700100196,1
14,7642,0,1,0,0.9592616436876469,3,0.46956108202468877,1
5,7816,2,0,0,-0.5159820981658091,0,-0.637168514537142,1
13,9482,3,0,0,-1.0769281700413815,1,1.8583592234276336,1
9,5765,1,1,0,-1.067722792997972,1,-0.42648513234005386,1
8,13044,2,1,0,0.47005256479879987,1,0.8819484389812613,1
11,9060,2,1,0,1.3572646801485722,1,2.4586021333288546,1
9,6333,0,1,1,0.406640483720571,1,-0.3453092994492002,1
-1,9511,1,1,0,2.0603716574113102,2,-0.6493331091293348,1
5,10412,2,0,0,2.2939138726382375,2,-0.41355699532968426,1
6,5598,-1,0,0,0.754834630876004,3,2.3039305096038523,1
10,12426,-1,1,0,1.569668407681779,2,-0.7228822945138971,1
8,5097,2,1,1,-0.8745319555428858,2,0.2614280653112807,1
9,11900,0,0,0,-0.3800252407457497,2,1.6669760451377496,1
8,12274,0,0,1,-0.9678818734102563,0,2.6296114491734186,1
10,11471,2,1,0,-1.0475316535292145,3,-0.8027045907404851,1
8,9349,1,0,0,-0.2440238346282405,0,0.004060271591176917,1
5,2943,2,0,1,1.121507284837636,1,1.549765481341782,1
7,4035,1,0,1,-0.6530274662271776,0,-0.5086690020788353,1
11,9862,-1,0,1,-0.6754766242602995,2,-1.2185551947179343,1
10,11177,3,0,0,-0.5009879876311285,2,-0.6320821755695275,1
1,11801,2,0,0,2.8725199688164134,1,-1.0563338451785402,1
4,11886,1,1,0,-0.14349115183912997,0,-0.7794417248012229,1
6,11844,-1,1,0,-1.1299405654919634,1,2.272788635734398,1
10,6254,0,0,0,-0.10061149204126518,1,0.6912950202671202,1
13,7663,2,1,1,-2.0486521557505686,2,0.9131743428525201,1
12,10087,1,1,0,-1.3975904390108251,1,2.8186698188599046,1
9,5922,0,1,0,-0.9860222581036328,2,2.221289895174865,1
2,10173,1,1,0,-0.545979826749783,0,-1.2352168542259694,1
10,7507,-1,0,0,0.9470439154978719,1,1.9312023773894753,1
2,7125,2,1,0,0.32537291238595656,3,1.9898523841339655,1
3,4842,-1,1,1,-0.4693309178391013,2,-1.0059033820327403,1
6,10267,0,0,0,1.28489282695163,1,2.983772240103453,1
3,9644,0,1,0,-0.04744715637553295,1,-0.9367571538334167,1
3,6082,2,1,0,2.0524027211971605,0,-0.6486224230885235,1
5,7643,1,1,1,-1.3439049981385214,1,1.2455461082908428,1
9,12521,2,1,0,0.006142129035259458,3,0.6328009044275871,1
10,5764,2,0,1,-0.3534841057322796,1,-0.1016566411292068,1
4,6624,2,1,1,-0.6110108497578393,3,2.519413183233276,1
9,11718,-1,1,0,-0.4129071271366688,2,-0.9085933060345421,1
7,7613,-1,0,0,-1.1996796782806625,1,0.5084657345294286,1
7,9573,1,0,1,-1.801543894085196,3,2.0774820541882004,1
6,13105,-1,1,0,-0.8187553962472877,2,0.8821302878512118,1
10,5865,1,1,0,-0.07421546873312412,1,0.1992911798054405,1
6,8637,0,1,0,3.380373297475333,0,-0.7397753884251572,1
8,6980,2,0,0,-0.06097245514163448,0,2.05266019073085,1
7,13054,2,0,0,-0.5500179126992499,2,0.11207000136282913,1
7,9016,0,0,1,1.7014599970080142,3,0.4966400013541014,1
5,5373,0,0,0,-1.3862755137630793,2,-0.3604498347229558,1
12,7606,2,1,0,0.21545353730753036,0,-1.1553298594170567,1
9,9416,0,0,0,0.870474941465074,0,0.010666006609469258,1
9,11356,3,0,0,-0.09454764832336898,3,2.5681998869210343,1
8,6872,2,0,0,-0.3712650397734355,1,2.6720209697484423,1
3,6178,3,1,0,-1.1353377546398828,2,0.579344932383873,1
2,9796,0,0,0,-0.750152208910493,3,-0.8492196685328912,1
13,12221,1,1,1,-0.5390185687532364,1,0.411688012949088,1
2,12120,1,1,0,1.8602960872644658,1,-0.2878985309745683,1
6,12603,-1,0,0,0.27943587827007144,1,-0.8507785163788842,1
9,5954,0,0,0,0.20980635462622266,1,0.6176730060942746,1
8,10802,2,1,0,-1.1764081107973823,2,0.29674625819613026,1
4,8388,0,1,1,-1.3907069353361918,1,-0.6339167649869664,1
12,3499,1,1,0,-1.8401705264855668,1,1.8979599784262284,1
12,7298,2,0,1,0.005159076549987374,2,1.923023789805725,1
7,9027,2,1,0,-1.1691390820874723,0,-1.2468127397056596,1
11,12840,2,1,0,-0.9914264497146913,1,-0.23942736247359134,1
11,12603,0,0,0,2.839665598543943,3,-0.5815985198882712,1
5,11473,2,0,0,0.9948064910251495,0,-1.0065922234806128,1
9,4762,0,0,0,0.33766962645281,1,-0.9153688931483501,1
8,12414,2,0,0,-1.0466064585409782,0,0.6314295182974469,1
7,10520,2,0,0,-1.2345789533336842,3,0.9964409828568126,1
5,6774,-1,0,0,-0.6769137215745528,1,2.584359748178324,1
9,10411,3,1,0,-0.44480486033824235,1,1.372412237341585,1
6,8489,2,0,0,-0.5671169662088448,2,-1.268586706673533,1
7,4408,2,0,1,-0.4234439259042545,2,-1.997291091743285,1
6,4530,1,0,0,-0.08491618960423186,2,0.4433942305011855,1
7,6652,4,1,0,-0.6106231823560914,2,-0.6190230513593806,1
7,3120,-1,1,0,-0.7251841412929562,3,0.08392046431510275,1
9,9986,2,0,1,-1.9341715014593932,1,1.413252200116171,1
9,11610,2,0,1,0.9454781708413376,0,-1.1789612165218244,1
10,2474,2,1,1,1.2473976847523156,2,0.9922265796330338,1
7,10831,3,0,0,1.842465316574126,1,2.1651657954850263,1
5,13004,1,0,0,0.5655233258794913,1,-0.44291141797489564,1
10,1775,2,1,0,-0.6935978291876306,1,-1.3549116658899025,1
0,5206,3,0,0,2.3247667677741153,2,-0.5021652010824763,1
10,8928,0,0,1,0.5526335471114535,2,0.2959182042128334,1
7,7657,1,0,0,1.0858497186707907,1,-1.0878722618479502,1
14,7388,2,0,0,-1.017293195696305,2,1.6052413080130383,1
11,5165,2,0,0,0.14435595991077554,2,1.0787222826090754,1
1,13029,1,0,1,-0.982530955043891,1,1.5657426955839722,1
7,10925,1,0,1,-0.9762261742162348,1,-0.5553822293156447,1
4,9871,2,0,0,-0.5400399545624593,3,0.10491734891865945,1
9,12673,0,0,0,-0.5662490838426766,1,1.1759083010414364,1
5,7055,2,0,1,-2.162281706566923,2,1.8823053391142746,1
6,10433,3,0,0,0.8776322926800155,3,2.361702288915681,1
8,6020,2,1,0,-0.3857893869951908,1,-0.727184265431102,1
12,5995,1,1,0,1.2357584548654212,0,1.5176526167282132,1
4,13681,2,1,0,1.9914218360448745,0,0.8071127284709163,1
9,6078,1,0,0,-1.08163960030988,0,0.5018904591362403,1
11,6950,2,0,0,-0.003237622469629886,1,2.0112975999496796,1
6,11042,1,0,0,-1.3225352909809378,2,-0.26149727786471144,1
11,8220,2,0,0,-0.9141675927886231,2,-0.8613247497791645,1
2,1505,0,1,1,-0.6770032368217939,0,-0.3703706477482693,1
12,11569,0,1,0,2.4629632946488433,2,-0.7024886846798957,1
6,7928,0,0,0,0.20160858247952873,1,3.6557538871675535,1
10,8777,1,1,0,-0.6972325103507458,3,-0.882830066460477,1
4,4932,1,0,0,-0.16191552635494488,3,-1.505548732905788,1
7,5636,1,0,0,1.0645178038778609,1,1.9397236306536176,1
9,9600,-1,1,0,0.3463129904264287,1,1.7887435667386455,1
3,9241,2,1,0,2.2459432300219055,3,-0.21984168140562446,1
2,8939,1,0,0,2.531079627275786,0,-0.225827875418584,1
12,4379,3,1,0,-0.2051366176666395,3,2.659119905481379,1
10,8457,1,1,1,0.13710707225311347,2,3.1551821374446716,1
8,11287,0,0,0,1.5781093155808061,1,0.5683462181737997,1
10,12810,1,0,0,-0.7980444332963038,1,1.215351370170781,1
9,7554,2,0,1,1.8994918959860128,1,1.9007692361083568,1
14,9467,1,0,1,-0.38917136213437165,0,3.776837900526944,1
8,12084,2,1,1,-0.7431592380101623,1,0.5012082822285695,1
12,1933,-1,0,0,-0.3655296715086133,2,2.3753508951986326,1
5,7973,-1,0,0,-1.2054585179525263,0,1.35281609137117,1
7,8911,2,0,0,0.2818266888986067,1,-0.031276851526455374,1
10,7393,3,0,1,-0.3822226368586126,3,-0.7828899347614353,1
11,6972,-1,0,0,-0.3282762835296384,1,0.27332523534304215,1
10,4532,3,0,0,-0.6173883031065021,1,2.3943570114372115,1
7,12444,-1,1,1,0.5409193176244783,1,-1.9082118437085678,1
7,8680,2,1,0,0.06091384108013731,1,-1.2335529119522868,1
2,7779,0,0,0,1.9339670272008838,2,1.3068480411674037,1
7,7353,2,1,0,0.7711356413392615,1,0.684259464177055,1
7,12204,2,0,0,-0.09268671595268269,3,-0.9958406713057353,1
-2,10782,2,0,1,-1.3541577244163854,3,-1.8614992706650995,1
7,8268,2,1,0,0.4010412758025631,0,-0.8302308976739239,1
11,10460,-1,0,0,1.110610465446667,1,-0.7588933110000882,1
5,11040,3,1,0,-0.5710661926017896,1,-0.6299125089710602,1
9,11798,1,0,0,0.23602041021046105,1,0.9389231461600961,1
2,12331,-1,0,0,0.31177388204767253,1,-1.2996472355094004,1
12,8951,2,1,0,0.3266601732058887,3,1.5128394479514724,1
5,7680,2,0,0,-0.5990817186110958,1,1.1438937222014876,1
8,1132,2,1,0,-1.4278705732360186,1,0.691146011780049,1
9,3688,2,0,0,-0.3756436996933826,1,2.570261278443218,1
11,5981,1,1,1,-2.4743845105691413,2,-0.8698849348332467,1
9,13538,-1,0,0,-0.14488263842514257,0,0.9191193148359529,1
5,11569,-1,0,0,-0.6249856580394016,1,1.3008260430002458,1
7,10701,2,0,1,-0.61635035079343,0,-0.8805735329356748,1
8,11231,-1,0,1,2.64650809343174,2,-0.8122609409357634,1
4,3893,0,0,0,-1.1572824331323357,2,1.684605512917903,1
5,12184,-1,1,1,-0.7018745527859002,1,1.2625010945916864,1
11,6506,0,1,1,-1.1683841995462845,1,-0.7666581687163433,1
12,8722,-1,0,0,1.5448097434820356,0,-0.4650882014258992,1
10,8510,0,1,0,-0.06560642580186504,1,3.1563140173254105,1
7,6806,1,1,0,-2.5795641837732006,1,-0.8950368219152314,1
2,12304,2,0,0,1.4532697636797407,1,1.906999496348402,1
9,13320,2,1,0,-1.1393097201884483,2,0.3876128462226096,1
9,12447,2,1,0,-1.6673365603999422,3,-0.9346764111156975,1
6,10915,0,0,0,0.5042030750190525,3,3.2244544842191076,1
10,8823,1,0,0,3.336314460496922,1,3.365212270603414,1
13,12577,0,0,0,-0.1732578002606161,3,2.7170803385744042,1
6,9526,-1,1,1,-0.012916646663862719,2,1.3562831799734871,1
2,3181,0,1,0,1.320911039022028,3,-0.06567181141581102,1
11,10369,1,1,0,-1.092578644886149,1,2.0475719435679425,1
8,13861,2,1,0,-0.2875125066758274,3,-1.8614976541452863,1
8,13877,1,0,0,-0.7656404087862112,1,2.3489177941437798,1
9,1497,2,0,0,0.5665965657370895,2,2.4499749651152545,1
12,13625,2,0,0,0.371821570422986,1,-0.3882831078585442,1
11,6374,-1,0,0,-0.42557656856030845,2,0.724661152599378,1
9,3016,0,1,0,-0.6105871633591542,1,3.797243647432934,1
-1,6242,2,1,0,-0.8995839474518611,3,1.1738943670184807,1
9,6399,-1,0,0,0.16238458426139268,0,1.6141367956303228,1
9,13410,2,1,0,1.139716103751309,1,0.39079232938094655,1
5,11525,0,1,0,-0.7070216643616111,1,2.2931279573721715,1
7,8206,2,0,0,0.7446861032541888,0,1.6217402882792509,1
10,9609,2,0,1,-0.25783271713259304,2,-1.2659676815930947,1
10,8869,2,0,0,0.1261793101934673,1,-0.46086628546354,1
7,6915,2,0,0,0.2028585564335976,1,4.139939782496553,1
7,6827,0,0,0,-1.2699166342599808,2,-0.7122362819246436,1
12,9424,0,1,0,1.0613698488065524,1,-0.9193512259737078,1
14,10219,3,0,0,-1.0114710738438535,0,2.4040005628550682,1
8,12606,2,0,0,-0.10196754007292858,2,-0.45251846152102165,1
8,9099,3,0,0,-1.5045821054065267,0,-0.43513449341634075,1
1,9197,2,0,0,3.255077116255761,3,-0.10829522898614341,1
7,6428,3,1,0,-0.21988028399262177,1,-0.6974241281049851,1
6,9681,2,0,0,0.10976389547137744,3,-0.8540054622558941,1
9,7210,2,0,1,-0.9434417429142096,2,1.1904435209046413,1
7,10572,2,0,0,-1.3956073480271256,2,1.392554059683399,1
10,10838,1,0,0,-0.19098990183164155,1,2.7317176507327066,1
1,2381,2,1,0,1.0556780789323963,0,-0.3537863464278117,1
13,11036,-1,0,0,-0.43941423052608514,2,0.3155748253441192,1
10,7987,-1,1,1,1.3352537812376555,0,1.7784862556098542,1
6,13597,1,1,1,-1.0811871783705354,0,3.246634393688711,1
6,10048,0,0,1,-1.2766381455576221,1,-0.7077024229404287,1
0,7692,1,1,0,0.4449046890664222,2,-0.8605654368989233,1
13,8913,2,0,0,-0.5850143517074784,1,-0.9999129483591394,1
12,12488,1,1,1,1.4215993134792715,3,0.0775416880673842,1
14,3709,2,1,1,-0.3297724073999996,1,2.5120990032120556,1
12,8149,2,1,0,1.4919507066268438,2,-1.1217601749530044,1
8,7602,2,0,0,-0.5304734488853835,2,-0.38416245500836843,1
1,10705,1,0,0,1.3326694601439741,2,-0.461590882890831,1
8,11253,-1,1,0,1.2393218993839286,2,-1.1919972366156297,1
-2,8408,0,1,0,-1.1210160445419965,3,0.3785994400252604,1
11,8338,3,0,0,1.884082892367407,2,0.7844415476176734,1
11,7666,2,0,1,0.21032466981311948,2,0.2741400257338715,1
8,6444,0,1,0,0.3888494062530913,2,-0.5626835970814774,1
9,6462,-1,1,0,0.49156013664124093,2,-2.352605587165943,1
10,8682,1,1,1,-0.30573107652608117,1,-1.0246620707597391,1
6,10495,1,0,1,0.21523426935288714,1,-0.8192937365405983,1
9,12320,1,1,1,-0.7436673117212736,1,-0.584870581394638,1
8,7474,0,1,0,1.0582807025447918,1,1.964037483805231,1
9,11693,2,1,0,-1.0441485514336535,1,0.09119029569192527,1
4,11168,0,0,1,-0.27708380060953103,1,0.9843661365754077,1
4,12494,2,1,0,-0.7727100551970312,0,-0.18507561104359985,1
4,5713,2,1,1,-0.7169631193431898,1,1.158542987268101,1
7,5299,2,1,0,-1.0458260504935644,0,-0.672154297556431,1
4,8561,2,0,0,-1.3449934977575575,1,-1.2516549317524557,1
11,13044,1,1,0,-1.0758850190965779,1,0.8909061198467849,1
12,7368,2,0,0,0.2795784357301714,1,2.75358021776193,1
4,12125,-1,1,0,-0.09295425243218636,0,-0.06778452884155817,1
11,6203,0,1,0,0.32718199307181806,1,4.219583977494295,1
6,7301,0,2,0,1.5878199265438262,2,-0.7522459727916193,1
7,11566,2,0,1,-0.4612979208946174,1,1.1380474051105545,1
12,12455,0,1,1,-0.6993608796870175,0,0.22747128908220765,1
8,7111,2,0,0,0.18312470120459334,0,2.100206956078572,1
6,13651,0,0,0,0.33779736529837256,2,-0.7484660876054385,1
11,11517,2,1,0,2.747750158767964,0,-0.20928720134836493,1
12,10091,-1,0,0,-0.7934799164377007,0,0.6091102292359121,1
1,5034,2,1,0,-0.06398572137772784,3,0.548392041931175,1
2,12008,0,1,0,-0.9719817972476302,1,0.9559615855452728,1
0,6809,0,0,0,-1.7872863594408668,1,-1.1456437933309607,1
6,7321,3,0,0,0.1835210604408436,2,0.7152025731147449,1
11,12036,2,1,0,-0.1658045458340497,1,0.10942093730644636,1
6,10284,2,1,0,-0.38990882083741396,0,1.9460114087048008,1
8,4018,3,0,0,-0.44243540919872293,2,-0.6755532128113795,1
10,13464,-1,0,1,0.16866826283344194,1,1.8986500731040228,1
5,11424,2,1,0,0.07286858407523455,1,-0.5301060447128675,1
10,8084,0,0,0,-0.5681961251397143,2,2.659793952469402,1
11,8897,-1,0,0,-0.713893496665242,0,0.4909850661189712,1
5,8768,0,1,0,-1.1803795269389123,2,0.9048680808987574,1
4,7195,0,1,0,2.4402333925692354,1,-0.9081193836706069,1
0,7492,0,0,1,-0.5257540246721392,2,0.6756187039124331,1
13,6845,-1,0,0,0.1447087618173769,2,-0.32653882847771226,1
9,6731,3,0,1,-0.7218038074403226,0,1.7088347201387917,1
3,11705,-1,0,0,-0.6630247379774448,2,2.569131631114559,1
3,11195,2,0,0,-2.8795081337269823,2,3.003154453002337,1
10,10436,2,1,1,1.5499635038001234,1,0.8614435451962019,1
12,8512,1,0,0,-1.306191376954825,1,-1.0527498225090937,1
7,12995,-1,1,0,-1.2308154051244462,0,0.8812893487300963,1
9,8758,2,0,1,2.1830598641454912,1,-1.2828949403293606,1
3,9465,2,0,0,-2.557015547761236,1,-0.27585541884512277,1
10,7355,1,0,0,-1.636991412628562,3,-0.8742608333501479,1
13,9793,2,1,0,-1.0332234606127146,3,-0.02034318319610784,1
7,8365,1,0,0,1.749657120394369,1,-1.2647923649382096,1
12,13017,1,1,0,-0.417359344852421,0,-0.9880437343836295,1
5,9626,3,1,1,-0.7505959393716505,-1,1.2589268886321294,1
8,6421,-1,0,0,0.5556128467587236,0,0.27540292757322676,1
4,10507,2,1,0,-1.254903551743211,1,-0.3006721428909922,1
3,7743,1,1,0,0.2519145808296025,1,0.58076863368437,1
7,12297,3,1,0,2.0106653468009195,2,1.577672374770668,1
12,3926,2,0,0,-1.6573270094550532,2,2.0537277667574254,1
5,7072,1,0,1,0.8870509912888446,2,1.4427219583589619,1
8,7771,2,0,1,3.153257220097882,1,-1.3175372359327444,1
3,7878,2,1,0,-1.3049118677429175,2,-0.031339556434588633,1
5,12303,-1,0,0,-0.48007472095971354,3,2.9231485894283225,1
8,10282,1,1,0,1.8158094551717845,3,2.009870560786769,1
3,11689,3,1,0,2.066229231537215,3,-0.2574329817248277,1
14,6784,-2,1,0,-1.6484783873165907,2,-0.04093513737667814,1
11,8537,2,1,0,-1.5768851024705968,2,-0.5463307994363282,1
11,3324,1,1,1,0.5483436772894931,1,-1.4205867945906656,1
5,9651,2,0,0,0.1556716087807935,3,1.8125739665331106,1
9,7899,1,1,0,0.19070803504492914,3,-0.6825427353684634,1
11,12142,1,1,0,-1.5370707213042185,1,-0.5451778673134351,1
-1,6855,1,1,0,-1.470486251234515,2,-1.3831026802957394,1
2,10161,1,0,1,-0.17723316728891925,0,2.2088437813297355,1
0,5629,2,0,0,-0.6590878237637878,2,-0.3586560620030804,1
9,7623,2,0,0,-1.4269836405848277,2,1.180363449152018,1
9,7701,3,1,0,-1.3687295874257992,3,0.610923795653501,1
4,10327,2,0,0,0.7389408908430725,0,-0.7638984598578554,1
10,5078,2,0,0,-1.3774855120051845,0,-0.8761469627877942,1
1,13151,1,0,0,-0.523877038915575,3,0.9996946702388443,1
10,6409,2,0,0,1.3703424488579725,3,0.7045777903740393,1
7,8457,2,0,0,-1.5855367146434136,2,-0.1876522906500073,1
5,7439,2,0,0,2.005758799952285,2,-0.48033593483029136,1
10,13143,1,1,0,-0.2189875714807082,0,3.378583875127392,1
6,8143,0,0,0,1.525350175640851,1,0.1405506455660141,1
5,8038,2,1,1,-1.42389083147788,3,0.9634150006043867,1
1,6686,2,0,0,0.3613447344535974,0,-0.8513124040321818,1
6,9836,2,0,0,-0.57449503771666,3,1.187572203021188,1
9,9469,-1,1,0,-2.549272035068763,2,-0.48813576332041014,1
11,13106,0,1,1,1.7555138991789176,1,1.837654846759606,1
4,12188,2,1,0,-1.711528018318203,2,-1.3009795230143748,1
10,9026,-1,1,0,-0.8849332312793554,0,0.1533343568369398,1
7,13006,3,1,0,-1.3776395849950471,1,-0.669921599196942,1
8,6460,3,1,0,-1.417852460114219,0,0.3803530955699902,1
8,6519,3,1,0,-1.2973135624535717,1,0.904229497313813,1
2,6993,3,1,0,-0.2833953587652573,1,-0.48714793531675576,1
9,-404,2,1,0,0.43867334276667314,0,-0.2837179114189408,1
-1,10465,1,0,0,-1.4610765489519921,1,3.060608885507586,1
11,7442,3,0,1,0.11130185641844248,2,-0.18888631626414024,1
7,4488,-1,0,0,1.3720999267532703,2,1.704143220752882,1
2,10439,1,0,1,-0.5143864190924227,1,-1.0253497230345048,1
11,8391,1,0,0,-1.5033267035630886,2,0.7795285533211327,1
1,11301,-1,0,0,-0.18535359809474278,1,3.783884827723625,1
4,13340,3,1,1,-0.04616644791041331,2,2.266285763115488,1
8,7068,0,1,0,-0.33446526216481254,1,0.05648777802964822,1
7,8548,0,0,0,-0.04980608744371148,2,-1.367032185971918,1
12,12899,1,1,2,2.2914776070645204,3,2.5057233711272664,1
7,11610,2,1,0,0.6654385443196469,1,0.19111171944931202,1
2,8525,0,0,0,-0.1544966033901421,2,0.287609634763633,1
11,11802,2,1,0,-0.8803920041081453,2,1.2240458550332354,1
12,13609,1,0,0,1.2164200381225365,2,1.0411103119842477,1
9,11498,2,1,1,-0.7026493551563653,2,1.5194113902850286,1
11,5008,2,1,1,-1.4895790790263792,1,0.24041178503510702,1
8,8356,2,0,0,0.6340430271914222,2,-1.6325923289070183,1
12,8749,2,1,1,0.3341383879010963,1,-0.20954089591973382,1
7,10268,1,0,0,-1.4301259488098659,2,2.068047995025558,1
5,8806,2,1,1,1.8888603539909772,3,-0.3635449505696741,1
8,11785,2,0,0,1.1105737140072616,2,0.26126075551060934,1
6,5094,2,0,0,-1.6639044478645695,2,-0.20180016368759657,1
3,5151,2,1,0,0.1276304718852126,0,-0.7566626775740182,1
9,10963,1,0,0,-0.4351987097773902,1,0.31495529043192344,1
11,10800,2,0,0,-1.7755402876082578,2,-0.03150117334952984,1
9,8146,2,0,0,-0.2778110989672812,1,3.4304618175404,1
8,10807,1,1,0,-1.3309202648621694,3,-0.3109957843909068,1
9,12200,-1,0,0,-0.07985777137171723,1,1.4130756031991432,1
11,5920,3,1,1,-1.0185958040671008,0,-2.442824967032397,1
6,9470,0,0,1,0.6947027764010089,1,2.6276496067553623,1
11,5233,-1,0,0,-1.1221314420377415,1,-1.2609478199873057,1
10,8851,2,1,0,0.5427960625263378,1,1.764397772531981,1
10,8814,0,0,0,-1.3054257384478742,0,2.243291698637825,1
4,4961,1,1,0,-0.9225072593196987,1,-0.9615834173764188,1
6,9907,2,0,0,-0.8978463120489296,2,-0.9675404507966741,1
8,12327,-1,1,0,-1.2773035179134244,0,0.9379830167462803,1
4,9484,2,0,0,-1.109844823049717,1,-1.148059797657563,1
9,7952,2,0,0,0.9992767982832762,1,0.6342389142671734,1
11,2161,2,0,0,-0.7077987744634604,3,1.6797068387038057,1
1,10406,0,0,1,-0.005043071225593443,2,-0.9071996875304917,1
10,6018,1,1,0,1.575013233091651,0,1.9709403602329783,1
6,866,2,0,0,-1.0202449062645282,0,3.5753877873680633,1
5,9876,0,1,0,-0.45623381592276757,3,1.3700985356260214,1
8,5229,3,0,0,1.5316780025654453,0,-0.4557478775994276,1
11,6359,0,1,1,1.0776558333497883,1,2.2136826800913783,1
6,11802,3,1,0,1.3212650421688044,1,-0.6500181245419941,1
10,6844,3,0,1,-0.8108540471798731,0,-0.6308268025715862,1
10,10766,2,0,0,-0.8056972323765722,2,0.09391701153151939,1
9,8398,2,0,0,0.114993500433823,2,0.16644871600043637,1
4,7718,0,1,1,0.962465879130749,2,0.3616821414562818,1
6,8079,2,0,0,-1.1439559158297374,0,0.34698737897040544,1
11,11093,-1,0,0,1.4777188425141643,2,3.0903739932783303,1
11,11180,0,1,1,-0.5958246440755487,2,2.2960846875051195,1
11,9543,2,1,1,-0.7901425764495498,1,-0.10887140464902814,1
5,9458,2,1,1,1.863101976660259,2,2.666349815492392,1
8,4854,1,1,0,-0.7487074899482277,1,-1.2377121013261545,1
9,4787,2,1,0,-2.347221701003214,1,0.10414292173013834,1
-2,7781,1,0,1,1.690101893725828,1,-0.5106598001454659,1
13,12695,3,0,0,0.6524895910305397,1,2.4857188018070357,1
8,3946,1,0,0,-0.8899895140879386,2,2.456332302694577,1
3,10409,1,1,0,-1.8692197691176877,1,3.67095184530036,1
0,9737,-2,0,1,-1.1408386697897535,0,-2.2728571459252964,1
10,11887,1,0,0,1.586685960812499,0,-0.2933708397541327,1
5,12725,0,1,0,0.08676686572832593,3,2.0848604373064967,1
6,10616,3,0,0,-1.1761030399169417,0,0.8971510224135169,1
12,8550,0,0,1,-0.6287796067960695,1,1.138789512026669,1
8,11258,2,1,0,0.9108108291097536,1,-0.05759952407156538,1
12,5725,2,1,1,-1.0000370217774066,2,0.32096082143366217,1
13,8851,1,1,0,-0.7039337019799753,1,-0.8949229228924265,1
7,10519,1,2,0,-1.0631265133094516,0,0.19158902464997424,1
11,10798,3,0,0,-1.5297942467362837,3,0.8538501327567899,1
11,10212,1,1,0,-0.7256988511314346,1,-1.2785482703929556,1
3,6558,0,0,0,-1.7514239981552904,2,-1.6114231936926104,1
4,12377,3,1,0,3.369974087080476,1,-0.040430178283332396,1
6,7721,2,0,1,-0.4650195837316925,1,0.12854992419824746,1
5,5679,1,0,0,-1.212225933169154,1,2.3474327328245392,1
11,13197,-1,0,0,-0.9999588129584421,1,-0.15169464298344243,1
7,5821,1,0,0,-0.46598362377054314,3,-2.04588090615274,1
9,8532,3,1,0,-1.5212092212282022,2,2.3982104041202903,1
6,7277,1,1,0,0.9332861653678263,2,0.6095039182445758,1
4,7837,0,0,0,0.9065609549639295,2,0.21082751538366207,1
9,2683,-1,1,1,-2.01478838419731,1,0.1628286145476347,1
12,8969,0,0,1,-0.5302202040164637,1,0.8878149298338989,1
3,11572,2,0,0,0.2597553936477357,0,0.5052147551129268,1
11,10322,-1,0,0,-0.890710894758291,3,2.58120176125744,1
3,8010,2,1,0,1.7401649681608273,3,-0.8973317222780697,1
-1,5134,2,0,1,-0.5467411101599272,3,0.2164592875979255,1
10,11918,2,1,0,-0.11771498108481826,2,1.0292398605984545,1
2,8670,0,1,0,-0.8369271629037213,1,0.7189830254457276,1
5,1865,2,0,0,0.35608173140281196,1,-0.5245983198002244,1
11,12386,-1,0,0,-0.699645058288213,2,0.5331415147558738,1
5,9904,1,1,0,1.1868986341880112,2,-1.5176576173230891,1
9,12702,2,1,1,-0.36461030354658935,1,0.43726176540894957,1
9,12924,1,0,0,-1.593434212921721,1,1.803861490963556,1
0,11040,-1,0,1,-0.4458630603004257,1,2.3943037866837207,1
12,9267,-1,0,0,0.8015895265762751,2,1.5877082599932324,1
6,8557,2,1,0,-1.045886908356648,3,-0.03540206138291069,1
9,6449,1,1,1,-0.21897793217876432,3,0.38392359236232354,1
9,6114,-1,1,1,0.01926430899713283,2,-0.03272094999347802,1
1,4359,0,1,0,-1.0318449985368086,2,2.3395579068671246,1
4,11658,1,1,1,-1.629342736797787,0,-0.11735368823910114,1
7,7438,2,0,0,-0.8181809350570877,2,0.6063070963527917,1
4,6650,3,1,0,-1.1488017548913296,1,0.32963242683752775,1
7,13460,2,1,0,-0.6652614468109384,1,1.7022250015538167,1
10,5602,-1,0,0,-0.2982148794938285,0,2.8885853678810647,1
11,6399,-1,0,0,-0.6142139767677097,1,4.128632089128716,1
8,10874,-1,1,0,1.925959077096866,3,-1.4201727345870718,1
10,12663,3,1,0,-0.6149887487260367,0,-0.28022963674803164,1
4,8657,2,0,0,-1.1133954208424974,0,0.3609894917428872,1
5,10830,2,1,0,0.45301075301028537,2,-0.14799719357552416,1
8,9671,2,0,0,-0.2066539141845588,1,0.827118647280467,1
11,6778,0,0,0,-0.5553057797370351,2,0.5575798498204556,1
3,8253,-1,0,0,0.6164101888566218,2,0.6331585948461257,1
12,9568,-1,1,0,0.038316317896906704,2,3.8747510137665113,1
7,5323,2,0,0,-0.09983763483898078,1,-1.0142343668962936,1
4,9960,-1,1,0,-1.956693398707055,1,-0.3482928861595942,1
5,5433,2,0,0,-0.9585096082986723,2,2.0033290666769443,1
7,4399,-1,0,1,-0.6532842624413963,2,-1.0967304347096218,1
5,10432,1,1,0,-0.008179893688635809,2,-1.061911625748828,1
11,11197,1,0,0,-0.7980395376701443,2,-0.9687061161176334,1
0,7996,2,1,1,2.4422368301501285,2,0.6079493998607218,1
11,9047,1,0,0,0.2284081753088697,0,-0.4871358574259575,1
9,6034,-1,1,0,0.7587709203252255,1,1.6041182986220086,1
7,5858,0,1,0,-0.3162561521621112,3,-1.369078399925734,1
6,6501,3,0,0,-1.485817122065758,0,-1.4315275671101617,1
4,7877,2,1,0,-1.0820153246683524,0,-0.7054520541618341,1
9,11624,2,1,0,1.3974838551547784,1,2.434294749943352,1
8,8348,3,0,0,-0.84049562177752,0,-0.15068345806887634,1
12,12434,1,0,0,1.8522824638883668,0,0.5534963323080071,1
12,9322,1,0,0,-0.9591925389150585,1,-0.27804186845070594,1
9,8149,1,0,0,0.9333012584724248,2,-0.18020938543288356,1
9,10551,0,0,1,1.1084805864892808,2,-0.5183615063418792,1
11,10158,2,0,0,-0.914640866613462,3,1.9830978593513242,1
4,6427,1,0,0,-0.8968372481367097,2,2.551221039297146,1
13,11666,0,1,0,0.05869935464312881,2,-0.9622467338752905,1
10,10618,0,1,0,0.45997279672610325,3,-0.8245327679202769,1
6,7192,-1,1,1,-1.0643376785726175,2,1.5652850171488621,1
5,11049,0,1,0,-0.7845985449626058,0,-0.5528661208690213,1
12,7469,-1,0,1,-0.17737697084623283,1,1.6511331608705546,1
6,8729,2,1,0,-0.9867693300564515,1,-0.6298123637778286,1
5,8700,2,1,0,-1.5108636998051828,2,-0.2612280795171083,1
14,8214,-1,0,1,-0.521616085032654,1,1.7436592910099231,1
13,9204,0,0,1,-0.6692178982938075,0,-1.0157395683440318,1
1,11369,3,1,0,-1.9771386186517175,1,-0.3364318279338039,1
8,8274,1,1,1,-1.1894481063627402,2,0.2456075232425971,1
10,7720,2,1,0,-1.0243055533909775,0,2.1569514476923732,1
5,8498,2,1,0,-0.29694159628329947,2,1.1895570822652362,1
5,13164,1,0,0,-1.5403482900188583,2,0.5886854752651668,1
11,8724,2,0,1,-1.2186828065501845,3,2.6705209470187232,1
10,9013,0,0,0,-0.20812563838484588,0,-1.2859482720611257,1
4,3770,2,1,1,0.5333260482483441,2,2.499979763793395,1
10,11308,1,0,0,0.19217476876247908,2,0.9085242228942876,1
4,9238,0,1,0,0.8782039976772759,2,0.16021277854122964,1
3,8782,2,0,1,-1.8516892023288674,2,0.015979345773825093,1
6,11000,-1,0,0,0.8344326309945072,2,-0.9922072100338375,1
11,11833,0,1,0,-0.18948664419444078,1,-0.3289627391356079,1
11,13041,0,1,1,-0.46914971143054035,1,-0.21620740035610433,1
12,12286,1,0,0,-0.26029422079666986,3,2.2800190231956763,1
11,12412,2,0,0,0.49231966364870045,1,0.6476370951097971,1
10,6014,2,0,0,0.6533406377086226,1,-0.3915512593120329,1
5,12021,2,0,0,-0.14289502614431898,1,1.3313394430768506,1
8,10978,2,0,1,-1.9141380169025135,1,0.06949760414162609,1
5,10384,2,1,0,-1.477394271908616,2,0.836028078123024,1
7,6462,2,0,0,-2.767961798817022,2,0.9747807514113433,1
7,7141,0,0,0,-0.5233826873817738,0,4.123334062255314,1
5,8864,0,0,0,-0.053349141554350776,2,-1.1445739954793301,1
8,8130,1,1,0,-1.2280347530874758,0,-0.48196100781526485,1
4,7736,-1,0,0,0.37517579446339444,2,0.856516722331397,1
6,11097,1,0,0,-0.6454979436992132,0,-1.3045469389282303,1
3,4216,-1,0,0,1.4010584635039276,1,1.41641217467272,1
5,13522,2,0,0,-0.5458842511170968,2,-0.08522320117183207,1
12,11035,3,0,0,-0.9320159561011067,1,1.0327716099933015,1
10,7936,2,0,0,-2.0262675875473124,1,-0.14720238646320577,1
8,-156,1,0,0,-1.4353673322679392,1,-1.6846321429950502,1
11,12240,1,0,0,-0.40518482592324795,3,1.5707002154541052,1
5,6709,2,1,0,-1.0659231092728807,3,-0.46280798863978223,1
4,12199,1,1,0,-0.9922312307348596,2,1.8411749250185867,1
7,7409,1,0,0,-1.1675458407988404,1,1.0159285127305513,1
2,12667,2,1,0,-0.7095187255301755,2,-0.0026372745908216366,1
10,7410,1,1,0,0.8302841045118986,2,1.3187429016248624,1
11,11453,-1,1,0,-1.6542341622491183,0,-0.03102837822391491,1
9,13566,2,0,0,-0.41015723234097995,2,0.3146660092451828,1
14,7468,1,0,0,1.0249843022938248,2,-1.5621579049326193,1
9,9656,2,1,1,-1.2550006221190027,1,0.8889513114575207,1
12,11847,2,0,0,-1.2196404842243935,0,-0.5267288189413223,1
6,7945,2,1,0,-0.9678180456000873,1,0.6834588755574544,1
10,7994,1,0,0,-1.4768408196640324,1,-1.3142139856287922,1
10,13036,1,0,0,-0.887602275831116,1,-0.15816627813984363,1
9,5800,3,1,0,-0.7078851534748711,2,-1.0455301810510034,1
3,7981,2,1,0,-0.7962381032674798,1,2.356347087372961,1
11,4768,0,0,0,-0.4007824353952178,1,0.1040975466095961,1
12,8440,-1,0,0,-0.23005475461451755,3,4.837221996590656,1
9,11236,2,1,0,2.7056742627299797,2,-0.6995515792077887,1
9,4147,-1,0,1,-1.2606592049860743,1,-0.07300336173335448,1
4,9487,1,0,0,0.8198773345752299,3,-1.19561738977161,1
10,10268,0,0,0,1.2909838724723153,2,-1.9055748380303543,1
10,11939,3,0,1,1.2523835743142442,2,1.5010045450480503,1
12,12447,2,1,0,0.1474704495956242,2,2.5654029832645313,1
3,7318,2,0,1,-1.118207881416235,3,2.9402475157940353,1
11,12770,1,0,1,-1.7788252477263096,0,-1.0893753943428703,1
12,11332,1,0,0,-1.3356208257349387,2,2.5342146189204136,1
-1,9683,-1,0,0,-0.7602223655808906,2,-1.1290125279077416,1
11,5556,3,0,1,0.32265803924745573,1,-0.9069458219954298,1
9,7797,-1,0,0,-0.5872426042158162,3,1.0374229860949324,1
10,12111,2,0,0,2.4673380190921885,0,0.9438364054205155,1
8,12507,3,1,0,-0.2279482144634125,3,0.10731672134566367,1
8,4785,0,0,0,0.7450741698004633,2,0.36307905793444856,1
12,7261,1,0,1,0.22081393478836484,0,0.0572794162656437,1
11,10975,2,0,0,-1.2873491815646667,1,1.591556785016051,1
6,12916,0,1,0,2.000358363794764,0,0.31221933434176674,1
3,6560,1,1,0,-1.293319035728024,3,1.837457182349604,1
11,11419,3,1,0,-0.7118428976322325,0,0.8474454650719201,1
8,7628,2,0,0,-0.19155070531446894,3,2.0151170827127576,1
6,9443,1,0,0,-1.0355713963553115,1,0.6032919414316489,1
10,5186,2,1,0,-0.30545720311612135,2,0.4027455297082135,1
9,8442,3,0,0,-1.2827981284387806,3,0.014122558966575063,1
6,8955,2,1,1,-0.28319733705559164,0,0.5466491424778026,1
10,9119,0,1,0,-0.4530998964956374,1,0.006168086935962658,1
6,9040,2,0,1,-0.9922370547450343,3,1.0198446996624508,1
5,7306,1,0,0,-0.8589229444379254,1,1.379627342596622,1
8,8437,2,0,0,-0.9676173397023151,1,-0.05541719768959891,1
5,4544,1,1,0,-1.1336403517240663,2,-0.7742519179568977,1
5,11996,1,1,0,1.7789293484673117,1,1.7904868188351555,1
6,6791,2,1,0,0.001170681576181165,0,-0.9759509551488428,1
8,7510,2,0,0,1.9768363100361481,0,-0.9635406425200956,1
9,12249,1,1,1,0.047107234436398526,3,-1.2320317668080192,1
9,11051,2,0,0,0.7899464740114215,1,-0.4578646412753556,1
6,11306,-1,1,0,-0.1372066656498908,3,-0.13981278722317103,1
6,13353,1,0,0,-0.12408271426825573,1,-1.6192775170680866,1
9,9655,0,0,0,-0.4916488611266933,1,0.5473560547958587,1
5,2835,1,0,0,-1.737784955770008,1,-0.7782894348386284,1
8,5295,1,0,0,-0.4933683132074795,2,1.6180124461265466,1
2,11441,2,1,0,-0.33123522055552856,1,-1.1734674895632673,1
8,5288,-1,1,0,-0.45665274624764807,3,0.8690137741517487,1
12,11029,3,1,0,-1.3491636918949736,2,1.676153885471431,1
6,7372,2,0,0,-0.5907996368939483,0,0.25838967850245265,1
8,9240,3,1,1,0.6888166155164734,1,0.4642507423302809,1
12,7050,2,0,0,-0.07714305675677202,0,-1.0281567498238062,1
12,8997,0,1,0,1.0473620713023746,1,0.8380366846974532,1
7,7034,2,2,0,-0.8018972860637489,1,-0.21729579104204583,1
3,11638,3,0,0,0.6425528815245094,0,0.46643552147475414,1
5,8758,3,0,0,-0.19568468631045882,1,-1.511777217501486,1
9,7915,-1,0,0,0.5579225619312644,2,3.3229166226404887,1
7,8341,-1,1,0,0.4953320090981065,1,-1.1760481062384625,1
7,8609,0,1,0,-0.15267037250645377,2,0.8575461349448998,1
7,6028,2,0,0,0.23178338447180938,2,-1.4278861898073933,1
6,9150,2,1,1,-0.09371360935158768,1,-1.2116812054260273,1
8,2087,-1,0,0,-0.4890712345204286,1,2.240207067634158,1
10,9241,0,1,0,1.5399843655101413,1,0.7945393118296873,1
9,8469,-1,0,0,0.7002234320346766,0,0.43990904265024494,1
6,12475,3,1,0,-0.14464612553997658,0,4.016051942451806,1
9,12589,2,1,1,0.017033223267442853,0,0.14347275410833943,1
7,9465,2,0,0,-1.0759638098733488,1,-0.3073721768386548,1
11,8040,2,0,0,0.1027477395470365,2,0.05317144655922679,1
3,3908,2,0,0,-1.6130743766453848,0,1.3863713477917976,1
12,11124,-1,1,1,2.501170776872873,2,2.2954038294517654,1
6,10464,-1,0,0,-0.22048559948641328,2,-0.3177273521742411,1
-3,6389,0,0,0,2.2174301136149976,3,-1.2488967914268063,1
3,11442,0,0,1,-1.2562456611310817,1,0.8114250659312165,1
4,11480,2,1,0,-0.4489221925836806,0,-0.6809537328134809,1
8,13476,2,2,0,-0.7116071862668706,3,-0.2435908384814043,1
13,3049,1,0,0,-0.16361718361237731,2,0.6950982057595263,1
10,10565,2,1,0,2.303232321347233,2,0.09225835193630871,1
11,11338,2,1,0,1.3640240868725417,2,0.7224861377264925,1
5,12730,2,1,0,1.3284278003266348,3,2.4251650975958303,1
9,6283,1,1,0,-0.5780307336696784,0,-0.2975729584061754,1
9,11655,2,1,0,-0.05358173530504007,1,3.100323698727935,1
7,8236,3,1,1,-0.15751641432399055,0,0.3647006247234315,1
9,12119,2,1,0,-1.2687624190347861,2,-2.6451423517108434,1
7,8263,1,0,0,-1.41869175673969,3,0.26345471929429165,1
-3,9711,-1,0,0,-1.3436790216383558,0,-1.3587891571744555,1
12,9778,2,1,1,-1.2540581068062298,3,-0.10179081259807765,1
11,8383,2,0,0,-0.7732747619779385,2,1.2008918112543694,1
10,6283,0,0,0,-0.17419474402653784,2,0.8972320237388338,1
8,8424,1,0,0,0.6275779213254885,1,-0.6158195522210328,1
5,8349,0,1,1,-0.18732921210639392,1,-0.29699433091230787,1
10,11984,1,1,0,-1.694210242886145,2,0.4930427499226177,1
4,3815,3,1,0,0.15844425672500267,1,0.6223996963534861,1
3,11755,2,0,0,0.10759599041202939,3,2.4867880516770833,1
4,7567,3,0,1,-0.5294001142421919,2,2.834635755745099,1
9,9160,1,1,0,1.583901797474272,3,1.4622663193336138,1
12,6679,2,1,0,-0.9994747115835196,2,1.9761893155323,1
3,12630,2,0,0,-0.10424830312152233,1,1.4908050585078778,1
5,7727,2,1,0,-0.6736317041843608,3,-1.1778979822333244,1
13,10817,1,1,0,3.4970253476523125,2,-0.7803638799516894,1
2,3579,2,1,0,0.33596406073581786,0,-0.0054106648549168135,1
9,5300,1,1,0,-1.1656244934519164,1,1.6821655583689812,1
12,8293,2,1,0,2.254232158646205,3,2.727890080533936,1
1,4785,2,0,0,0.43613975027560387,3,0.4230903253474101,1
-1,5718,1,0,0,-0.5988433561734817,1,-1.52588803838986,1
1,9898,1,1,0,-0.23063280303640832,2,-1.606533452188933,1
8,10272,1,1,0,1.1156128581495612,1,0.9638624922234516,1
11,8779,2,0,0,-1.3273834457636287,1,-0.38960297044342246,1
7,8952,1,0,0,-0.6754628633450767,3,-0.7780449406903727,1
8,8075,2,1,0,-0.6779606148960776,3,2.4317792141825336,1
6,8408,2,1,0,-0.6315012667522422,1,1.5530658861441133,1
10,9566,1,0,0,-0.3902256420642384,1,-0.5435336357319585,1
3,4078,3,0,0,-0.5230165070900424,3,-0.12967544841048362,1
3,12714,0,0,0,0.18443180408479465,1,-1.0676368738196265,1
13,4619,2,1,0,-1.4517299710349372,1,-0.02074367601718563,1
5,9945,-1,1,0,-0.30742356860833986,1,3.9346454785233442,1
0,11565,-1,1,0,-0.6924801130489855,1,-0.6706648941778095,1
11,5702,1,0,1,-0.9420082772213112,3,2.475043133228426,1
4,12224,0,1,1,0.030701379864960354,2,0.11925212036964758,1
8,10489,2,1,0,0.3447108385177664,3,0.2546408542941322,1
3,9063,2,1,1,0.2370446572532804,1,1.8439855388764457,1
8,8820,0,0,0,-2.1597979114202834,1,-1.4607721257764792,1
6,10513,-1,1,0,-0.9300694189446195,2,1.7849706094945215,1
10,8164,-1,0,0,-1.6828230508109412,0,2.0489313215401124,1
9,10352,1,1,0,0.06344736225700032,3,2.5340908399390294,1
9,11300,-1,1,1,1.162610995886297,0,-1.0708801108039496,1
5,8860,1,1,1,-0.29553696762490295,2,1.0108530446469013,1
0,5731,1,1,0,-0.85808772326129,2,-0.2645744775955112,1
10,9040,2,1,0,0.8790194716454006,0,-0.36156981401917204,1
9,7907,0,0,0,-0.4939020732700177,2,0.15044104999792857,1
3,11104,0,0,0,-0.38613100203237105,1,-1.9270105835482474,1
12,6237,0,0,0,0.41292153200813175,1,1.8261388060320711,1
5,8695,-1,0,0,-0.42578837381987794,2,0.09117059423098867,1
10,5422,-1,0,0,-0.1788436825008537,0,3.3699777017054213,1
10,10608,2,0,1,0.590572781567555,3,-0.18763572635467612,1
1,8648,1,0,0,-0.266766199684746,3,1.073057397153942,1
2,8130,1,1,0,-0.49543715652848896,0,1.5643657671001865,1
2,8197,0,1,0,-0.5246443269021467,3,1.2110160125442395,1
11,13152,1,0,0,0.47468608745505103,2,0.8817476691119699,1
5,7675,1,0,0,0.49748037923127175,1,-0.2879612008110213,1
-2,11317,0,1,0,-1.1592195680927135,1,-2.3187690797984026,1
8,9946,2,1,0,-0.38272231954436425,1,-2.5610745460286015,1
7,7850,-1,0,0,0.21289421382136153,1,2.316704941962355,1
9,7404,2,0,0,0.04161088029014859,1,0.21900939177055628,1
10,10739,1,1,1,0.027255709260621597,1,2.7514398082207725,1
8,8149,0,0,0,-1.0454381500344017,1,-0.2983247151782923,1
7,12055,3,0,0,-0.6058961991609034,0,1.7462807729965757,1
9,11830,2,1,0,1.5662860797527023,1,-0.5129603502110851,1
6,12987,2,0,0,-1.0971925358398427,1,-2.3354002974999166,1
9,11235,2,0,0,2.993201353239945,0,3.0327890413843677,1
6,7706,2,1,0,-1.588325963895631,0,0.2664054164155514,1
3,6218,1,0,0,-0.33466589021440074,3,-0.510110414340363,1
13,7179,2,0,0,-1.0532474793210014,3,3.2115260206155427,1
7,7250,2,1,0,-0.39311370592568007,3,0.07540227040822711,1
7,1088,2,0,1,0.6990960622966911,2,-0.275646440981165,1
2,10415,-1,0,0,1.0423002051642496,2,-0.4090055290177809,1
4,10489,-1,0,0,-1.23372668272884,2,1.5610647148877241,1
10,4355,1,1,1,1.2007786756475811,2,2.219884938086743,1
8,8968,0,1,1,2.3924606297531494,3,0.0535910448640691,1
8,-172,2,0,1,-1.0994984131778254,2,2.185013940161955,1
7,7834,-1,0,0,-0.9696509197864667,1,-0.5215583330506115,1
13,4229,2,0,1,-0.4304181370565696,0,0.16467152264400647,1
0,5633,1,0,0,-1.0645308293418392,1,0.20317963161693628,1
8,11941,1,1,1,1.3278547665910463,3,2.103998567682389,1
13,7878,1,1,1,-0.8754728808450796,2,1.3238366814292275,1
0,11067,0,1,0,0.6974894200507817,1,-0.21042124594096945,1
-2,12791,1,0,0,0.7216597835027316,3,1.1700161022326847,1
7,3064,1,0,0,-1.2635019653901645,2,0.6444928458397172,1
10,12210,1,0,1,0.5663002093916245,0,0.8861927032776092,1
12,13251,-1,1,0,-0.9136600184108589,0,2.2572612965995376,1
7,9124,0,0,0,0.7068803838022777,0,2.585774203014917,1
8,8988,2,0,0,-0.12147876376356304,1,0.6379398248365094,1
7,5196,0,1,0,-0.5425128460867324,0,0.28706331229709936,1
4,4660,1,1,0,-0.004345377991169852,1,-1.5870266766710504,1
10,8701,-1,1,0,-0.7366446069739709,1,-1.0759449024719017,1
10,7322,1,0,0,-0.8926734604794611,3,0.3544838852735316,1
10,7312,2,1,0,-1.365081010127488,1,0.8910945021378789,1
1,8149,2,0,0,-1.4357037417540577,1,-0.5560670508413845,1
11,6046,2,0,0,0.8756758822416149,3,4.595831020179309,1
-2,3626,1,1,0,-1.5223463489067521,1,-1.2283658602159726,1
10,10108,0,1,1,-0.18666962757481698,1,-0.049275609773495876,1
2,12171,2,0,1,-0.9667661111841674,2,4.275193564841554,1
6,3939,2,0,0,-1.709239595932389,2,-1.1101006943658664,1
6,6700,2,1,0,1.1031886918974128,1,-0.23596531763762854,1
12,5049,2,1,0,-1.2699607482447717,3,-0.6617465511199071,1
5,8074,-1,0,0,0.5469202025884735,3,2.0368238815927953,1
11,13415,2,0,0,0.5334773968340866,1,0.3670558720388463,1
5,12669,0,1,1,0.023430712062805115,3,3.034842827137215,1
9,4393,-1,1,0,0.2442953080424436,1,-1.1132935369654096,1
15,7409,2,0,0,-0.29085694786169325,2,0.5303726955728837,1
5,11946,1,0,0,-1.1745210826148218,2,-0.8869682928147886,1
3,8081,0,0,0,-1.5084461376493596,3,1.1661251958939214,1
13,8219,2,0,0,1.6643113172948993,1,2.3638154837916936,1
3,7838,1,1,0,0.9900190808992253,2,2.3149087013621097,1
9,8267,1,1,0,-0.7147428050536115,0,-0.5664826169936044,1
7,8322,-1,1,0,-1.995792820036272,1,-0.5706956140240351,1
1,8112,0,0,0,-1.7367947957204901,2,-0.13634469311531744,1
6,6894,-1,0,1,0.1320124985489044,1,2.894330049478034,1
4,12247,0,0,1,-0.4282166898316736,2,2.387551088213281,1
7,10755,1,1,0,-0.4068077512754872,2,0.32300736694725074,1
6,13330,0,1,1,-0.23305260588294285,1,2.2377436668690436,1
8,9015,1,0,0,-0.8255254402288295,0,0.7737819641971346,1
8,7759,2,0,1,-1.3298589092668962,0,-0.3944752356316836,1
12,9231,2,0,0,-0.07165511382382278,3,0.4114180830067006,1
9,11456,-1,1,0,-0.4090955257046321,1,-1.5223728120831304,1
14,7581,2,0,1,-0.9488080916627024,1,0.42494442800976606,1
3,11777,3,0,0,-0.8906189344527071,2,-0.2658465054899871,1
6,12788,1,1,0,1.346977846030502,1,-0.4368866550064593,1
9,10391,-1,0,0,-0.5524718314785736,2,1.4251448521212624,1
9,9835,3,0,0,-0.8039711711225876,3,-0.15474608702692016,1
10,12497,-1,1,1,-1.4709874186890244,2,0.5453277988674625,1
7,7967,0,0,0,-1.5715423239769408,1,0.9238581257128182,1
5,9329,3,1,0,-1.5309893115811828,1,1.1304790425424396,1
4,8811,2,0,0,0.7148247126587383,0,-0.43159673980504437,1
7,13463,1,0,0,-0.5331296367158384,1,1.4387924173389168,1
5,7336,0,0,1,0.4643194200573197,1,1.1369161298932973,1
9,11504,2,0,1,-1.0124432721058232,3,0.05052719089844954,1
11,9266,1,1,0,-0.5189735895795463,1,2.5269642884832955,1
7,11189,1,0,0,2.5644819556066785,1,-0.5725915030393323,1
9,9590,2,0,0,2.109552478977191,2,-0.8546499049826988,1
9,10944,2,1,0,-0.17298274974446678,1,2.5903421204433954,1
4,6934,-1,0,0,-1.352293535524772,0,-0.3073600007401054,1
8,12880,2,0,0,0.21030291938879497,2,-0.46092089722564067,1
7,12250,-1,0,0,0.10037180484044628,3,2.1869591919070057,1
12,6648,2,0,0,1.0720912952810797,0,1.556326513371183,1
6,11693,2,0,1,-1.1267119862171429,3,0.40676839892194944,1
5,12891,0,0,0,0.5953914063611513,3,0.24094958818708373,1
12,5745,1,1,0,-0.9551827965077029,1,3.0796771222932744,1
4,8427,-1,0,0,-0.8550411567515053,1,-1.6309389713154046,1
10,9659,0,0,0,-1.3555045674775124,1,-0.7602575995788643,1
9,4745,2,0,1,-0.8972258162137181,0,0.5629416439760273,1
13,12034,0,0,1,0.9135237516314666,2,0.9417192840608128,1
6,3680,3,2,0,-1.6385275097318153,2,-0.5533582658283838,1
7,8100,2,1,0,-0.4491522841331993,2,1.985869553698733,1
11,8367,1,0,0,0.21841868013057608,0,-1.3279419033793272,1
12,7432,0,0,0,2.2129703499186544,1,3.4320918327475187,1
9,7751,-1,1,0,-0.1647146021288407,2,1.2153562416555235,1
11,5321,-1,1,1,-1.7264689363312309,1,2.707098405231865,1
5,13202,0,0,0,0.013605328296488639,1,-1.0747014410276827,1
2,12492,3,1,0,0.1539851834796062,3,-1.0195767012267225,1
9,12100,2,0,0,-0.21262865424916177,2,1.5498774773425366,1
6,7517,1,0,1,-1.3509525905168995,1,2.233395049848997,1
9,11251,2,1,0,-0.9402486279888073,1,2.174766246065267,1
6,9566,0,0,1,-0.048876839801421226,1,1.2060603401253214,1
10,7169,2,0,0,1.2841377492510493,3,-0.054463015529388425,1
8,6442,2,0,1,-0.9163508201336532,0,-1.1487820356169827,1
2,9856,2,0,0,-0.9441195234816665,1,-2.078950513835187,1
8,7851,1,0,0,-1.0815560651777063,3,-0.5024956167079216,1
11,12281,0,1,0,0.2994394853636885,3,-0.9648873021891855,1
3,5427,2,1,0,-0.22055718851534972,2,-1.0525213983119053,1
5,10591,1,0,1,2.960710253212334,0,1.8959114780612187,1
4,4190,1,1,0,-1.3256592222450572,2,1.6278310277625643,1
2,6600,3,1,0,-1.4977732402086357,1,-0.9422981865855871,1
7,13374,2,0,0,-1.2075689519305546,0,1.8702942201402561,1
9,11079,2,0,0,-0.3851149141120699,1,0.06649541221916792,1
10,9380,0,0,0,-0.23880594579082493,3,1.0436915201553054,1
3,5194,-1,0,1,0.41229556678878604,0,-0.3663366596578106,1
7,10683,2,1,0,-0.7139194706761557,1,0.5163163697972517,1
11,9118,2,1,1,-0.7294054781880267,3,-1.495377046667566,1
12,11292,1,0,0,1.3048904614422763,3,0.011480451282648074,1
10,3634,0,0,0,-0.7183466848242305,3,0.06897229984751946,1
7,8640,3,0,0,-0.8012444731243356,3,-1.2070977569485535,1
6,11537,2,1,0,-0.7231568788594029,1,1.710443041887274,1
8,7569,2,0,0,1.2260538952404088,2,3.5051818292227885,1
7,4866,1,0,0,0.7682002130669551,1,0.9426852453693646,1
6,6137,0,1,0,1.614091331924421,2,0.11296849919973712,1
12,12530,-1,0,0,-1.0789868644149219,2,0.08498043117863435,1
10,7837,-1,0,0,0.5689708612979744,2,-0.4305833492550102,1
10,13156,0,0,0,-1.0326037643126607,1,0.4110120924112886,1
8,13400,3,0,0,-1.499925436793936,2,-0.4806219536567972,1
5,12617,2,0,0,1.341271289609434,3,0.4748782814053941,1
9,8476,3,0,0,0.3734626644688279,2,1.8722082208951334,1
1,5800,-1,0,0,-0.7770788473596758,2,-1.62703023062673,1
4,8767,2,0,1,0.8102409145743515,2,0.3333518768321204,1
12,11609,0,1,0,1.5930164790501213,1,0.2755985377918446,1
8,5177,3,0,1,-0.9148693860744731,3,1.2303712970624805,1
4,12267,2,0,0,0.018404988446600767,2,1.6625870120073334,1
2,8365,1,1,0,0.0019854536197152495,2,-1.5127617935334559,1
9,9447,-2,1,0,-0.688890098326905,3,-0.9937598564858083,1
6,8363,0,0,0,-0.31377972733422727,1,-0.09919315619497768,1
6,3491,2,0,0,-1.080257845454475,3,2.3889982482562897,1
9,7636,1,0,0,0.015944180315649814,1,-0.7404723248486367,1
5,12164,0,0,0,-0.4453225624960896,3,3.267796183090446,1
8,6406,2,0,1,-1.3648360910054906,1,1.991590592587333,1
8,6424,-1,0,0,0.09729660011006669,2,2.518294892724839,1
7,11845,3,0,0,0.8074092292761814,0,0.07847884318503412,1
3,8993,2,0,0,-0.7655150457566058,2,0.27340858086687087,1
12,8106,1,1,0,1.269192563891505,0,-1.0672212319672325,1
11,9021,2,0,0,2.2128585996182397,3,-0.963311802932294,1
10,2273,0,0,0,-1.2351772153062233,0,0.24352038150241087,1
7,7327,1,1,0,-0.612705881926421,0,1.175252936455816,1
3,11566,1,1,0,-1.055257349113937,1,-1.5708724477801461,1
6,5789,0,0,0,0.4284159837222983,2,-0.5985360292222546,1
10,11933,-1,0,0,-1.2995750922058302,1,-1.2676960645786008,1
12,11388,-1,0,0,-0.07012611211818265,0,2.225070167334872,1
4,12575,2,0,0,-0.28486972531128424,2,1.0008705729372824,1
8,10524,1,0,0,-0.44153053926786595,0,-0.2527517110639246,1
11,8955,1,1,1,-0.20444905524558665,2,0.5210305935708395,1
3,6620,2,0,0,1.6225928586812162,0,1.6263499512320716,1
5,6849,0,0,0,-0.27019404441471795,0,-0.3228155284988372,1
12,12586,3,0,0,-1.241259622610852,0,0.5980148371699754,1
8,7175,0,0,0,-1.3107929017702316,2,0.04662815079735,1
9,6371,2,0,0,0.1644879320498841,2,-1.1927900555471838,1
12,10057,1,0,1,-0.7643086480400769,3,-0.06742672327983668,1
2,11974,2,0,0,-2.5676006248454533,3,1.4649302978520804,1
8,3827,0,0,0,0.9209581107176031,1,1.7943023626335415,1
13,11369,2,0,0,2.63015112019157,2,0.8271288131275996,1
-2,7236,-1,1,0,0.7387078096981959,0,-0.2905657491456925,1
11,13223,-1,1,0,1.41498931046593,1,-0.5191616192829551,1
7,12378,2,1,0,0.9831605424921449,1,-1.205599412235922,1
8,10800,2,1,1,-0.21069766760029413,0,-0.2791020938301303,1
10,8716,2,0,0,-0.8058726146136057,0,-0.09121454842564541,1
3,10986,2,0,1,1.8485797674134066,0,-0.9564419393127561,1
5,8218,1,0,0,-0.5263236284463906,0,1.5240743749147525,1
0,7096,3,0,0,3.346997571167173,0,1.0273087544829766,1
12,12207,2,0,0,-0.8657892910449505,1,-0.6275717195304399,1
4,11877,0,1,0,0.2721425374593389,0,0.7720590635810334,1
8,11561,2,0,0,-1.5699841959481295,3,-0.130129130922487,1
9,12861,2,0,0,-0.8535198194729406,1,2.318427032370094,1
8,8092,1,0,0,-0.528057478344422,1,4.189729967280258,1
2,9196,2,1,0,-0.6020640438436202,1,2.2914041231878413,1
9,7210,2,1,0,-0.6010064332006582,1,0.17345115687086743,1
12,6366,2,0,0,-1.7822285986688549,3,-0.13791983044995915,1
10,882,-1,0,1,-0.7670313013591356,0,0.39397592082101507,1
8,9146,2,0,0,-0.6499982099139135,0,-0.5658253862238174,1
4,9580,1,0,0,-1.366648852918625,2,-1.241223781213529,1
7,7728,-1,0,0,-0.45944562837132297,2,1.4734989945491186,1
10,8324,2,1,0,0.39830273929431004,1,-1.646285868245054,1
11,6879,-1,0,0,-1.2689848524401832,2,3.3746280672933935,1
14,10948,-1,0,0,-0.5133469815755601,1,-0.5611958381185916,1
9,7495,1,0,0,1.5433138703143907,2,-0.9985699340790049,1
5,12403,0,1,1,-0.04053501828048872,1,-1.2877849235506222,1
11,7364,2,0,0,-0.30925710712498833,2,-1.1724812615156683,1
12,13496,0,1,0,3.0087953717461637,1,0.645577004747049,1
12,12109,1,0,0,-0.20457978502167973,1,-1.2746165565083551,1
9,12607,-1,0,0,-1.8382834319149426,1,0.6674611676062716,1
4,12831,0,1,0,-0.8801138920325706,2,1.7767135417541444,1
10,6041,1,0,0,0.29522715134616473,0,0.1397948647558117,1
7,13154,1,0,0,-0.737448759225598,0,2.166846858263479,1
6,12829,1,0,0,0.5040359382224736,1,2.574837060889873,1
11,11611,1,0,0,-0.5531084357285071,3,1.9338288756889026,1
10,6370,2,0,0,-0.672520805104881,0,3.9803193258412692,1
13,8364,1,0,1,-0.4093405552372512,0,-0.8446352998126568,1
7,8668,1,0,0,-0.12199066280111837,2,1.8407770302131254,1
7,11094,2,1,0,-0.6971299820458805,1,1.0878662423984216,1
12,10106,2,0,0,-1.840870378764159,0,0.22687277308726878,1
7,7461,1,1,1,-0.299159612686672,1,0.18591191223840936,1
10,216,-1,0,0,-0.9600810900842071,1,-1.2950745384706341,1
14,8593,0,0,1,-0.588144364122195,1,-0.8481309141866531,1
6,8232,2,1,0,0.2034686438589528,3,0.6711753528086142,1
13,4681,1,1,0,-0.1859112707904479,1,1.8500742830711392,1
7,4080,1,0,1,-0.981232221769056,3,-0.8837599628482924,1
12,11916,0,0,1,1.2912946473321507,2,0.8494640358908858,1
14,12623,2,2,1,-0.5790237952134457,2,0.14936407278865277,1
4,6228,1,0,0,-1.1174676351312791,0,-1.2226789885362073,1
12,10526,0,1,0,-0.48147864786429706,1,-0.13279905088525035,1
5,6418,2,0,0,0.18154209890135853,3,0.1651572128999727,1
5,10878,2,1,0,0.24654423534245518,0,0.332646101709072,1
8,7764,0,1,0,0.33707255443129713,2,-2.65469506008154,1
9,7349,2,0,0,-0.19911646314939024,1,-1.9899017487455197,1
9,10693,-1,0,0,0.1646142179069251,2,0.23391189598155096,1
4,11695,1,1,0,1.1510758761186548,1,-0.37867840549697207,1
6,9767,2,0,1,0.4994406485163151,2,3.693904550648756,1
8,4009,1,0,0,-1.3722572072069188,3,-1.0490334104177168,1
3,5246,2,0,0,-0.7420597100600507,2,0.718838119290086,1
8,6130,3,1,1,-1.3298856899796025,2,-0.04035991366367775,1
13,10969,0,1,0,-0.3229177565007795,2,0.7678344833257729,1
8,7624,2,1,0,-1.2517254977601726,1,-0.8889218776372074,1
-1,8274,2,0,1,0.5744520289049436,2,0.3443696982073915,1
6,9967,0,1,1,0.5441777655913668,2,0.034111741926687755,1
12,2983,0,0,1,-1.283846415551262,1,-0.8958768465367442,1
8,8351,2,0,0,-0.36244737843503017,0,0.8938352537483929,1
7,7889,1,1,1,-0.18857435383182844,3,3.598378450012583,1
11,5776,2,0,0,0.5495768090066648,2,0.87781906410297,1
12,10864,3,0,0,-0.41221611280370785,3,2.1008263284357582,1
11,6437,2,1,0,-1.1236053591929576,3,0.7885816280579567,1
2,11481,0,0,0,-0.3995348748859946,1,-0.9082867251805202,1
10,7946,2,0,0,-0.7727879772297722,3,0.4013612802520974,1
10,7584,2,0,0,1.6375658754034037,3,-1.1599683583778329,1
9,8924,3,1,0,-1.049022130392149,2,0.35332499478438045,1
7,6382,2,1,1,-1.427187304792175,1,-0.598412727691136,1
13,11009,2,1,1,-0.5076457711352859,2,-0.21531766620796117,1
6,13508,3,1,0,0.3904350453706936,3,-1.4300625764370902,1
4,3566,2,0,0,-1.2586454751374083,1,0.546815097986925,1
11,7996,2,0,0,-1.2839727164588943,1,0.48796883374665956,1
11,7746,0,0,0,-0.4688165926934554,2,-2.173217404882023,1
7,8724,0,0,0,-1.6139822425754948,3,0.08462568142473398,1
9,10717,0,0,0,-0.4799115270660955,1,0.6292730808665721,1
5,9890,2,0,0,-0.2767760203036794,2,-0.9285433349603487,1
3,12427,-1,1,1,0.2293337567128224,2,0.4839919117584651,1
9,10934,2,0,0,1.0672161747974156,0,1.3154526253890564,1
10,8436,2,0,0,-1.2076473168501418,1,2.65356393610193,1
7,11563,2,0,0,0.36456816096943967,3,1.1865366349022977,1
11,8595,1,0,1,2.036981506814022,2,-0.0739430670035699,1
9,7212,2,1,0,-0.48258392243829373,0,-0.8073803418414092,1
6,10428,2,1,0,-0.8433096805315937,2,-0.32588490708237583,1
8,10358,3,1,0,-0.2883546455900091,0,-1.1476046703216116,1
9,10834,2,1,0,-0.3442307871681498,1,-0.7344791185964369,1
8,11906,2,1,0,1.223547090696576,3,-0.5449810621085919,1
6,13035,2,0,0,-0.494075522087631,3,0.10073989781886872,1
6,10444,3,1,0,0.3577388520771035,2,-0.9673951648649377,1
10,13235,2,1,0,2.922375430158174,3,1.8905352687068078,1
4,11177,2,1,0,0.1287410130162192,1,1.7858865989001291,1
8,11841,2,1,0,-1.2049004865162845,3,-0.015547299759814004,1
2,6609,1,1,0,-1.4226131289791337,1,-1.034247788360436,1
11,8490,-1,1,0,-0.7839437861629905,1,0.8422472569481643,1
3,12030,3,0,1,1.754938085313904,2,2.1441921214879796,1
6,7691,2,0,0,0.9788879878051665,1,0.5878082218661402,1
9,3040,2,0,0,-0.756937213321911,2,1.8319546424009148,1
12,12745,-1,0,1,-0.6872723108347114,2,-0.8712365076238217,1
7,4276,0,0,0,0.9056823250409639,2,0.3654095270045828,1
6,5068,2,0,0,0.18048788472588817,2,-1.0180501648799214,1
6,11776,3,1,1,1.4183260108992792,0,1.4056824126574194,1
2,9225,2,0,1,0.5801889245872677,0,-0.21683873410953158,1
9,7937,0,0,0,-0.07294339350253981,0,-1.6655865374867476,1
4,10923,1,0,0,-1.3181428987467663,2,0.5177001039626159,1
8,7380,3,1,0,0.32736368593478815,2,-1.0344064642757467,1
11,7623,1,0,0,-1.1853065412042971,1,-1.1342833567422308,1
0,8748,1,1,0,-0.35497120241291624,1,0.9055628605572837,1
9,12928,1,0,1,0.49523242513950555,1,0.3215545807361741,1
9,5803,2,0,0,-0.6902995596623571,2,-1.7991134988408695,1
6,11151,0,0,0,2.9636299342319417,1,-0.04278593856792437,1
6,12987,0,1,0,1.0685180930534144,2,2.0093769368933128,1
9,12548,1,0,0,1.5452116690292577,1,-0.6128356673528736,1
10,5988,0,0,0,0.315256457507319,3,1.2534120529272992,1
6,10343,2,1,0,-0.5979819784679677,1,-0.08145590697731103,1
10,2268,0,1,0,-1.50503968567502,1,-0.16139675200953962,1
3,12915,0,1,0,-1.0556671834629048,1,0.7010289856541357,1
2,10766,2,0,0,-0.23355380722196029,1,1.0980666747609025,1
9,8807,2,1,0,-1.2801730599456178,1,-1.6194096795296915,1
10,8700,0,0,0,2.229096844978262,0,0.8897426874440493,1
10,10823,2,0,0,-0.32504997009076764,2,1.2916324329594926,1
7,4816,2,0,0,-0.6379322301602904,2,-0.3073132119416341,1
11,11760,0,1,0,0.9792480827061238,3,2.94694829154808,1
9,6818,1,1,0,1.2666530444337722,1,0.015700395153213476,1
7,8716,3,0,0,0.04574553238079848,0,-1.6868580907778947,1
6,13571,0,0,0,1.9099547767959346,0,2.17646722953493,1
11,12816,0,1,0,-0.554096936740032,3,0.13285369678106623,1
5,12918,3,1,0,1.791813122370602,2,1.3271283214159262,1
1,13353,-1,0,0,-0.7631153024594235,3,0.4753705326293366,1
5,6463,3,1,0,2.785038344862145,1,-0.19299591755990014,1
7,10885,1,0,0,0.4219894147386613,0,-1.5620327401127936,1
6,9194,2,0,0,1.395828025699872,1,-0.9753764811319316,1
8,7596,1,0,0,-0.8936803506979187,3,-0.06283768957881952,1
9,11925,2,0,1,-1.576139906273832,2,2.1611666385711223,1
10,10525,2,0,0,0.09686265374967651,1,-0.9336352642091594,1
9,7023,-1,1,0,1.805351480472612,0,1.2106442029215108,1
10,11496,-1,0,1,-0.8416315851391851,1,0.4225971546416522,1
6,7844,1,0,0,-0.5984184141805876,1,-2.1910018940045894,1
7,9806,0,0,0,0.15869052527515293,1,0.13088923451191442,1
0,9699,2,1,0,-0.5037105433347614,3,0.7794779435929678,1
3,5496,1,1,0,0.6376575187799515,2,-1.5989813025528337,1
9,8184,3,0,0,-1.727123704536981,1,1.5509369906144206,1
6,8702,1,1,0,0.5746775025217639,1,1.9459195592099356,1
12,9952,2,0,0,-0.23527676731401187,1,1.2996035682356553,1
4,12080,0,1,0,-0.07018401121974571,0,-0.9856606569717119,1
10,9105,2,0,1,-0.9245515438337611,1,-0.2687467356392761,1
10,9026,2,0,1,-1.0673429533105598,2,0.5343771786170894,1
10,10769,3,0,0,-0.8651657584700179,3,0.25486630107523,1
12,12624,2,1,0,-0.758775141628769,2,2.1516097734351916,1
7,11850,-1,1,0,0.24624995005932493,1,2.22853856575932,1
11,7536,3,0,0,2.7550687677106165,1,-0.5789183307183807,1
0,9541,3,1,1,-0.5631506832892971,1,1.5197313457423511,1
8,12542,0,1,0,1.635119849308305,3,-1.5744356038456506,1
10,7372,0,1,1,-1.1296226495153698,1,1.9415030725709024,1
6,9233,1,1,1,-1.6847549656274583,2,0.027309240579018068,1
7,3459,1,1,0,-0.8131620110565789,2,0.20008478278465136,1
8,7007,2,0,0,0.5668726586148657,1,-2.672728031392543,1
14,13072,-1,0,0,1.172716601024938,2,3.3639557564058964,1
9,11219,2,0,0,0.5069275200869849,0,0.14078489586559442,1
0,10232,2,0,0,-1.4845864416627932,0,-0.531260422082747,1
8,7886,1,0,0,-0.6050580173954537,1,1.4190895933462648,1
5,13004,2,0,0,-1.2406967731033118,2,-0.883639878519308,1
12,11082,3,0,1,-0.25607809433508255,0,0.3163683489406606,1
4,5238,2,0,1,0.21412482208335096,0,-0.07078609677266384,1
10,3970,0,0,1,1.7986475526945807,1,0.9088988055637686,1
10,10416,0,0,0,0.3373926656738474,3,-1.5983610208073495,1
5,11265,2,0,0,-1.1594007348649238,1,-0.014633452274984693,1
3,10416,1,1,0,1.9676695004849871,2,0.754174754359999,1
5,6509,1,0,0,-0.6472681787069596,1,0.23796882668394012,1
9,7257,3,1,0,-2.8383557008267086,3,1.8457361666030718,1
8,11279,2,1,0,-1.378945215417263,1,-0.17497638443359181,1
4,13423,1,0,1,-0.1276073656449632,3,0.9703967273566898,1
6,2927,2,1,1,-0.28617346551515455,3,-0.4675010473797272,1
6,9580,0,1,1,-1.6896412798460831,1,-0.45220465398000226,1
1,8246,1,1,1,-0.17234181702669615,0,-0.8160135803919253,1
14,11423,1,1,0,-1.0824262844255166,3,0.5178027818371824,1
9,11025,1,0,0,0.5439272813814136,3,-1.044850780866635,1
8,7105,3,0,0,-1.9533683084754268,1,0.5148904481950622,1
12,9078,0,1,1,1.5561365903950155,2,0.2912341071225413,1
2,12623,2,0,0,0.608083183361669,1,-0.6961175182330759,1
4,12940,1,0,0,1.5764608249822099,1,-0.005894416184151791,1
5,2757,1,0,0,0.5127136235683933,0,0.18119730998167438,1
7,12077,0,0,0,-1.172745905519392,0,-0.3426825136355207,1
9,12299,2,0,1,-0.9704516070998275,2,-0.4791964259321983,1
9,6243,1,1,1,0.5518207502231001,2,-0.4894917114924703,1
11,10872,0,1,1,-0.619714205575658,3,-0.984909047865075,1
0,6005,2,0,0,-0.8618428305682853,0,1.4190315140986889,1
5,8136,2,1,0,-1.2018552426772309,1,3.7647037407491704,1
12,11936,2,1,0,-0.5624313286572805,0,-1.3839946635321496,1
12,6209,2,1,1,-1.2177909887552028,1,0.12691089626604043,1
13,12269,-1,0,1,0.8555342448561638,1,3.217429596473467,1
10,8469,-1,1,0,-1.440075967329201,1,0.35079555903519755,1
10,9325,-1,0,0,-0.2774526901201805,3,0.05600566360225995,1
6,9952,2,1,0,0.6721966626596851,0,-0.6249039259976261,1
4,12197,1,0,1,-0.35318564656968776,1,0.11923944800896871,1
9,10658,2,0,1,-0.7288321350614942,3,-1.0471330759115411,1
9,12177,2,1,1,-1.0532756677661457,1,-0.9649993429771115,1
10,3590,-1,1,1,-0.39525835986851443,3,-0.3731889788550062,1
7,8691,1,1,0,-0.010393021461335472,0,-0.15981690211517385,1
10,12375,3,0,0,-0.8914671688025416,1,1.3787458774355972,1
10,9432,0,1,0,1.2762597619143956,0,-1.9642930727954242,1
7,6649,2,0,1,0.5737578248055242,1,0.09038646009331958,1
8,12997,0,0,1,0.5041113034918585,1,1.5148458133305338,1
8,10109,1,1,0,2.4351926363354206,1,1.4952545816575167,1
11,11799,2,1,0,-0.11243306982273346,1,-1.0326245153665607,1
2,5488,1,0,0,-2.01688953673827,2,-0.36669022538145346,1
7,11705,2,1,1,-1.22606604290019,1,1.734215694304121,1
10,12019,1,1,1,-1.3802943529590639,2,2.1305987107653794,1
14,5961,2,0,1,-0.6085941479952544,2,0.8430877174330296,1
7,2200,0,1,0,-0.011971317289578565,2,1.7740783452349356,1
2,5845,1,0,0,-1.6868993413298927,0,-0.5033802968703612,1
7,11406,2,1,1,-0.9869581561658821,1,0.4854050690685423,1
9,13332,0,0,0,-0.8717701913272919,0,-0.9215142295448981,1
13,7504,2,0,0,-0.9933634462554288,0,0.6065042175877143,1
6,7252,2,1,0,-0.6562712476443007,3,-0.5871882927054639,1
12,11858,0,0,0,0.6022143846579542,3,1.2044629378175162,1
9,11299,1,1,1,-0.4346071417799906,3,-0.5702134799707232,1
2,5722,0,1,0,-1.0039562575267402,2,2.0365713104022367,1
11,10455,2,0,1,-1.2805247642057327,1,-0.5830696562792518,1
2,12925,1,0,1,0.38229088368922476,2,1.4243779224496094,1
12,10404,1,1,0,-1.2318840956407398,2,-0.5949594355516366,1
7,13266,2,1,1,1.4069688006119918,0,-1.5360275549456481,1
11,10938,-1,0,0,0.7968630379375506,1,1.6936858364676244,1
1,3099,2,1,0,-1.2237485983998746,1,1.4282523740448654,1
-1,5683,1,0,1,-1.2665266220271523,2,-0.5858528642323924,1
4,8610,0,1,0,-1.3194880731669678,1,-0.7949904247970788,1
3,8157,3,1,0,-0.43317537093912184,1,0.2937288606957302,1
11,4667,0,1,0,-0.3609494618986956,1,0.9960297489748321,1
8,11850,2,1,0,1.2940583412860824,2,0.49946278809042494,1
6,12484,2,1,1,0.11955815570705619,0,-0.5499572733058867,1
6,11923,2,0,0,-0.19816675743841045,1,-0.448290721693715,1
11,6123,-1,1,0,-1.2706179065024825,0,2.9216631222891456,1
4,13847,2,0,0,2.5847293656468366,0,0.41628588320442406,1
6,5589,0,1,0,0.7282200137648386,1,-0.16154763681425133,1
10,8937,0,0,0,2.007514642477333,0,1.5861289733459634,1
9,10253,-1,1,0,-1.0092743994431705,0,1.1401125863942223,1
5,6462,2,1,1,-1.046150556290897,2,0.39677313515929175,1
6,12771,4,0,0,-0.3818811580742084,0,3.5983653201302763,1
1,6410,2,1,1,1.864035106522428,3,-0.44102515676330645,1
12,8588,-1,0,0,0.4744289246123949,0,1.6080772133881212,1
11,9181,-1,0,0,0.19117876661649708,1,-0.029529900564998046,1
8,12496,2,1,0,0.0971886705727193,1,0.2265226186056346,1
9,7710,1,0,1,-0.29719333837703943,0,3.584567246176519,1
13,7825,2,1,0,-1.1269379627173084,2,3.348946972401623,1
13,12093,1,1,0,1.4993791579379523,3,-0.4211623547369129,1
11,8025,2,1,0,-0.9610578207816661,0,-0.8569773914168248,1
10,8719,1,0,0,1.6148025778443766,1,1.3420925425253092,1
11,5705,2,1,0,-1.0408547759072593,0,-0.64768550978995,1
10,7417,1,0,1,-0.5235287564037273,0,1.8312550437168056,1
8,4012,2,1,1,-0.9416917076635383,1,0.783110146489323,1
9,13879,-2,1,0,-0.3669512340758302,1,1.4599163022839914,1
2,7059,0,0,0,0.09787285007381341,1,-1.2497839255343206,1
12,12776,1,0,0,-1.0563413826189807,0,1.5669745991473691,1
7,12914,3,0,0,1.902272510642638,2,1.7228894400572041,1
6,11332,1,1,0,-0.926805499202084,3,0.21855481742471122,1
12,11921,2,1,0,2.3043982109979115,1,0.24161171807786008,1
3,12286,1,1,1,-0.42289820039477044,1,-0.16239911396168655,1
7,10762,2,0,0,-1.1571943377817133,2,1.2404143882650962,1
7,9396,-1,0,0,-0.25693651325143696,1,-0.4215931197690339,1
4,11561,0,1,0,-2.3775336238482643,0,-1.557592221780834,1
10,12155,3,1,0,-0.19504485687877648,2,1.894667644021627,1
9,11874,2,0,0,-0.9081412900655055,1,-0.33717167864618486,1
10,7669,1,0,0,1.3429148912229925,3,-0.6059798905056122,1
11,7341,2,1,1,-1.214366900287394,2,1.0684861241865482,1
10,9287,2,0,0,-1.4924365849572268,3,1.6982720446761421,1
6,12071,0,0,0,-1.891371027797745,0,-0.20681655203537672,1
10,7468,3,0,0,-0.2070291837499567,1,-0.8754728592618062,1
13,11914,1,1,0,1.1233959191232596,2,1.2776892314233241,1
2,8993,3,0,0,1.0479528839724075,2,-0.43868535238469447,1
7,6170,-1,0,0,-1.4934946869800025,0,-0.12314524523781678,1
10,12715,0,0,0,1.765697513262487,1,2.6457401601444137,1
8,12298,1,1,1,-0.28726251267976644,1,2.287455170598616,1
5,8494,2,0,0,1.3297825410417075,1,1.1155881138743873,1
11,10103,0,0,0,-1.2930579930105166,2,1.9173885227910532,1
5,10615,2,0,0,-0.07565007274323543,3,-0.24899950798991785,1
5,5898,1,1,0,-0.014497558111131507,1,-0.7836572239314383,1
8,10948,2,0,1,2.8004716609851337,2,3.155410597396812,1
9,7793,2,1,1,-1.4865906870064345,1,-0.9346471983094775,1
11,9216,2,0,0,-0.7378981708181355,0,-1.4649821087934012,1
12,5112,1,1,0,1.0593439248847223,0,1.2186967448200134,1
6,6704,2,0,0,1.8146926063157403,3,-0.474627516218307,1
9,10963,1,1,0,1.4277515763596473,1,0.0044831791541056765,1
7,10664,2,0,0,-1.0651899338641364,2,-1.2202464056884292,1
2,11236,1,1,0,-0.8714482386423661,2,0.15825009531133394,1
3,7824,-1,0,1,-1.8160816186784534,3,0.6062363168057818,1
9,12689,2,0,0,-0.6349391207382145,0,1.5756666261832113,1
-1,7106,0,1,0,-0.32944400648476824,2,-0.7782529643739171,1
10,8125,-1,1,0,-0.7415637894810828,3,-0.756125740064737,1
7,5774,0,0,0,-1.4043217980277496,1,0.321487924922072,1
9,7732,-1,1,0,-0.6744052235044927,0,1.265490305471025,1
1,7819,1,0,0,0.585767793128086,2,0.03353726790977646,1
10,11840,1,0,0,-1.64336835795996,2,-0.13363260288427764,1
10,7977,-1,0,0,-0.432833172976025,2,1.411624281214125,1
11,9405,2,0,1,-0.011472783441337842,1,-1.3827006506589408,1
11,3707,2,1,1,0.5808151560945733,3,1.7204109649185737,1
1,8823,2,0,0,0.6238879275002851,2,1.5445710201241436,1
8,12869,-1,2,0,-0.954636717026498,1,-0.01943731812338112,1
6,7536,-1,1,1,-0.7505235604866237,2,0.1082540101005427,1
12,10988,-1,0,0,-0.05173501784347634,1,-1.1269994129475707,1
11,12177,2,0,1,0.31791602373441075,3,2.3586244057778103,1
4,9128,1,1,0,0.6905605879791237,1,0.9359322783331501,1
5,6807,2,0,0,0.22182036373440706,3,-0.35171322050054243,1
11,11264,-1,0,0,1.5964334761627441,1,-0.7760944117226625,1
8,7650,-1,2,0,-1.2959558129023638,1,1.7062768266277537,1
6,8307,3,1,0,2.038274866632379,2,-0.5421441214867697,1
6,6492,2,1,0,-1.2570122141738551,1,0.5442086835316728,1
10,6055,2,0,0,0.12549960836628937,0,0.9251502446392588,1
0,11165,2,0,0,-2.13133660350803,2,-0.776084873191398,1
2,6773,2,0,1,1.9498294644774634,0,1.5438094083607012,1
10,7851,2,0,1,1.2415736242090736,1,-0.24531090171024694,1
9,12674,2,0,0,-0.5346250123772025,2,0.40723724317398335,1
11,9462,-1,1,0,-1.58941692445834,3,0.5708995400852523,1
11,12965,-1,0,0,-0.21915391456965883,3,1.3281492691436942,1
8,4850,-1,0,0,-2.5613899138361367,2,0.7117261394947024,1
8,12825,1,1,0,-1.1748066840663258,0,0.27015340420184586,1
7,10415,-1,1,0,-1.157902995760183,2,-0.9627177851138893,1
10,7548,-1,0,0,-0.9563231519798324,1,3.0175777480790362,1
4,9341,2,1,1,-1.8650831004443782,0,-1.8875571081918763,1
-1,13331,1,0,0,0.4902087211790098,0,0.4941875127825803,1
2,9017,2,0,0,-0.2563552662452547,3,-0.9203990436866711,1
10,8914,1,0,0,-1.385153342703806,2,1.135008867445065,1
4,8016,2,0,0,-1.2561250336646737,2,-0.5571595260784318,1
6,10639,2,1,0,-0.9270596939968735,1,2.1175770145139223,1
9,6890,1,0,0,-0.21083897455635803,1,2.1982743127470665,1
4,11513,2,0,1,0.745777522102846,3,-0.13799919482903922,1
5,4477,2,0,0,-0.5517111495946968,1,-0.19917681280009858,1
10,9703,0,0,0,0.10524040247838354,2,-0.8012773280414931,1
8,4422,1,0,1,-1.447255144677161,1,-1.640610361082965,1
7,4303,3,0,0,-0.3750943079406882,0,2.547086958050026,1
7,9353,2,0,0,0.6870196744414315,1,3.100130331370324,1
4,5484,2,1,1,0.7147866959682072,3,3.138336469550862,1
12,7687,0,1,0,-1.203335578934138,2,1.6042983138976281,1
7,9888,3,1,0,-1.2814936791867977,3,1.8926468521881739,1
7,6739,2,0,0,-0.8988510285736253,1,-0.8200746096462965,1
3,3856,4,0,0,-0.3410102963886965,3,0.5751841835831204,1
5,9565,3,0,1,-1.1184204149980141,1,1.3924090492942842,1
11,10533,0,1,1,-0.875206791431803,3,-0.2918168200154466,1
7,7296,1,1,0,0.13931422245481062,1,0.9471483658536111,1
9,11196,-1,0,0,-0.3872410913580485,1,1.6531139928483871,1
6,8280,0,0,0,-0.19985295792223817,3,0.3907732967918301,1
9,10485,2,1,0,1.2671285411655135,1,-0.6635719318387492,1
10,8977,0,1,0,1.3073749976945388,2,0.12031905952942373,1
0,6648,0,0,1,0.9989531494590513,0,0.5127442651656698,1
7,12176,2,1,0,-0.2609147573723496,1,-1.4944911809212,1
6,8390,-1,1,0,0.16538295094909294,1,-1.3498388812381972,1
3,12227,-1,1,0,-1.9359485239719716,2,2.7490881269370395,1
11,8717,-1,0,1,0.9091647642197561,1,1.401193298436529,1
9,11538,1,0,0,-2.8030869921157247,0,3.4082938017036906,1
4,11575,2,0,1,-1.4080856067586618,1,0.23696880106029178,1
7,9896,0,0,0,-1.2442640664823568,2,0.6541850867788159,1
4,12582,1,0,0,0.8679613007328942,3,-0.12847075479264453,1
8,5932,1,0,0,2.0049918113050507,1,2.010190034695809,1
9,8155,3,0,0,-1.2435117341409323,0,-0.47904242155197846,1
4,9925,2,1,0,-1.4000704345844588,1,-1.397938286943611,1
12,10099,2,0,0,1.4317061196734344,2,1.4713759659610302,1
4,11758,1,1,0,1.065313326114981,-1,1.1551138051769165,1
8,11973,2,1,1,-0.662205512624189,2,0.08145042963409832,1
11,6493,1,1,0,-0.1738096482432437,3,-0.3727311130727163,1
11,8917,2,0,0,-0.14768771312298795,2,2.0894446565654703,1
8,8335,-1,1,0,-0.7247235477064257,0,-0.6022844833732468,1
4,3452,1,1,1,-0.8769217469121151,2,-1.0939094198147006,1
8,12882,2,1,0,0.7726903265095207,1,0.6592354960081661,1
1,9785,-1,0,0,-1.7285783118619849,1,0.23837464532312883,1
8,8384,2,1,0,-0.6305841845531387,2,-1.7897085865673843,1
12,12838,0,1,1,-0.04291311222654837,2,0.07183845763154842,1
13,8973,0,0,0,-1.1061485449473434,1,0.3762638534067885,1
4,8476,2,1,0,-0.0036049767773964625,3,-0.29918948961698866,1
6,12347,1,1,0,0.6507555967974018,1,-0.5852603998085619,1
9,9609,1,0,0,-0.28490229052055416,2,0.2552596133356849,1
12,9368,3,1,0,-0.5399822433107325,3,-0.17620267346244572,1
11,13073,2,0,1,0.45051528703351906,1,1.8359946328231813,1
7,8214,2,0,0,0.9524431445955199,3,-0.002487645592086918,1
8,6812,2,0,0,-1.3976495851647286,2,2.2468601619237085,1
10,12196,3,1,1,-1.6787415883100285,1,-0.815835000708063,1
11,12044,-1,1,1,-0.8596272239903986,1,1.6960752064817062,1
5,4180,2,0,0,-0.39781637661648517,1,2.083531196157202,1
8,11040,2,0,0,0.22573532596188747,3,1.7721115407772252,1
8,6333,2,0,0,-0.8513183280799383,1,-0.964357809937616,1
2,12041,3,0,0,1.4491591887177548,1,0.6330869773062698,1
11,10974,2,0,0,-1.7140727940313898,0,-0.6737626156365566,1
10,5373,0,0,1,0.2988086495067223,1,0.5260242572752427,1
8,12051,1,0,0,0.361744636992056,1,-0.5109482785393039,1
3,10509,1,1,0,-1.1410830391201148,0,-0.7903995703153401,1
6,10883,2,0,1,-0.23900142870422292,3,1.7495909949989408,1
5,9015,-1,0,0,1.5467921392990456,1,0.2816922525277338,1
3,8648,3,0,0,-0.36553786491526563,1,0.20902907551113675,1
4,10368,-1,1,0,2.0092893442095923,1,1.241771803045422,1
10,7434,3,1,0,0.3360345997059331,0,0.3538959052713152,1
8,8011,0,0,0,-1.2640293654673322,2,0.8083509725797913,1
6,7997,1,1,0,-0.4148109845984533,0,1.5664132321267243,1
5,6798,1,0,0,-1.067758744989006,1,-0.29744233580729845,1
8,10695,0,1,1,0.6623950831469315,1,-2.0767575892428134,1
12,6084,1,1,0,-0.8174089051278844,1,0.9055739314353197,1
7,7838,1,0,0,1.130198412433526,3,-1.1904372109589993,1
8,8372,1,0,0,2.063770070779998,1,0.5801291566128577,1
7,8096,2,0,0,-0.6010779138350055,2,0.4573411304535229,1
6,10848,0,0,0,-0.8042194222258938,0,0.24147638757296958,1
10,9462,2,1,0,-1.52495988838416,1,-1.2272926699712774,1
9,13083,3,0,1,-0.6861468572023438,1,0.648726969197261,1
8,6160,2,1,0,-0.2290696300098306,0,3.5976956961326243,1
10,6020,1,1,0,-0.05483718925281306,1,0.21201193528826284,1
8,6711,2,1,0,-0.5052757738357142,0,3.5759175184378638,1
2,6081,0,0,0,0.14635906241450547,3,1.7350249968245541,1
11,4319,2,0,0,-1.8591274146918284,3,1.2463186974223583,1
11,11509,-1,2,0,-0.7739839144398454,1,1.2339881638423318,1
11,13110,2,0,0,-0.9697994413316612,0,1.2920223606315886,1
5,6603,2,1,0,0.9051939854624848,3,2.370346645338847,1
12,12441,3,1,0,1.4963533959014632,1,1.4489450391514462,1
2,5352,4,1,0,1.5472703760724777,3,1.255630227404409,1
10,4047,2,0,0,-0.5485019616733773,0,-0.7780179749757035,1
8,5639,2,0,0,0.1015272342302172,2,-2.1912349037890992,1
8,12939,1,1,0,-1.4476143997592383,3,2.1064310574235927,1
9,11260,3,0,0,-2.190443752227431,2,-1.359435446906378,1
8,11555,0,0,0,0.10810367184526537,0,2.1360043530208856,1
4,9131,-1,1,1,-0.08544538575859179,2,1.8825567930464633,1
2,8495,-1,0,0,-0.8899768006302395,2,0.08924313414581175,1
10,4581,1,1,0,0.42309154526245574,3,1.4248208488784397,1
8,4763,3,0,0,0.422890418702763,2,2.9926746583952326,1
10,5778,-1,0,0,-0.7955524653264692,1,2.3584405874255134,1
8,6654,2,0,0,-0.7327050372955872,2,1.6623096633936603,1
8,7213,0,0,0,-1.2669974889010276,1,-0.47877403681500297,1
2,12783,1,0,0,3.6958756856293338,0,-0.13939499968886704,1
12,9841,2,0,1,-0.20814035671709552,0,0.1102553232019477,1
10,8066,2,0,0,-0.047259118493999996,1,-0.945441323109671,1
5,8522,0,0,1,-0.06454380999730469,3,1.8674228190891213,1
6,12376,2,0,0,-1.5272082043899102,1,-0.6084813807646078,1
12,12321,2,1,1,0.30537680293112135,2,3.3744060529198405,1
12,12799,2,0,0,-1.4522987400802125,3,-0.31550201058632665,1
9,12197,3,0,0,-0.13292907486679628,1,2.264139803214991,1
8,3165,3,1,0,-0.33590790945841753,2,0.768449091548381,1
8,6467,2,1,0,-0.6963024479739977,2,0.5154713272700981,1
10,11722,1,0,0,0.6790746604250784,0,0.3632681943058321,1
6,11505,-1,1,1,0.1728792774436465,1,0.2192693656972557,1
8,12196,-1,1,0,-0.5008490905005506,3,1.190843631687463,1
9,6041,1,0,0,1.2000585403580082,0,0.45818650075376144,1
5,13388,3,1,0,-0.10385911330041556,0,-1.1492114525588022,1
11,8294,1,1,0,-1.1254382436478438,2,-0.566054816571598,1
10,6799,2,0,0,-0.8138702131756133,2,0.8429261005180884,1
10,4915,3,0,0,-1.5891333373384786,1,-0.03057353550877831,1
6,12087,-2,0,0,-0.7743313336796585,1,1.8200784177300742,1
13,6413,1,0,0,0.366963709867668,2,0.3615155021118029,1
12,7533,2,0,1,0.5134663572382823,2,1.7694331983780727,1
3,7667,2,1,0,-0.4761815745999708,0,1.279920169583996,1
2,6772,-1,0,0,2.793801748908302,0,-0.29584258941179287,1
7,4379,1,1,0,-0.6438923388532052,2,-1.0777197174821183,1
3,8033,1,1,0,-0.5596208230217797,2,-0.8760491633390926,1
10,12213,0,0,1,-0.44096540261249795,1,2.4192897511739666,1
9,6461,1,1,1,-0.48188061161369183,0,0.38285102555474476,1
7,11927,3,0,0,0.080484020825634,2,0.23352538165273784,1
5,10624,2,1,0,-0.5401282689656197,1,2.7458011205827892,1
1,11524,3,0,0,1.0475793158005249,1,-0.5690810480677808,1
8,7288,2,1,0,-1.3191072425836818,2,3.618903320759867,1
7,11352,2,1,0,-0.5488915532343869,0,-0.7139636660399475,1
10,8297,2,0,0,0.8049717096957181,2,1.309972396686865,1
5,4591,2,0,0,0.5168702275405718,0,-0.05212763465729159,1
4,1244,1,0,0,-0.20433505739999586,3,-0.6575818261317952,1
13,8290,2,0,1,0.24530368323444407,3,0.1632389826758162,1
8,9780,1,0,0,0.4186176548292134,0,1.2318712015853162,1
9,10879,-1,0,0,-0.26919875841923024,2,-1.9812318911242592,1
12,11960,-1,1,0,0.6034050432246134,2,3.1743299222630936,1
4,10416,0,1,0,0.7139554043461974,0,0.19987879197416297,1
6,10453,2,0,0,-0.8943301959619414,1,0.7940425206513655,1
8,10955,2,1,1,-0.667184539653079,2,-0.727527710594372,1
13,9004,1,0,0,2.7406164556882415,1,1.3138984923328911,1
2,2732,3,0,1,0.7818804804224061,1,-1.0385605203125177,1
5,7486,2,1,0,-0.4183326408009959,2,1.3581231259180677,1
9,6170,2,0,0,-1.3049629047788653,1,-1.6347076605483561,1
3,2962,4,1,0,-0.2533070034435538,0,1.0109688567449506,1
10,7226,0,1,0,-0.5766249326637481,1,-1.4114121352747326,1
12,11994,2,0,0,1.784625015973897,2,-1.2842689005962493,1
-1,7522,0,1,0,-1.5838024739628707,3,-1.5587630978590947,1
14,10879,2,1,0,-0.6782668060197169,2,2.1361660050022104,1
3,6871,2,0,0,1.0787603079042745,3,-0.2605198034225624,1
11,8195,0,0,1,-0.545339638076142,0,-0.09261166294193862,1
3,7633,-1,0,0,2.278064627348341,2,2.9661224554936823,1
6,9781,-1,1,1,-0.5214602110543827,1,0.24285356621896037,1
12,7183,2,0,0,-1.7382216943045683,2,3.0259883925971387,1
8,6708,2,0,0,-1.0618447676902671,1,1.4705715816258829,1
3,12239,2,0,0,0.3022634925609965,2,1.144938817803503,1
9,4400,1,0,1,0.40017928544493375,2,2.440208361842548,1
-3,12942,2,0,1,2.134067433189063,1,-0.4191969359132624,1
0,8051,2,1,1,-1.1415605232445136,2,0.41843076884182306,1
12,6413,2,0,0,0.00687320495728494,0,1.041971339716205,1
2,10263,1,1,0,-0.8937696689110939,3,-1.4150633773201942,1
10,6889,-1,0,0,-0.6876243549532175,1,0.9830308372439406,1
11,8425,0,0,0,-0.23074848378244706,2,-0.6246688962737151,1
5,5917,2,0,0,2.488700424568774,2,1.330648177843576,1
5,8871,-1,0,0,-0.7190561668854364,0,0.06091570375255134,1
0,9374,1,1,0,-0.4110382944462136,2,-0.13317886257161926,1
4,4997,-1,0,0,-1.9643084472427272,1,-1.0559999877193431,1
9,6541,2,1,0,1.265087319825781,1,0.8003250932696025,1
8,11722,1,1,0,-0.6010892595539151,3,1.9108835425370634,1
10,4934,3,1,0,1.1020028471944145,2,-1.5902580997777358,1
1,12980,3,0,0,-0.03237212505918363,0,-0.34212181851569395,1
8,8009,2,0,0,-0.16711536146055217,2,0.36862232303752285,1
8,11458,1,1,0,-0.5763452821856639,2,0.6041815757910156,1
8,5406,2,0,0,0.4302819411775106,0,-0.5329218296448359,1
8,3414,2,1,0,1.4585831571699337,0,1.256573478671428,1
9,4410,2,0,0,-1.1925057654305484,1,-0.5530117032079259,1
8,6953,-1,0,0,-1.1361217164617625,1,1.0407802970008075,1
5,9080,-1,0,0,-1.4547952671793452,1,-0.8111407915723952,1
1,8820,2,0,0,-1.188076199226618,2,-0.9440222049664175,1
9,11420,0,0,0,0.5703971443576634,0,0.5610506044587779,1
11,4327,0,1,0,-1.3702865701422806,1,-0.5545504802822496,1
12,12987,1,0,0,-0.5814168836686877,1,-0.1979046948865662,1
8,12454,4,1,0,2.653395509751818,1,1.5415504720700521,1
9,6385,2,1,1,-0.6498605647560989,2,1.5039379845602245,1
9,1838,0,1,0,-0.0015810469187549359,1,-0.553850611577219,1
4,10683,-1,1,0,1.610962705099209,3,-0.6521717428898851,1
3,8847,2,1,0,-1.6721675701168799,3,0.06928989072914415,1
2,6840,2,1,0,0.2623054038193957,2,4.160691919570312,1
8,10166,2,1,0,-0.4599965044104809,2,-1.0721921823661094,1
6,4196,2,0,0,0.165546269924723,1,-0.14663820137882666,1
7,9174,2,0,1,-1.3087009648310683,3,1.7757769939177497,1
8,11720,-1,0,1,-0.9247622016594863,2,-0.06635287782782268,1
11,11635,2,1,0,-1.5347810499079952,1,0.9911547115311485,1
6,2853,1,0,0,0.10001664023203977,1,-0.3700034684695384,1
2,10975,2,1,0,-0.5728288257582821,0,-2.6212146254351256,1
5,9930,2,0,0,-0.5723152333298448,0,-1.2915015678205493,1
7,7691,1,0,0,-1.0287134759090808,2,0.8387054998505343,1
7,13133,2,1,0,-0.8373110936949296,0,2.878610476929944,1
6,11427,0,0,0,0.3320367190805221,2,-1.6375213029770894,1
10,11050,2,0,0,-1.7956883021784276,1,-0.6518722263765229,1
5,5143,0,0,1,-0.8262142224720753,3,-0.24608602296070003,1
8,7601,1,1,0,0.013114117585740215,1,3.3512024474568154,1
7,7412,2,0,1,2.556952923330779,0,0.40253659716367757,1
9,8213,2,0,0,-0.4822975322607973,2,0.0003401042329402859,1
13,4524,2,1,0,-1.3666233738988922,2,1.7736479273940178,1
8,6817,2,1,0,-1.0005703615363633,2,-0.6304370321311239,1
5,7275,1,1,1,-0.06465460635524067,1,-1.180080791428906,1
9,12512,-1,0,1,-1.1145622453167214,1,-0.053054113881443765,1
4,10057,2,0,0,-1.3577755516313,2,-0.8968639636216934,1
3,9103,2,0,0,-1.1843904948936188,2,0.3876268998609383,1
12,4905,-1,0,1,1.774113837229259,2,-0.6409429258300505,1
8,5934,3,1,0,-0.6760007494196294,1,0.3720763062827826,1
7,7698,-1,0,0,0.35540310726141733,1,1.9944624555012713,1
10,7333,2,1,1,2.1388164483782006,2,-0.8922693089563309,1
-1,8851,2,1,0,1.3016323950617796,2,-0.6840891097683879,1
1,11274,3,0,1,-1.2751701059237353,1,-0.45212106765920845,1
9,10930,0,0,0,-0.09542438191341679,3,-0.3337621029310911,1
5,5919,3,0,0,-0.5398274673841146,2,1.4139470767567826,1
5,4235,1,1,0,-1.0335232038335798,1,-0.877257963204555,1
13,6123,1,1,0,1.3095265998200787,0,1.892093188923805,1
0,6607,0,0,0,0.14189527589809722,2,0.5879480533297845,1
11,9366,1,0,1,-0.5441872471733319,2,1.159969896278552,1
6,13707,3,1,0,0.4287885251970567,1,-0.8011388375327508,1
7,11018,-1,1,0,-1.6390831223116056,1,0.4201677925897431,1
11,4831,2,0,0,-1.4029615622626297,0,-1.0949555407879932,1
8,10740,2,1,1,0.18796557217742438,1,-0.9919625680053195,1
8,11004,-1,0,0,0.816541273573994,1,0.954784252871326,1
13,7297,1,1,0,-0.05449775783142885,1,3.2725650757068796,1
-1,11667,1,0,0,-1.4014957631151406,0,1.3853534021722542,1
6,10728,2,0,0,-0.7134582300781406,3,-0.15408369175487807,1
8,12614,2,0,0,-1.2106104382676932,1,-0.3414782884409267,1
9,11039,-1,0,0,-0.8530612180800632,2,0.9014240060116923,1
8,10513,-1,0,0,-0.35183063738487974,1,2.700639935487666,1
6,8550,2,0,0,0.9145208573149997,2,2.1583067840900823,1
7,5419,2,1,0,0.05832915246839251,2,-0.17174940675639266,1
11,8067,1,0,1,-0.3098555891789766,2,2.6596052336764684,1
7,11389,2,1,0,1.5415734547820343,2,1.0576558960047369,1
9,7800,-1,0,0,-1.7020206445501085,0,0.11951147978794366,1
5,7447,3,1,0,-1.0991343601903554,0,3.302331235072027,1
8,9233,2,1,0,-1.7186886140614117,3,0.627621459480235,1
4,12021,2,1,1,-0.5646570033266807,0,-0.7445106945538189,1
4,11897,3,0,0,0.08613004654801126,2,-0.7185100900764463,1
8,8323,3,1,0,-0.23714197224015438,0,1.2192989446016285,1
11,8635,1,0,0,-0.9723517479824747,1,-2.0344294392793705,1
11,9689,2,0,0,-0.8895437875556196,1,1.8105060801902169,1
9,6893,0,1,0,-0.9494111211818788,2,-0.7567547352150243,1
8,9022,2,1,0,-0.5720375530469213,0,4.15164996643838,1
7,8173,-1,0,0,-0.2977867806986066,2,-2.0628679891445705,1
10,13169,-1,1,0,2.296583144456417,0,3.1504397433179845,1
11,8217,2,0,0,0.08867607291141566,1,-0.4827913996402229,1
0,11086,0,0,1,0.4707999562592056,1,3.4381139129488627,1
11,8101,2,0,0,0.8154812067527997,1,-0.14540179741848025,1
8,11495,-1,0,1,-1.2210242711488573,0,-0.8704905341636473,1
2,9436,1,0,0,1.1119070414931826,2,2.11831825605143,1
13,8812,2,0,0,-0.21473643090611388,3,1.4582291043290532,1
7,7465,0,1,1,0.56603364404088,2,2.7613030832109975,1
5,12880,2,0,1,0.03585717908551833,1,-0.07058210188167979,1
6,9531,0,0,0,-0.6356503839869201,1,-1.1127226745399306,1
11,6687,1,0,0,0.3738999624736691,1,0.48999053721550645,1
8,9385,3,0,0,0.2730374120601208,1,-0.8260110049098168,1
4,10190,0,0,1,-0.47121825082494273,2,2.085422755270106,1
12,9559,1,0,0,-1.6200466661065716,1,2.3465975529472534,1
8,6353,2,0,1,0.6095370547700605,1,1.4407962164227999,1
8,12524,2,0,1,-0.7172315478501596,2,-0.7239487580719727,1
1,11055,1,1,0,-0.3188766185518447,1,0.4403836336525486,1
1,3575,0,0,0,0.26213172749884917,1,1.889305834272616,1
12,10971,2,1,1,0.38220873359033475,1,-0.6150577924123483,1
12,5021,2,0,0,-1.690980048563715,1,-0.8007343377153352,1
9,6393,-1,1,1,1.0732353458883448,2,0.7564130569728447,1
12,6660,0,0,0,-0.2633529639236981,0,-0.49595034895735957,1
11,10482,-1,0,0,-1.6193117865681033,1,1.8377994007171201,1
6,12669,2,1,0,-0.21440911147470032,3,3.3300146370156005,1
11,11520,1,0,0,-1.0638005728968378,1,1.7997911010474508,1
10,11667,1,0,1,-0.7836207152241675,3,0.49602753773765396,1
11,9864,1,0,0,0.3485343024289794,1,0.1357944404191016,1
8,10992,-1,0,0,1.5987522131278307,1,-0.5459034636442373,1
1,12168,2,0,0,-0.9203732190670944,2,-1.0227879507849347,1
6,7149,2,0,0,0.2472178922874959,0,-0.704636173193127,1
11,10277,2,1,0,0.3767045134276792,2,1.0226259966633937,1
9,1599,0,1,0,-1.6524115046558623,1,-0.7954608461671506,1
12,9517,1,1,1,1.1893448210079118,1,-1.2298337260876613,1
7,7635,-1,1,0,-0.5492515588860225,1,1.406796191097905,1
7,8478,0,0,0,-1.6642477112224414,1,0.031414800726964176,1
2,3896,2,2,0,-0.5556050833189138,0,-0.2269335033594575,1
13,9192,2,1,0,0.1367612872308491,0,1.0698128913912017,1
11,7960,-1,1,0,-1.0109497991815697,3,3.180727159010716,1
5,9486,1,1,0,0.3750562237527374,0,0.5801802359131711,1
10,13040,-1,1,0,-0.7440035105996099,0,0.3339644455230206,1
10,10257,0,1,1,-0.7457940562190141,3,-0.7086643678342539,1
9,8762,0,0,0,-1.0318069623723813,1,1.7149214814573353,1
7,10744,2,1,0,-0.9916215462376659,1,0.46673755599798844,1
2,7541,2,0,1,-0.2485379718328985,1,-1.276194622014216,1
6,13462,3,0,0,0.7534780445112073,1,0.323406964871801,1
5,3004,3,0,0,-0.6068930118406001,0,-1.3167847710728446,1
11,11042,2,0,0,-1.3128936443419814,1,1.085332809453957,1
5,11838,-1,1,1,-0.29727451693070744,1,-0.4513959661259266,1
3,10869,2,1,0,-0.5915147884286408,2,1.362898180139389,1
2,10623,2,1,0,-0.2958445000500426,1,-0.14462405235508463,1
13,12097,3,1,1,-0.9384014231275778,1,-0.8724528686174164,1
6,12127,0,0,1,0.38115838959723425,1,-0.3671992819516996,1
1,11216,0,1,0,-1.5074497195783314,2,0.8883180134541143,1
9,8040,2,0,0,-1.027296442728101,1,-0.5715324668330147,1
11,11585,1,1,0,1.531445061700572,2,2.042612691987223,1
2,11793,1,0,1,-0.2489614876746219,0,0.8644120189689538,1
11,4146,2,0,1,-0.10551951863058195,3,-0.8332924452100474,1
8,7412,1,0,0,1.8146496505905079,2,-1.1230162203629084,1
6,12176,2,0,1,-0.938211711244455,2,0.3813261954128359,1
2,9767,1,0,0,0.028013703371481236,1,0.2545359386828103,1
2,11510,-1,1,0,-0.9541049401852042,2,-0.06898646423674154,1
13,9133,3,1,0,-1.6208875258620878,1,-0.5772750096170395,1
4,5755,-1,1,0,-0.6137096068065376,1,-0.039585063978281154,1
3,2660,2,1,0,-0.6641673825800714,1,2.888026989795322,1
10,7066,0,1,0,-1.6841274949255087,0,-0.035681680810183136,1
7,10211,3,1,0,1.4433495197544661,1,0.27446513532061784,1
9,6330,-1,1,0,-1.1962349043919258,3,-1.1339553517774854,1
5,9304,1,1,0,-1.0396335545074709,0,2.3162446956783826,1
11,12714,4,1,0,-1.4410597308483168,0,0.4210033697445616,1
5,9521,3,0,0,0.38535585841501246,1,1.0698750419298064,1
8,6485,0,0,0,1.14596922184671,2,0.7229880573183155,1
12,8896,3,0,1,0.46249028568890244,1,1.337927943891143,1
10,8263,1,0,0,-0.7305459639209932,1,-1.5100245145866602,1
1,4686,1,1,0,-2.336610734064793,1,2.538153607699206,1
12,12991,2,1,0,2.3718409004194156,1,2.2865780931342274,1
0,9861,2,0,0,-0.4803931142672662,0,-0.45674309592616646,1
2,13082,0,1,0,1.4216209458435822,1,0.45822631938340314,1
-1,8281,0,1,0,0.4059311963869895,0,1.926457492754113,1
9,7834,3,1,0,-1.2883930398086878,2,1.5512402356906216,1
13,7278,-1,2,1,-0.4128954948439176,1,0.4296967421865983,1
11,6986,0,1,0,1.1758097881587433,0,1.7768461542658724,1
8,13398,0,1,0,0.13962072141671367,2,0.3455692077822384,1
5,11642,0,1,0,-1.134275659878671,3,2.444286145199373,1
6,10154,2,0,0,-0.19960606153163757,0,-0.9438561115836246,1
7,3533,2,0,0,0.03456603232734079,1,3.176765754156157,1
5,12970,2,1,1,1.0689844325082778,1,-0.45717791965780397,1
10,12341,-1,1,0,-1.1155276344324856,1,-1.3928142914048347,1
1,7744,0,0,0,-1.553659178384629,2,0.3674601784723838,1
3,7858,0,1,1,-1.0863165896130549,3,0.5156114486608492,1
3,8113,4,0,1,1.184861592789234,1,-0.13059728660697417,1
4,6073,2,0,0,-0.6917384189519215,2,0.3261191441516182,1
13,7095,-1,2,0,1.3333850436530181,3,0.6373533128859499,1
13,7584,0,1,1,-1.1866917603762024,1,0.6468780088686085,1
7,8057,0,0,1,-1.3464539735275312,2,0.5443963530803542,1
10,10125,2,1,0,-0.3093914734930461,2,0.014210568063185602,1
10,10600,2,1,0,1.466266562703012,0,3.4924064537381723,1
5,7841,3,0,1,-0.6059591064031856,1,1.4369644921126723,1
4,7599,1,1,0,-2.057895037558565,1,0.44291495559875305,1
4,11312,2,0,0,2.050639355968963,1,0.4544388329549148,1
8,9205,0,1,0,2.2053988740923307,1,-0.9303404431298783,1
7,12955,3,1,0,-1.7149452290138139,2,3.278921964669537,1
12,8039,1,1,0,-0.28925633715644133,2,1.8536052068298814,1
2,6227,0,0,1,1.2659769626251656,0,0.5144557775638494,1
10,5504,2,1,1,-0.22420202944849507,1,-1.354070518286921,1
8,8525,1,0,0,-1.722404623568184,1,1.7933684299243522,1
11,5683,-1,1,0,-0.6455109719973707,1,-0.24531396323886162,1
7,8993,2,1,0,-0.9059309395384072,2,1.1133181736594824,1
11,8263,2,1,0,-1.1489735632740428,0,0.10678010711513619,1
6,11845,1,1,0,0.06033695989910415,3,-1.4606630801415579,1
10,13100,0,0,0,-0.6306144739732561,0,-0.11940295748905655,1
9,12141,-1,0,0,-0.06411348029592856,3,2.4842936127639046,1
2,6439,3,0,0,1.445996802602771,2,-0.34795863972887464,1
5,5427,2,0,0,-0.408545822777152,0,2.7553445158562786,1
10,13455,2,1,1,0.3916047533615202,3,2.0230262451356875,1
10,8390,1,0,1,-1.185692321699392,1,0.03724209750173135,1
12,6870,2,0,0,-1.551388679889997,0,0.2794589726728792,1
7,8051,3,1,0,0.5912552600535309,0,-0.8778463453764972,1
8,9287,0,1,0,-0.8333027182947484,0,2.9506565283992483,1
9,8217,1,1,1,0.48517109940484066,1,-0.6153894941543603,1
4,7856,0,0,0,-0.1256975475462268,1,-0.3569043001476016,1
2,7760,2,0,1,0.36264165529336756,1,0.9294781354819839,1
4,12903,1,0,0,0.8811465919063565,2,-0.09304904837650052,1
5,4924,-1,0,0,-0.6028583189562092,1,-0.38355791882457674,1
9,11487,2,1,0,0.7135329745825456,3,2.039868164168217,1
11,8026,1,0,0,-0.22602236722770142,2,0.4678474318747014,1
7,7933,0,0,0,2.1148080138371683,1,-0.4800877758046712,1
9,8583,0,1,1,0.5314128013367367,3,-0.3717982053607414,1
5,12155,1,0,0,-0.39129626445455,0,-0.1646655744967711,1
10,5587,-1,0,0,-1.1362019571374038,0,2.3303179312374915,1
3,13182,0,1,1,1.429099503032012,3,3.723262728761858,1
7,12903,-1,0,0,1.8602520541266068,3,-0.8393016774678141,1
7,13685,2,1,0,-0.18034058881322312,1,-0.697010729904119,1
6,9598,2,0,0,-0.137589175837319,2,3.6191675894819344,1
12,12058,3,1,0,-0.7927033221413624,1,1.4894831424625288,1
8,11891,2,1,0,-0.7496633960750525,3,-1.2799438780070451,1
11,13011,3,1,0,-0.2574511998709058,1,0.20036669942461982,1
3,10581,-1,0,1,-0.11655896826007184,2,-1.1743953548055939,1
5,6311,0,0,0,2.2595028479371653,1,-2.111910198170333,1
7,11767,2,0,1,-0.41850571837522355,3,-0.7699549184904695,1
4,13676,1,1,1,0.7014345642695032,1,-1.071173784858135,1
7,6639,2,1,0,-0.9037433129883252,1,1.105736868933894,1
8,12078,1,0,0,-0.08479749440712536,2,-1.3677550053674707,1
10,6885,2,0,0,-0.8895248476299082,2,0.10111624799081098,1
8,7478,1,1,0,0.08623507076958073,2,-1.338130324932426,1
9,6701,2,1,0,0.977120997506248,0,0.059091201987744646,1
-1,8605,2,1,0,-0.7799810327576414,1,0.13440921310615894,1
5,8020,0,0,0,2.6850512626557457,0,0.44380860774107384,1
4,13404,3,0,0,0.1983087713071802,0,-1.605431491381539,1
6,11741,2,1,0,-0.9837269579456209,1,-0.6934157815612279,1
13,9051,0,1,0,-0.1812981526069205,1,1.6374151428039183,1
7,8949,1,0,0,-0.9663005121695151,1,-1.5340633460972828,1
9,6153,-1,0,0,-1.3151564313950581,2,0.776998570801819,1
1,7743,0,0,0,-0.45186869060268675,1,0.5487022383016198,1
1,5853,-1,0,0,0.2674617440648658,3,1.8630130062279102,1
4,11302,0,0,0,-1.332045269965774,1,0.5815275516624373,1
6,8568,3,1,0,0.18348726278901095,1,1.0557393807975533,1
8,8343,1,0,0,-0.8767615781868421,2,-1.3376290761573224,1
10,9690,1,0,0,-0.16690209732114425,2,-0.985725183108626,1
7,7085,1,1,1,-0.011454182193802898,1,1.161541210813203,1
5,8851,3,0,0,-0.43449407029225007,1,-1.5130891387956389,1
10,4772,-1,0,1,-1.1996046480385048,2,0.8126477563804053,1
11,7213,0,1,0,-1.2414054027616768,3,0.6886794361252454,1
3,8486,0,1,0,-0.8332537146016038,2,1.6398755502873195,1
5,8401,0,1,0,2.1352746725155054,1,0.9922360186854606,1
7,8060,2,0,0,1.026232637945982,1,-1.4772339210778602,1
9,12090,2,0,1,-0.7571749914539161,3,0.3244735353846077,1
6,13443,2,2,1,1.8449520801002464,3,-0.5134697197623239,1
4,3636,2,1,0,-1.134741889466746,2,-1.2381115083804826,1
10,10117,2,0,0,-0.6531837138625265,2,2.6442447037281895,1
9,11726,1,0,1,2.3293238905126734,2,-0.2681232340833011,1
0,12186,2,0,0,0.8744128891778451,1,-2.0970968724645194,1
11,9345,-1,1,0,0.5149908766414724,3,-0.012724332062365507,1
9,5864,-1,0,0,-0.6345751421111582,1,-0.3436859559990983,1
7,9586,2,0,0,-0.7388294980464741,1,-1.2086139660615014,1
13,6940,0,0,0,0.7650184094524484,3,1.4606757201991156,1
8,6826,1,0,0,-1.1443058758170404,1,0.9418176608380193,1
3,11965,2,0,0,-0.5704186322854451,2,-1.8725847292298259,1
8,11149,-1,0,0,0.17139201693677597,1,-0.5122850953519873,1
-2,8115,-1,0,1,-0.21285543836651732,2,0.4906472700559845,1
7,8294,0,1,0,0.018721834906713197,2,-0.1353598553853621,1
8,11700,2,0,1,-0.01866128990814364,2,1.0230864624636196,1
3,13047,2,1,0,-0.17704728020383953,1,-0.16459678341770528,1
11,8121,3,0,1,-0.3695008092951194,1,-1.3098114599749358,1
7,9035,2,0,1,2.0940033786405046,1,0.5292163354443309,1
6,11713,0,1,0,-0.3638506289186063,3,3.799310768358306,1
9,11632,0,1,0,0.4344237829703809,1,2.660216326003464,1
10,11086,2,0,0,1.629029894034453,2,-0.36500567119519733,1
2,6625,2,1,0,0.46145831254883163,2,0.26402848550300173,1
3,7550,1,0,0,-0.09515065179037774,1,0.44915186994602657,1
8,10185,0,0,0,-1.5593209797802667,1,1.0599734816850552,1
-2,7590,3,0,0,-1.1120185116902315,2,-1.027408233385446,1
9,6466,1,0,0,-1.5274832110691525,2,-0.5151841941861752,1
13,7921,2,1,0,0.3847609268932566,2,1.8968091863770797,1
2,12404,2,1,0,-0.2549641557607128,2,-1.190853580276612,1
11,9025,0,0,1,0.13759559797543336,0,-0.394982476127783,1
7,11561,3,1,0,-0.8157551955126024,1,-2.0160923718283854,1
5,12100,2,1,0,-1.1613029078166295,2,1.1827059010548024,1
-3,11035,2,0,0,-1.2482490987244983,1,0.48493223702316685,1
7,11400,2,1,0,1.4690706271004925,2,1.007797271744868,1
10,7899,2,1,1,0.7872637445129486,1,-0.1612915916224027,1
6,11774,-1,0,0,0.40804214219706625,3,0.3833684924043368,1
9,6176,2,0,0,0.2608096206543882,3,1.9670233017940728,1
6,8485,3,0,0,0.4806400776887197,2,-0.7843937549461193,1
10,12434,2,0,0,0.8362064920901173,1,-0.16531494056781765,1
10,12521,-1,1,0,-0.6786684913630192,1,3.622600218167225,1
2,5785,3,0,0,-0.9049489812441665,1,0.05517341569626362,1
8,9455,0,0,0,0.02332951236450076,1,-0.03652475320125606,1
4,9128,3,0,1,-0.9892873241415346,1,1.004105171350744,1
12,7589,2,0,0,-1.7123935976214781,3,0.4429940929802938,1
3,6948,2,0,0,-0.7661483999986541,1,0.19650006844780332,1
11,1907,-1,0,0,-1.1904786780013792,1,2.4660757604032373,1
0,7011,2,0,0,2.138540397880006,1,-0.3658681204727154,1
2,2724,2,0,0,-1.2512540236906873,3,-0.6380582616110797,1
3,5054,2,0,0,-2.2288928358631295,1,1.6466214152508316,1
8,9938,1,0,0,-0.7338010389526911,1,-1.0772402222042101,1
7,5725,1,0,0,-0.12603392631909782,1,1.8340712441649631,1
9,8492,2,0,1,-1.0044780824400812,2,-1.0947378704062816,1
5,7235,4,1,0,2.770637710539669,2,0.28526757579147555,1
7,12288,1,0,0,-0.4204081621238398,1,0.03408079833495359,1
4,12232,1,1,0,0.11047588541752584,2,-2.5139130423398535,1
4,11884,-1,1,0,-0.38251232122891515,3,0.3837062859131425,1
9,9021,4,0,1,0.05832578156569468,1,-1.666582313691709,1
4,7938,-1,0,0,0.4087520192749867,0,-0.873946788243612,1
3,11708,4,1,0,-1.2859814948796662,1,-0.8197207789438634,1
-2,5254,0,1,0,-0.6471876123792258,1,1.4683220448583694,1
8,9241,2,0,0,0.7687845717415245,1,2.84475245459897,1
12,12815,0,2,0,-0.684679573081312,0,0.4899721526350885,1
9,7815,3,1,0,0.6463256216247911,1,0.8802093195782612,1
12,13454,2,0,0,0.16822353456094397,1,0.33848876769836617,1
6,8002,1,1,1,-1.0334747700260134,2,4.14940809871576,1
10,5032,2,1,0,0.3538111168347383,2,2.4136951905002193,1
8,1249,2,0,0,-0.1291153313895208,3,-1.8158706896221157,1
5,10521,0,0,0,0.7231895335501272,0,0.44561320378213737,1
11,11513,2,1,0,1.9078605216538271,3,2.165727396360062,1
14,10151,3,0,0,-0.1770181014292768,2,-0.7416074099720606,1
12,5384,3,0,0,-1.3799958472248122,1,1.8562999361295236,1
4,8516,0,1,0,0.05052199622827225,2,-0.1746105890929937,1
12,7650,2,1,0,1.3109518249929248,1,-1.0485062324261116,1
11,12147,0,0,0,0.34121135079437437,0,-1.004735456112439,1
12,11601,2,0,0,-0.6560680501336912,3,-1.1722101418047055,1
9,8452,2,0,0,1.1913885881197925,1,-0.2890874995093264,1
14,6877,2,1,0,0.6121447215569696,1,0.5960260024017704,1
-1,11554,2,1,0,-1.124197145174079,0,0.14927665629253073,1
9,9369,0,1,1,0.13825595257446355,1,1.175028569086232,1
12,9136,2,1,0,0.8681699714215241,0,3.6974727752095067,1
12,7938,3,0,0,2.199150653372986,1,1.0112566550045594,1
10,4667,2,1,0,-0.14002238390420302,3,2.763316622305331,1
9,12539,1,0,0,-0.29212853650971127,3,2.746674377118765,1
1,7185,2,0,1,-0.8328167040331729,1,-0.7094959876097027,1
13,9625,2,0,0,-1.314068336570765,1,-0.8329130249167376,1
9,13416,2,1,0,-0.9874984781180882,0,-0.2729634142178209,1
9,13458,1,1,1,-0.9383134449582142,1,-0.8515820613283782,1
7,8633,2,0,0,-0.4031544331341021,3,2.831775828653522,1
7,9369,0,0,0,0.3547591552070035,2,2.820577862654629,1
8,11132,3,0,0,3.0014120021416124,1,1.3370350476257244,1
9,13362,1,0,0,0.28539225185102746,1,0.301223016044988,1
13,11992,2,1,0,0.030651719121703058,1,-0.37454546667899247,1
8,8754,-1,1,0,-0.6182173416910531,2,-0.5803655671150931,1
8,8311,-1,1,0,-0.6519739237855624,2,0.4115057543601203,1
12,9234,1,0,0,-1.1757573276553326,3,0.4326425534508147,1
1,9260,-1,1,0,-1.7410149034862332,0,1.064170869003818,1
8,11645,1,1,0,-2.1367102771837856,1,1.2918502235302212,1
6,11561,2,1,0,-0.3536597350575033,0,-0.9410357469682797,1
1,6127,-1,0,0,-0.3112452177927153,2,-0.9691619658824784,1
9,5082,0,0,0,-0.675308699644393,0,-0.9322310785171743,1
5,8805,1,0,1,-0.5505804441241782,1,2.2193617719580963,1
6,7497,1,0,0,1.3324278069333708,2,-0.9241810407785942,1
9,11749,0,0,0,0.7792272565822207,1,2.5767396817360106,1
7,8546,-1,1,0,0.18276084360771802,2,-0.44546689604664735,1
14,11361,1,1,0,0.0900751782979812,1,0.8382033594367693,1
11,11059,2,1,1,-1.5223853229492064,1,0.06878695173675622,1
7,10766,2,0,0,-1.5267061270194708,0,-1.1663006678261099,1
7,7056,0,1,1,-2.1274586295196416,0,-0.1335445523712005,1
5,9838,2,0,1,0.28753911226404494,2,0.02675691307423045,1
8,13234,0,0,0,-0.44609389552981443,1,0.6832377564031495,1
8,11103,2,0,0,0.45269804296232086,2,-1.2660765532773277,1
8,12450,0,0,1,1.2072794544588996,2,-0.2464808393498478,1
3,7764,2,1,0,-1.6465895521479337,1,-0.3342035413491519,1
6,5164,1,1,0,-0.8192259917008098,0,0.5586154640166192,1
5,13267,1,0,0,-1.1780042749906205,2,-0.9451106812828194,1
11,5143,-1,0,0,0.27084307225871507,3,3.2329334808640247,1
0,10261,0,0,0,-1.6428000038756148,3,0.12257954723533881,1
9,6650,2,0,0,-1.0039686492851052,1,0.2398557753631616,1
6,11107,1,0,0,-0.7787082766501231,1,2.154281880686493,1
7,12954,2,0,1,2.3316586541062096,0,-1.312196600866871,1
9,10874,2,0,1,-0.6594182973638085,1,-0.8001935224676624,1
4,9806,1,0,0,-0.6477445295620758,3,1.1620975827498912,1
7,12684,3,1,0,2.6908379657729125,1,-1.0202385019122113,1
11,6597,3,1,0,-0.885145154490219,2,-0.7139099396660196,1
9,5638,-1,0,0,1.8036703198556459,1,-0.10813859279025323,1
3,11628,2,0,0,-0.003563640086600258,1,-0.3827294640238734,1
10,12225,0,0,0,-1.071613498938575,1,-1.3316366125187822,1
6,9682,1,1,0,0.19713562248181782,1,-2.3682066433842057,1
6,7362,0,1,0,-2.31236457981694,3,0.5906340016187055,1
6,7993,-1,1,0,1.2220904896348626,2,1.6771063163097155,1
8,11142,0,0,0,0.03235561147181476,2,0.31060576053608463,1
13,6872,-1,1,0,-0.6050888713808363,1,-0.8430462948317925,1
12,6865,1,0,1,-0.5886264171924475,1,2.1036246644430583,1
12,9240,2,1,1,-1.5156441707515598,0,1.889742108150656,1
13,9203,1,0,0,-1.2481733911259878,1,1.074104520563977,1
13,8593,1,1,1,-0.15023936660837245,1,2.2508190601643725,1
5,8427,2,0,1,2.0245833288502886,2,3.484311284483134,1
13,8011,1,0,0,2.5694495562779784,2,-0.8399104773254906,1
10,12928,0,1,0,-0.3018833146856712,1,0.06742858436439769,1
0,5159,2,0,0,-2.0250291927176924,1,-1.9609676606081685,1
7,11076,-1,1,0,1.2220041733780738,2,0.25135647800091054,1
11,1679,2,1,0,-1.5705234758136388,3,-0.37881560634416195,1
9,6007,1,1,1,1.1822586799462924,2,1.431326863241297,1
7,10209,2,0,0,-0.8040341698570391,1,0.22564415045529468,1
7,8703,0,1,1,0.15019793854239105,1,0.20594128936443146,1
3,13390,-1,0,0,0.6320929125708159,1,-1.164571970221401,1
10,7109,-1,0,0,-0.7877567189576002,2,-0.49464851542955623,1
10,3631,-1,0,0,-1.5121153501365128,0,0.6515247647602027,1
3,8661,-1,1,0,-1.148069407885631,3,1.4577715130103368,1
6,9853,3,1,1,-0.9086775872638276,0,-0.9625852793104652,1
6,8076,3,1,0,-1.3727463436145495,0,-0.9928527740257274,1
10,11344,2,0,1,-0.5395964986373678,2,1.7395386665402492,1
11,10320,0,1,0,-1.5382609927291169,1,1.5650056780148314,1
5,3972,2,0,1,-0.8420181993036373,1,-1.2523056964429895,1
8,10968,0,0,1,-1.127739900534705,1,-0.5435948869657696,1
7,4532,1,0,1,0.46991560254036513,2,0.6302647580391502,1
10,12370,0,0,0,1.6684175099729064,0,-1.226081472841149,1
-1,5477,2,0,0,-2.1830412924962457,1,-0.7948772206876352,1
13,4852,2,2,1,-0.45811047728953125,1,2.1512409584857233,1
12,6286,1,1,1,0.4216460187064814,2,0.9029356829684825,1
11,9442,3,1,0,0.08351555306296143,3,-0.7210955181634809,1
11,11059,2,1,0,0.37190432015763436,1,0.7318984762720668,1
5,10374,0,1,0,1.5143194644429174,2,0.9779698047461785,1
5,9324,2,1,0,-0.9537240835497509,1,-0.8451823711449347,1
4,11753,2,0,0,-0.13813756999447468,2,-0.9340873050992553,1
12,7810,0,0,0,-1.8522046710316573,2,-0.8136683531591765,1
9,8181,0,0,0,-0.9915075379598621,2,0.4584925689662473,1
12,12054,-1,1,0,-1.2706867884331303,0,-0.9882855195614111,1
7,10768,-1,1,0,-2.102564592845939,1,-0.9914956216454593,1
12,11783,0,1,0,-1.1941486468252591,0,1.1747698279630563,1
11,7529,2,1,0,0.5251598224924885,2,3.3743843289327504,1
4,5525,2,0,1,-1.645786311722166,3,0.20116316073867507,1
5,11216,3,1,0,0.7129276719292224,3,1.321173870683822,1
7,11120,-1,1,0,0.2966325492509737,2,-1.1211418047396744,1
12,10655,3,1,0,-1.437329581517706,2,0.42531403371849547,1
10,8032,2,0,1,-1.1756368624332014,0,0.34622139167651605,1
8,10822,2,1,0,0.7698466220661093,0,2.5618460981475915,1
8,11329,2,0,1,0.2107052586107414,1,-1.2041737487904793,1
-1,11533,3,1,0,1.4517889024417623,2,-0.2785175506191956,1
7,9324,-1,0,0,-1.6689749291043943,1,-0.6016327906591654,1
3,10244,2,1,0,1.1354041775255628,0,-0.8699080461540603,1
7,13123,2,0,0,-0.47928752541255326,3,0.34020246139933624,1
8,12398,1,1,0,0.9141610485875031,2,-0.7198622891056443,1
3,9852,2,1,0,-0.7806794132095599,2,0.7701649064898584,1
3,8375,2,1,0,-0.11607833182341559,1,-0.9847147427596441,1
8,9251,1,1,1,-0.39291214315558876,2,-0.2681591290150121,1
11,8204,1,1,0,-0.08380615733261493,1,1.2955600307451542,1
5,12351,1,0,0,2.0575584984718898,1,-0.8439769483814203,1
9,3742,2,1,1,-1.1320368921030544,1,-0.6911095398516292,1
6,8317,3,0,0,-0.10295530800050301,1,2.953712448824897,1
11,8097,2,1,0,-0.18134169457352883,3,-1.3994136180767247,1
10,12491,2,1,0,2.157544434524221,2,-0.9483773915102058,1
9,1975,2,1,0,-1.5369786008402362,0,1.4825591343314435,1
11,11906,2,0,0,2.8350159138492366,2,2.6507745522871113,1
1,5591,1,0,0,-1.6037239411338038,1,-0.31034949144988105,1
11,6342,1,1,1,-1.8965725020129174,1,1.010422299849521,1
10,1616,2,0,0,-1.1790052257486903,0,1.2026373594207658,1
8,7293,1,2,0,-0.5719310224778367,1,0.5223853923022543,1
10,4558,0,1,1,-1.2842602802828313,0,-0.3316498311308284,1
6,5165,0,0,0,0.42766994933688696,3,0.5929830051067825,1
12,9190,-1,0,1,-1.3692487029137288,1,3.446189745468139,1
4,4374,4,0,0,-1.6350503177387368,1,1.1826454226969578,1
7,10174,-1,1,0,-1.1374371424989271,0,0.46106934473853034,1
9,7898,-1,1,0,-0.6824290956773392,1,0.5199824111937661,1
5,7054,1,0,0,-1.1761095008544609,1,0.544739364956349,1
14,7099,2,0,0,-0.45039857680895545,1,1.5084326416802933,1
10,4412,-1,0,0,-1.6912458849415644,3,-0.9030953341073551,1
5,13096,0,1,0,-1.6872128709198937,1,2.1884428701742853,1
8,8135,2,1,0,-1.04346645358637,1,1.6218089141297054,1
14,9400,-1,0,0,3.5591264614258264,1,3.955271568726957,1
7,6450,2,0,0,-1.7823308273737948,0,0.2141943752948512,1
8,12020,0,0,0,-0.5883418078237076,2,-0.7991246368058303,1
12,9738,2,1,0,-0.6795842250476887,1,1.7810094431578547,1
7,5694,1,0,0,1.5698824769817463,2,-0.1517336788832505,1
3,11389,2,0,0,0.9499088215298234,1,1.3099046492028565,1
10,2601,3,0,1,0.07846211211248477,1,1.405706310346672,1
5,12639,2,1,0,1.740476506193446,2,1.3411662949398853,1
11,8860,1,0,0,-0.9756826217952692,3,0.023049111274251924,1
3,5053,2,0,0,-0.8853429797684729,3,0.49526390587887287,1
8,9631,-1,1,0,-1.448682295037099,2,1.9254434480710376,1
-4,7287,2,0,0,-1.316435175980501,3,-0.6731396705461934,1
11,8261,1,1,1,-1.3719948243427107,1,0.23872898407097748,1
7,7426,-1,0,0,-0.586513245834878,1,0.6957825370015511,1
5,2638,1,1,1,-0.8944218474869106,2,2.214990834138128,1
7,3431,2,0,0,2.1540077173542405,2,0.09441951856495262,1
9,12920,1,0,0,-1.7071149318751242,0,-2.141538927964578,1
9,4090,0,1,1,-0.9098442604001541,1,2.165628926049896,1
2,11652,1,0,0,-0.6727673367651379,1,1.3496316628047695,1
9,8164,-1,1,0,-1.7308315280780304,1,0.44390656011934027,1
2,4174,2,0,1,-0.9310587193814593,1,-0.8287325395594346,1
7,12991,0,1,0,1.3159317727096118,0,3.086373079414284,1
9,12424,1,0,1,-0.23676238878265143,2,-0.9488868746316752,1
7,13519,2,0,0,-0.5643663132426538,1,1.8621982373494834,1
7,7259,1,1,0,-0.8674355275039621,1,0.5684207512837605,1
5,13935,0,0,0,-0.050793620703269746,0,-1.171446308907242,1
8,7841,0,0,0,0.32123295815779895,3,-0.42079882973899246,1
8,7819,0,0,0,-0.674534429228792,0,-1.6801941033134749,1
8,8562,-1,0,0,-0.808394568628136,0,0.38912003595439365,1
12,6311,1,1,0,-1.5837349467449284,2,0.5127809064477424,1
3,7809,0,0,0,0.3428068897355948,2,1.3533033566291637,1
11,3788,1,0,0,-1.7957838540013649,1,-1.0601190414341775,1
6,9991,-1,1,0,-1.0140647710603012,1,-0.12068934800731607,1
7,12854,2,1,1,0.020135416216948587,2,-0.6099060918127646,1
5,8937,2,0,0,1.720336758579625,0,-0.7774929834077215,1
5,8610,2,0,0,0.11598419400580628,2,-0.18419022983843591,1
12,11093,2,0,0,-1.028023666620242,2,0.3500031338924514,1
11,10934,2,1,0,1.5453604816698827,1,-0.28118661458994365,1
0,7110,2,1,1,-1.2318234155861028,1,-0.5782926154066046,1
7,12648,1,0,0,-0.36216524250418713,2,-0.21693384294057994,1
7,8996,0,0,0,-2.208292666201426,1,-0.6744232139924968,1
6,3516,-1,1,0,-1.2626153886867888,0,1.0888172179114162,1
4,11791,1,0,1,-0.6270385664998311,2,-0.4554945966534871,1
9,5759,1,1,0,1.1818772264851283,2,2.0142947343113633,1
2,11983,2,0,0,1.2289111411463742,1,-1.2844219937079473,1
5,10783,1,0,0,0.8863200318924296,0,-0.848572962188136,1
12,11424,-1,0,0,1.5580673085121264,1,0.4946435348174248,1
6,11122,2,0,1,-1.4391826200816653,1,0.655609440283982,1
12,7275,3,0,0,2.3845768368521085,0,0.8944707061437707,1
10,5724,-1,0,0,-0.7558970805378306,3,-0.9657132451491028,1
7,9735,2,1,0,0.37599068166861316,0,2.0096033676818235,1
1,7272,0,0,1,-1.2565873033233017,1,1.2030263633672542,1
8,10044,1,0,0,-0.962167822523165,0,-1.9545542337148023,1
8,9171,3,0,0,-0.5144222536451707,1,0.5490398553207568,1
0,12248,2,1,0,0.31030993714432953,2,-1.514324737261466,1
6,4769,3,0,0,-1.408333102349113,3,1.3757488497018329,1
8,10689,3,0,0,0.06014389532432729,0,1.1515344798974883,1
5,11052,2,0,1,-0.29042063457042605,2,-1.3030205576909648,1
3,12635,2,1,0,1.5245709463918606,2,-0.18772922650440926,1
6,10380,2,0,0,-2.301280052789415,3,-0.7550371296402866,1
10,12742,0,0,0,-1.4625231844241058,2,0.4598693963078702,1
6,11370,2,0,0,1.958410143154357,1,0.060432951174394456,1
8,6930,0,0,0,-0.2023238236364659,3,-1.1064778526446013,1
3,8211,1,0,0,-1.0243365033658676,1,1.5368558329183077,1
12,6316,2,0,0,1.8225653877237646,2,3.562281777574446,1
4,5493,1,1,1,1.588961251441278,0,1.2966601559758013,1
9,3278,0,0,0,0.21220305608223156,2,0.06522723181215312,1
9,5238,2,1,0,-1.2968107556224444,2,2.948436504026284,1
9,11708,0,1,0,0.6376632156152428,3,2.9469375489171017,1
8,4356,2,0,1,-0.24598014398383644,1,1.8610230532017327,1
9,8408,2,0,0,-1.743269979097755,0,0.23050497308385215,1
10,10575,0,1,1,-0.8984819735700114,2,-0.36353131628135166,1
7,12949,2,1,0,-0.4656312559940169,0,-1.0128304867685125,1
12,12149,0,1,0,3.11586851324567,1,-0.8232003770089453,1
-1,11583,2,1,1,-0.43004232861423486,1,-0.5232875200057542,1
6,6508,2,1,0,2.8511605070062775,1,-0.5077671534053569,1
7,8629,2,0,0,-1.0606989891083605,2,0.17891254273850937,1
7,12160,3,0,1,-0.3956696929318688,3,-1.048281633818474,1
9,6715,1,0,0,-1.7595552931581135,1,0.38461994640260616,1
10,8150,1,0,0,-1.144822306709321,1,1.637631063664688,1
14,7319,-1,0,1,-1.885969689359285,2,1.4996793072339805,1
12,9098,2,0,0,0.04174460419117154,1,2.1241063259412956,1
13,8970,2,1,0,-1.008677327097183,2,-0.20087762765341,1
5,8916,2,0,0,2.9431982724769536,1,0.15793713193419484,1
10,6716,2,0,0,0.263538080599521,1,1.4842734455015287,1
9,6069,-1,1,0,0.2993332389697819,3,0.03962052495928181,1
8,11445,1,1,0,0.3422692307345656,1,-0.200002204946937,1
5,7394,1,1,0,-1.9622868638394864,1,-0.6430606604683121,1
3,13412,0,0,0,0.6676189872206574,1,-0.9337649614928047,1
12,13413,0,1,0,-1.0018413425759163,0,2.3768030859194162,1
3,6913,2,0,0,-0.5669117695687143,1,-1.7489002829982694,1
9,8789,-1,0,0,-1.2443410651947717,1,-1.2671064441007422,1
14,12451,1,1,0,-0.5252237433880812,2,0.03093727016984127,1
7,13333,2,1,0,0.8908947280471321,3,-0.7058370168087895,1
4,11923,2,0,0,-0.9241846415301614,2,0.3326407281100583,1
4,7236,2,0,1,-0.9469943658193738,1,-0.8286602068126379,1
12,9404,-1,1,1,-1.2144174498719553,3,-0.6554948371889218,1
11,10073,1,0,0,-0.7940569146037911,3,3.885618975439634,1
13,7223,1,0,0,-1.5074180401427535,1,2.182110744140049,1
6,5019,2,0,0,-2.239597373219501,0,-0.3368974514500328,1
-1,5912,1,0,1,1.4986338846733798,3,0.07658210799983167,1
4,7456,2,1,0,-0.2603683041928252,2,1.2097769501073838,1
2,5708,2,1,0,-1.4804512332331998,0,-0.5877697078740962,1
9,10550,2,1,0,-1.0047677300975735,3,-1.173135129654552,1
4,12913,1,0,0,1.4878165124012446,2,-0.7049021084920185,1
11,5678,1,0,0,-1.5720318963070206,1,-0.13943711192779912,1
10,12698,-1,0,1,-0.4720324222264377,3,3.8623408877351597,1
10,11708,2,1,0,-0.11431556766193862,0,-0.9977762110990465,1
7,11461,1,0,0,-0.6069663854524819,3,-1.1242275615165278,1
9,11265,2,0,0,-0.7470289227494528,1,-0.6335699474582078,1
11,7294,3,0,0,0.7607803747058297,2,3.584959710294928,1
7,10615,0,1,0,-1.369644632806827,2,0.14455236817972145,1
9,6813,2,0,0,-0.6232760278120805,2,1.4072495237920315,1
2,10070,2,1,0,1.009375105128468,0,0.11146844401440537,1
11,10771,2,1,1,1.4159972981756679,1,0.4989460718493457,1
6,10886,1,0,0,0.1156541758766878,1,0.2984573231871898,1
4,9035,2,0,0,-1.1453911818370153,1,-0.319725197464866,1
11,8229,2,1,1,-2.0842429587107065,2,0.46255209753723336,1
7,5708,2,0,0,-1.3812875492164778,1,3.0330298291157645,1
8,12450,2,0,0,1.900465268358793,0,-0.11344696398043064,1
6,13528,1,1,1,-1.1268107760359838,2,-0.4821280866367615,1
8,7307,1,0,0,1.5636465702938807,1,-0.16771260156496948,1
8,4664,2,1,1,0.2593902507489068,1,-0.6361919836780017,1
7,11387,2,0,0,-1.1202425035870833,3,0.3454553056798844,1
8,11989,0,0,0,-0.6894997972009396,1,2.1908330101838756,1
8,8990,1,0,0,-0.8024642616549162,3,-1.175859435283116,1
3,8373,1,0,0,-0.20290168676191833,2,0.6626752267661586,1
9,10010,0,1,1,-0.6712615119533513,0,2.1624965500933158,1
10,7505,-1,0,0,-1.4013387316547818,1,-0.0991013273071506,1
11,4087,2,0,0,-1.5725638306478316,1,-0.17119462292977056,1
8,13581,2,1,0,2.432953596413849,2,1.8554740068511362,1
8,8171,3,0,1,-0.011577065976114631,1,1.642201598459912,1
7,5554,1,0,1,0.3623526676509937,1,0.2844997624579597,1
2,10855,1,1,0,-0.21403440315075717,0,-0.16396700423050925,1
10,11256,2,1,0,-0.4555803954529173,3,-0.7158508769889294,1
11,4342,2,0,0,-1.2870320224785454,2,-0.36575622644060735,1
11,10651,2,1,1,-0.48273046888900756,2,-0.6045921771932281,1
10,7893,0,1,0,-0.08536025504974867,1,-0.3845756448387905,1
6,8457,0,0,0,1.2311976026011269,1,3.8304708437741812,1
10,4169,1,0,0,-1.6203785707194505,2,2.379931188623774,1
7,6355,1,0,1,-1.6935192444431921,1,-0.6482768648946591,1
4,5913,0,0,0,-0.8017403995444353,1,1.3341189421791366,1
-1,6819,2,1,0,-0.09588928284095383,2,-0.9640357594457538,1
4,10890,2,1,0,-1.5416888327090335,2,-1.397250137238092,1
0,9600,2,1,0,1.5069971486610318,3,0.28864742060428367,1
8,12523,0,1,0,0.06350551069467258,1,2.790235745736076,1
7,12951,1,0,0,0.040932453924147794,0,1.836777710940222,1
2,12174,2,0,0,-2.4052119165636827,0,-1.74212540213878,1
11,9443,0,0,0,2.310334843367523,1,1.358732523553193,1
9,8627,1,0,0,-0.8413960735457452,1,1.40643686183656,1
3,12130,-1,1,1,-0.4240918501647116,1,-0.2614044060302342,1
10,12015,2,0,1,0.5526074949440375,2,1.2623576055386485,1
9,12459,2,0,1,2.364033642846073,1,0.9550596159945586,1
6,6346,0,0,0,0.4853982176531274,2,0.7450143156497975,1
13,12728,2,1,0,-0.34620096930289473,2,-0.48335737494715947,1
10,11818,0,0,0,1.183474854732355,2,1.9090925431094572,1
8,8524,-1,0,0,-0.33571234064907957,3,-0.7642730493864778,1
10,10298,2,1,0,-1.2569920919679385,3,0.02648650545039405,1
11,7410,1,1,0,-0.8406555627614304,2,2.3461148507286254,1
3,9184,1,1,0,-0.16947429226770688,1,-1.4281868179310861,1
8,11486,0,0,1,0.6197545596591586,2,2.484490083548242,1
8,1460,2,1,0,0.35313604799622966,2,-0.2640215700865295,1
7,8137,1,0,1,-1.5096014201895467,0,0.262950697076448,1
11,8635,-1,1,1,0.18827783345607152,2,1.2682689875642998,1
6,12351,-1,1,1,1.794476813433748,2,-0.8386693365060178,1
7,10595,0,1,1,-0.7626956020423532,1,-1.4653209783141186,1
8,-47,2,0,0,-1.0138538406583906,1,-1.0185838349554441,1
11,5748,-1,0,0,-0.5820230264218701,2,2.171436746637369,1
9,8662,1,0,0,-1.2747305537550937,2,0.23112490757441434,1
9,9355,2,0,0,1.84708972706632,3,2.676141723629181,1
9,12137,0,0,0,-1.2571456533753596,3,0.12132528394938863,1
10,8954,1,1,0,-0.12804679877811947,2,-1.0770878808452586,1
4,6893,3,1,0,-1.227400747541242,1,-0.38268809040017676,1
11,10898,1,1,0,-1.255178975257132,2,-0.9663859188195676,1
7,2155,3,0,0,-0.9809901709275018,3,-0.26180718694199023,1
5,10076,0,0,0,0.4799849940987787,1,2.1356218295372815,1
8,7247,1,1,0,-0.07285533401072519,0,-0.03838782517568928,1
6,8870,3,1,0,1.705986656646325,1,3.6796211484999084,1
12,12285,0,1,1,1.1149975641915704,1,2.2192105536426654,1
3,9071,2,0,0,0.3252746266339335,1,-0.43289214821760885,1
4,8424,2,0,1,-1.1428066505163517,3,-0.12114377372397911,1
9,9552,1,1,0,-1.7933215298113452,0,-1.4376586294069906,1
7,7355,2,1,1,1.089272581639409,1,1.9531976696941544,1
0,12123,-1,1,0,-0.2610066433668255,1,0.8106732764900757,1
3,11748,0,0,0,-1.1879669907506591,2,2.046906915029098,1
3,12171,2,1,1,1.9048916669167697,0,3.4033447909745194,1
10,8835,2,0,0,1.7415376951731363,1,-0.0638039702828116,1
6,8601,1,0,0,-1.5287216268994355,1,0.5495478639682101,1
4,13128,3,1,0,-0.3826870213106238,2,0.6770412842750384,1
9,10662,0,1,0,-1.266174396723689,1,2.4279081687348754,1
6,10965,0,1,0,-1.0701162577228072,2,-0.6261617738512777,1
9,9038,1,0,1,-0.3709792966664266,3,-1.2931245693157665,1
7,8943,1,0,0,-1.462185433405883,3,0.4043801887361912,1
10,8760,-1,0,0,-1.0282349272022153,2,0.8127884251649389,1
5,6251,0,0,0,3.124835793449656,1,0.041434359698906076,1
8,9237,1,1,0,0.28948324041720563,1,-1.425430728295097,1
4,9385,-1,0,0,-1.0328172654247707,0,-0.17201418973384364,1
4,9208,3,1,1,-1.0273544906479968,1,1.20360322893283,1
1,10728,1,1,0,-0.13638140039537672,3,2.4196502350923215,1
3,6364,-1,1,0,-0.8259831281299462,2,0.754598786103733,1
12,5853,-1,0,1,0.05957152920619968,2,3.079387534315301,1
5,13455,3,0,0,0.04114233018485036,1,-0.7677733545745703,1
12,10561,0,0,0,-0.24644822327579818,3,1.6863220314977228,1
8,11863,2,1,0,0.10112812301634966,1,1.1394861654649622,1
12,8528,-1,0,0,-1.5936956596777587,3,0.3317475521689854,1
10,8531,2,1,1,-0.20393142473119985,2,0.5317620943523715,1
11,11935,1,0,0,-1.5795834817628678,2,0.853035563784688,1
7,10265,-1,1,0,-1.198074916872177,2,0.47639600208432664,1
8,4578,2,0,1,2.1766224030729933,0,0.5804949048979473,1
2,12168,0,1,0,-0.5258063944134266,3,-1.0176752134290492,1
6,7441,2,0,0,-0.21325781409225614,2,-2.4922195773774485,1
5,6153,2,1,0,0.2357250224862404,2,1.9133562295826037,1
7,11413,2,0,1,-0.9016702638705386,1,0.36113745313255463,1
6,9464,1,1,0,0.6760857351034699,2,-1.5016955607547542,1
12,6479,2,1,1,-1.2110073951283944,1,2.2230923892904695,1
5,9485,1,0,0,-0.4357147315704391,1,0.32375252484830824,1
13,9116,2,0,1,-1.7233650811052987,1,-1.05601689465873,1
1,6238,3,0,0,-0.784817669742741,0,-0.59795862480444,1
10,12347,-1,0,0,-0.05994054832791684,1,1.1181734482786359,1
5,10854,2,1,0,-0.2013357691350499,1,1.4279235277285702,1
9,9497,1,0,1,0.17163612574546305,0,1.8769900643500241,1
11,12788,0,1,0,-0.5790333708718055,1,1.3602871840852049,1
3,10816,1,0,0,-0.6360303287965138,1,-2.2529718738397118,1
5,5335,1,0,0,-0.48300109905164573,3,1.5106273761094964,1
0,5616,2,0,0,-0.06636345924177278,2,0.7391612688615945,1
14,3676,2,0,0,-0.6280645150966729,1,0.24514583547427102,1
12,11709,0,1,1,-0.08165421861550498,1,-1.6536469221460872,1
2,7920,2,1,0,-0.7903075908779622,0,1.3417577102601326,1
13,11479,2,0,1,-1.3891581860876505,2,-0.7492401692608339,1
6,4135,1,1,1,0.23834221452194582,2,-0.24120106586546888,1
6,5583,3,0,0,-1.2896697766873118,3,1.7449502086279791,1
8,11826,2,1,1,-1.3813197586413932,1,0.2026992826977243,1
11,13093,1,0,0,-0.9197298086884234,2,-0.564541563728603,1
14,11533,-1,0,0,-0.9462231956116953,1,-0.3395090888680399,1
6,11431,2,0,0,0.04211558705517415,1,1.4786885047086518,1
-1,12607,3,0,0,0.7148646713164991,1,-1.5321780439417967,1
3,6590,2,1,0,-0.5745995069079978,3,0.3252267475729096,1
11,6614,-1,0,0,-0.31533578119164174,0,1.2028000505933993,1
8,12007,2,1,0,-0.6247828265580404,1,-0.36957018177645845,1
7,10011,2,1,0,-2.1424863648138643,2,1.9866611065579896,1
10,3091,-1,1,1,-1.3076062472942251,0,1.586707106467331,1
6,7505,3,0,1,1.9901054720183344,2,1.8023002513969417,1
10,8820,2,1,0,1.158530795635149,0,1.4624062046591992,1
13,8828,2,0,0,-0.5419533633235044,2,0.011791789964081478,1
10,7619,2,0,0,1.0585419393141386,2,-0.8286655580916181,1
9,12270,3,0,0,0.2657556534604344,1,0.6023201418654869,1
7,10302,1,0,0,0.1920146521415409,3,0.5907390300204121,1
5,11487,1,0,1,2.4823944368849014,1,0.3005506592683772,1
4,7774,1,0,1,-0.12906191925525778,2,2.36191276599109,1
7,10391,3,0,0,0.5946066043239672,0,-0.22497965750962412,1
12,8976,-1,0,1,-0.888200850429664,2,-1.114694828712095,1
6,6113,0,0,0,1.7502649057999402,1,-0.7291921066670605,1
5,7034,1,1,0,0.10327616789204608,2,0.7651101067666779,1
-2,6347,3,0,0,-1.8264727658269833,1,0.5351662248624511,1
8,11628,1,0,0,1.8521192537577518,0,-1.0088821055555823,1
9,6207,0,1,0,-0.3412011415411018,2,1.6928910608190741,1
9,7622,2,1,0,-0.25917189342439223,2,-0.6210310347790801,1
13,5915,2,0,0,-0.7182093247715301,2,0.061991759153029805,1
10,12698,2,0,1,-1.2813119621744757,2,-1.780002539745831,1
10,4786,-1,1,0,0.41810489252774385,3,0.025406812638482504,1
11,5714,1,0,0,-0.8172201832271235,2,0.02706311496704683,1
12,6036,2,0,1,-0.7003255930054515,1,1.3954253187586252,1
9,13770,0,0,1,-0.906166451131847,3,2.006803660549823,1
6,12461,3,1,0,0.6988318000923818,0,-1.7062667204499729,1
9,4020,0,0,0,-1.277417382436521,1,-0.2947468164449851,1
9,7976,2,1,1,-1.020952014192531,1,-1.4263538368449966,1
11,11119,0,1,1,-0.12061179973629621,1,3.382201622133148,1
6,10755,-1,1,1,-0.6000799595099715,1,0.38323290523154313,1
10,12036,2,0,0,-1.1099081819208725,1,-0.8154472211287833,1
9,10837,2,0,0,-0.3847644035464627,3,1.3766798496485635,1
2,6992,0,1,0,0.17096080146170778,3,-0.020365415562885958,1
3,2739,0,0,0,1.3633525493355636,2,-0.29296618809476693,1
5,8361,0,0,0,0.7917793561033283,1,3.2079535118282614,1
12,9325,2,0,0,-0.9438304603475479,1,-0.9872399305606379,1
9,11978,1,0,0,0.3809712740019862,2,-0.264561453815908,1
11,3588,1,1,0,-1.6967607119488348,1,1.4424487613143315,1
4,12363,2,0,0,-1.1301024673889848,2,2.5389456736032896,1
7,11438,0,0,0,0.2955483380632583,1,-1.0644262584765807,1
5,6424,2,1,0,-1.1698971531167963,1,-0.4803779386138179,1
10,6237,2,0,1,-0.7194093493453472,2,0.4085438819123179,1
0,6905,1,0,1,-0.25425349934096614,1,-0.11783224077618121,1
8,13434,-1,1,0,-0.3268204672825625,1,-0.2611766684137619,1
12,9120,2,0,0,2.3991533279887975,2,0.7950647385018439,1
12,12036,2,0,0,-1.2928889144439872,2,-0.3446046180756423,1
11,10389,-1,0,0,-0.7224732309081582,1,-1.0806372244415523,1
13,9054,0,0,0,-0.588441153716911,2,1.603873742267404,1
1,12665,2,1,1,-0.07638566228167065,0,-0.01939184471071781,1
7,7706,0,0,0,-0.3499919504444218,1,2.3733077918867522,1
11,11501,2,0,1,1.2763036404812036,1,-0.11130466278058476,1
8,11737,2,0,0,0.1350176681646652,1,-1.5001783237494042,1
12,12312,0,0,0,0.3501205342799739,2,1.8544464372196634,1
1,10621,0,1,0,-1.1273856810627816,1,-1.1146360454854276,1
3,12954,-1,0,0,-0.1796542784316536,2,-0.48223640479583174,1
9,4408,2,0,0,-1.583029651317014,1,0.4727426961728082,1
5,6307,1,1,0,-0.3934335879062014,0,-0.6219819984164257,1
11,6397,0,1,1,-1.865707814160951,1,3.0936010796242344,1
-3,7483,2,0,0,-0.05105941656016594,0,-0.7255692907973845,1
9,6776,2,0,1,-1.0381556671543009,2,1.3946615541883463,1
11,8691,-1,1,0,-0.682480665942739,3,4.629343493054316,1
10,11158,1,0,0,0.5309900581271203,1,2.9610306871350653,1
3,7100,2,0,0,-1.4791806169239905,1,2.268872349929948,1
7,11297,2,0,0,-1.2320263220874825,1,2.229916533434414,1
5,8529,2,0,0,-1.289625203118791,3,-0.5721547275127044,1
2,11036,-1,1,0,0.6923988401163771,3,-0.21260590584496325,1
11,11268,1,0,1,-0.8571085525489628,2,-0.5903374919846915,1
10,9533,2,1,0,1.5667444850136694,1,1.5506310240719021,1
8,8861,-1,1,0,-1.8721919481773872,1,1.8457145056511322,1
5,6898,2,1,0,-1.6816519137689792,1,-0.08525949680317685,1
10,7523,3,1,0,-1.5926106075575222,1,1.7878115276006064,1
7,6366,2,0,0,0.21710575510148367,3,-0.8281304355835384,1
9,5845,3,1,0,-0.122137649129679,2,2.2996785750176514,1
10,7143,-1,1,0,-1.1600287614989564,1,1.7220140648356745,1
9,7459,2,1,0,-0.673287299594327,1,1.0171995953498005,1
9,2317,1,0,0,1.0960374358436737,0,1.8928192117340936,1
11,8429,-1,0,1,-2.56527848839475,1,-0.9438228068082226,1
4,7886,1,2,0,-0.18189207266235746,0,-0.08832870088848782,1
10,8020,-1,0,0,-0.25047495048027185,1,1.1064567590769383,1
7,11451,3,0,0,0.002967151392281875,1,1.28802641387411,1
2,12727,2,1,0,1.1920616616041821,2,-0.08771143452463298,1
10,7307,2,0,0,-0.6929459518545495,0,2.9163709793365746,1
9,7700,2,0,0,-0.48827622784531,3,2.2567581833820505,1
12,11464,3,0,0,0.5386415194279826,0,-0.011046726691781472,1
7,9704,3,0,0,1.8059953802523658,1,1.0973059675807422,1
12,6914,2,1,1,-0.6969562792196349,0,-0.7971121939869805,1
8,11128,1,0,0,-0.29018866794058684,3,0.20014575931416445,1
12,12602,0,0,0,-0.05191090559998773,1,0.6088976757696962,1
8,8235,1,1,0,-0.3898756149109751,1,0.4006170649566891,1
6,10411,1,1,1,-0.8692698345595493,0,-0.5486749181456005,1
12,7290,2,1,1,-0.15048748745084162,0,0.6899701668144613,1
9,7806,4,0,1,-1.170650842320139,0,4.557012165051252,1
11,11421,2,1,1,0.4263759625624492,2,0.025627250326008377,1
8,6844,2,0,1,-0.7872361706004628,2,0.25473969058370005,1
9,7665,1,0,1,-0.2728719090253394,1,0.25967352807769545,1
3,8739,2,0,0,-0.6687712078312942,1,1.9572880678053677,1
7,12706,2,1,1,0.34347591592967464,2,-1.404700338853949,1
5,7030,2,1,0,1.7048438213382067,0,-1.2500312530657476,1
11,11651,2,0,0,-1.1708178367132749,1,-1.1987073263235835,1
8,8710,1,1,1,1.078258235609449,1,2.3992807282534354,1
4,12094,1,0,0,0.19285535558405242,2,0.09479521478649237,1
12,7166,1,0,1,-0.7984372739287684,1,1.2301677112584015,1
9,8843,2,1,0,-0.12959437864396467,3,2.4700340831283425,1
8,10797,1,0,0,0.10310485727119967,0,-0.061381323965614465,1
6,9570,1,0,0,-1.4329546265661057,1,4.051143820805766,1
8,5862,2,0,0,0.4813044299858187,1,-0.8278438136716908,1
3,6454,0,0,1,-0.5790200321620885,0,0.18386278274389783,1
8,8707,2,1,0,1.1603710138548398,1,0.22068436177932213,1
6,10833,0,1,1,-0.2791915512143157,2,3.2166765380418836,1
8,9440,2,0,0,2.587195503983787,2,2.1718700781174505,1
2,9973,3,0,0,0.6129782079529178,1,-0.4078838700974055,1
0,10499,2,1,0,-1.0813110824787655,3,-0.1900563190994582,1
11,6766,2,0,0,0.4296133745631533,1,0.03712774344126685,1
4,3360,2,0,0,-0.01509145442095131,1,-0.9082831276370867,1
6,9546,2,1,1,1.9707231728404087,3,1.8730302112088286,1
8,4124,-1,0,0,0.5135947532695091,0,-0.7818790325496496,1
11,7243,-1,0,0,-1.0953564832890386,0,-0.6409601671363853,1
3,7808,2,0,0,-1.104952538635017,1,-0.3194072808201597,1
9,8704,2,0,0,1.4259056249338262,1,1.1682794813334265,1
13,7114,-1,0,0,-0.5449800162078206,2,-0.6596013171102295,1
10,7563,-1,0,0,-0.5307190974061711,2,2.8303698159576864,1
5,13534,2,1,1,0.4607630797272979,1,0.6634208847186243,1
10,4525,-1,1,0,-0.7204059262932867,0,0.3275218510001562,1
6,10292,0,1,1,0.6709449844580401,2,-0.046297237721178774,1
2,6517,3,0,1,-1.2075290921144084,1,0.6228031912454433,1
10,9446,2,1,1,1.6931189638838267,0,0.8448506621074023,1
9,5685,2,1,1,-0.5418980138655689,2,-1.278635425667384,1
2,12672,2,1,1,2.236146643459337,2,-1.2763723258389053,1
9,11818,3,1,1,-0.7475845633760995,0,3.5232848334972804,1
-1,11190,2,0,0,-1.769135057962433,0,0.1913837114005026,1
8,8803,2,1,0,1.3875056596313762,3,3.416313533816747,1
8,6871,3,1,0,-1.7480919226604321,1,0.015902476281046463,1
9,8395,1,0,0,0.4182688706969596,0,2.645672518747782,1
8,8056,2,0,0,1.4009577246965297,2,0.6835450553304143,1
10,7341,0,0,0,-1.1518595419769544,0,-1.2383216818013039,1
8,9471,2,0,0,1.048379762208929,2,-0.9563203440187127,1
9,13754,2,0,0,-0.9717930666910543,2,-1.4991336077821558,1
8,11891,1,0,1,-1.0414651260854795,1,-0.15130764916045925,1
10,7120,0,0,0,-1.0424360903650705,1,2.41814586251456,1
2,10299,2,0,0,2.9501193071315837,1,-1.425625486848564,1
1,1389,1,1,0,-0.931239838617947,2,0.2828562592808348,1
4,13812,0,1,0,0.24196660900580458,1,0.9981122705402246,1
2,8773,0,1,0,-0.46139444777508565,2,-1.6741298419584683,1
10,7716,2,0,0,-1.0414333424412319,0,-1.9873781303856355,1
3,11614,0,0,0,2.8984992425580223,2,-1.7929184175879929,1
5,11264,1,1,0,-1.2999664025571995,1,-1.105313238547677,1
11,8429,2,0,0,-0.0031756999877776554,0,1.385489772693463,1
8,8734,1,1,0,-0.9021970203116598,1,-0.871812033977164,1
4,9589,0,1,1,-0.2275694274841703,1,0.24116267610296416,1
12,11511,1,0,0,0.010312426706650363,2,0.29554817994093807,1
5,8746,3,0,1,0.731010562912373,2,0.751769026480781,1
3,10195,2,1,0,-2.5418377736269013,1,-1.3182265659099959,1
7,12165,2,1,0,-0.6659920057301038,0,-0.9315649138303295,1
11,8259,0,0,1,-1.1746487037231157,0,0.2700162319155986,1
4,11185,3,0,0,-1.7299410649957543,1,-0.8794677563470124,1
10,6785,1,0,0,0.2826289361172357,0,-0.6217122865359812,1
11,11010,0,0,0,-1.3471687615680525,2,0.13732428570342425,1
11,10153,1,0,0,-0.9100760468769161,1,-1.2875861259014572,1
5,5366,2,1,0,-1.1946948044629664,0,-1.1891180160241788,1
10,12319,2,0,0,-0.09211395905204378,2,0.6184930009612408,1
6,3631,-1,0,1,1.1431908294337556,3,2.585297022848251,1
2,13021,2,0,1,1.4429981332000898,1,0.420875128044163,1
8,10944,1,0,0,-0.163174163521705,1,3.385850058338537,1
3,8442,2,1,1,-0.9366496753905316,0,1.2810988434592567,1
7,8119,3,1,1,0.2997259315056048,3,-0.6560957039230475,1
9,12973,1,0,0,1.471111892191956,3,0.48118342993301855,1
7,7691,2,1,0,-0.32331111817659236,1,2.185809193260771,1
11,12905,3,0,0,-1.0031791213727235,1,0.3463924257911721,1
6,10010,3,0,0,-1.0204204913208503,2,-0.41228423228387956,1
9,9300,1,0,1,-0.15474704440123943,2,4.2981453152894185,1
7,8760,2,0,0,-1.2373319900731938,0,-0.043027565012750624,1
8,12066,1,1,1,0.23791412910284615,2,1.0017227098102668,1
6,9125,2,0,0,-1.174165046155235,2,1.91017136578448,1
8,11994,1,1,0,-0.7036825580639131,0,-1.4083659908070567,1
7,3312,2,2,0,-0.7380451268512539,1,0.4202116389713672,1
12,10182,2,1,0,-1.3265773889641868,1,1.688522569931718,1
5,12070,0,2,0,-0.2497965201683002,3,2.664337989664446,1
10,5268,1,1,0,-0.49934039025363863,0,0.015632763735678096,1
10,11018,0,0,0,-0.7324594044351063,1,2.8890735607777485,1
6,12801,3,0,1,-0.01570912638484001,3,0.37255211156995743,1
12,12146,1,0,0,0.7278231805288926,0,0.5548349276007651,1
7,9961,0,0,1,1.9838880123773266,1,0.7650823406316796,1
9,11133,1,0,0,0.7268132440029401,2,2.6246795080149745,1
6,4328,0,0,0,-1.6056949439118222,1,-0.654069470843589,1
6,11430,-1,0,0,0.8899100511774988,1,-0.2405607694806593,1
4,9286,1,0,1,0.15184429415959178,1,2.566463161579531,1
8,8639,1,0,0,-0.0659229075316336,3,0.4129691049010882,1
12,7905,-1,0,0,2.6798119724735847,2,0.6473687500531891,1
8,11031,-1,1,1,-0.6952444955074046,2,-2.12763893595325,1
-1,10473,2,0,0,-1.019709743472955,1,-0.15408537210818107,1
6,12158,0,0,0,-0.8643181251509737,3,-0.3781242272996697,1
14,10406,0,0,0,-0.4606711122596323,2,-0.6886626054368754,1
9,12548,2,1,0,2.2751755822647493,1,0.16051282918020976,1
9,6213,0,1,1,-0.15382133121072156,1,3.0487226644489747,1
9,9180,-1,0,0,0.6725117424468503,3,3.074975267308795,1
6,6258,2,1,0,0.9628709745585075,0,-1.0412862454633227,1
4,10304,3,0,1,0.5101749020485153,1,0.8050915389534243,1
8,6335,0,0,1,-0.09973062282209577,0,-0.4339294206172039,1
10,7876,2,0,0,-0.5442455193105613,2,2.4542818052370516,1
4,10919,-1,0,0,-1.380368914262208,1,-2.085808021814393,1
11,7784,2,0,0,-0.6067374801713973,2,-1.6063109497832093,1
7,12762,2,1,0,-1.2598945738724172,1,0.7367222868605039,1
5,7135,1,0,0,-1.164658948023148,2,-0.7993344483044016,1
2,5340,1,0,0,0.702856364509038,1,0.9413467433901008,1
2,11234,0,1,1,1.393462659303906,0,-1.1140740543365089,1
8,7562,-1,0,0,-0.9094956055015921,0,-0.6358609540773109,1
6,10328,1,0,2,-0.6720500554657591,1,0.9000410155786069,1
6,12879,0,0,0,0.19079854760608378,2,-0.7932232490033799,1
9,12145,2,0,1,-1.0588756906701402,0,0.6054920230244185,1
11,8371,-1,0,0,0.6755062961677357,1,-0.35774118072146815,1
8,6225,3,1,0,-1.3708561216432908,1,1.277892375321141,1
6,6376,3,1,0,0.23432154773771863,1,0.513209838856016,1
5,11744,1,0,1,-0.5968667763634783,1,-1.085544242385469,1
8,4825,-1,1,1,-1.0729572465795125,3,0.1544114443493382,1
6,5904,3,1,0,-1.2998179573072635,1,0.15037705979241567,1
10,7702,1,1,0,-0.6184446131382669,2,0.3146575369493758,1
3,8237,2,1,0,-1.6746300959910039,2,-0.5340554604712229,1
9,3383,0,1,1,0.5474738543301753,3,-1.5179017597322202,1
9,12916,-1,0,0,1.1103292090198438,2,1.31047491309152,1
7,7135,3,0,0,-0.3611203035774756,0,2.877272661285437,1
9,8600,-1,0,0,0.19202903293795448,2,0.25623211280997565,1
6,11171,3,0,0,0.06396267412848711,1,-0.5436760609560991,1
6,12150,1,0,0,-1.387129608019643,3,0.8956612283431591,1
8,12830,2,0,0,-0.25011246125654873,0,0.6738186175613102,1
12,12754,-1,0,0,-1.2216515236222543,0,2.076044861970642,1
9,8077,2,0,0,0.6281270852023042,0,0.030509470347475975,1
14,12799,1,0,0,-1.193741555657218,2,0.32885610883013855,1
13,8521,1,1,1,2.4400009519443735,3,1.811142873530936,1
10,12803,3,1,1,0.8196950717579233,3,-0.8803230107939222,1
7,12808,1,0,0,-0.5081162343218995,2,1.4717718915938667,1
7,9971,2,1,0,-0.7997220365648843,2,0.3192432418421048,1
8,7513,0,1,0,-1.2488102103063023,0,-0.538400146133583,1
8,7513,0,1,0,-0.6598179115598012,0,-0.8356864361137963,1
12,6681,-1,1,0,1.2081127933514373,1,-0.7157208693464558,1
7,12124,0,1,1,-1.1101843872033046,3,1.6080658739443108,1
3,2889,2,0,0,-1.162782254091175,2,-1.1665219660242647,1
4,8842,1,0,0,-1.5065697768530102,3,-0.7058635290972266,1
5,4991,1,0,0,0.504068347766626,1,0.2909662564592433,1
6,10657,2,0,0,-0.8473212742941514,0,-1.1262163683083732,1
6,6905,2,1,0,1.2625871399148632,0,0.973300341147578,1
8,9711,2,1,0,-1.4381306335614106,0,-0.17418088348692168,1
6,5179,2,0,0,0.29344697791888963,2,-0.6089541804808931,1
10,8476,0,1,0,2.3631290650484744,3,1.850138321088027,1
11,7365,2,1,0,0.14973901851071159,0,3.040396886715601,1
9,8424,0,0,0,-1.2596568738969145,0,-0.10336688058993332,1
9,7983,3,0,0,0.4503021982899484,1,1.856887844000474,1
3,11702,2,1,0,-0.8760265944397043,2,3.9080130639771546,1
13,5427,3,0,0,-1.9912963995812172,1,0.8586071295897211,1
8,13143,2,0,1,1.6203353935881617,2,1.3411912469764642,1
3,10167,2,0,0,0.780153889119897,0,-0.7983001003658435,1
12,13504,2,0,0,0.6268972302952455,3,-0.35433763156914166,1
8,7927,1,0,0,0.44656918244891647,1,-1.9114227174010843,1
11,9773,2,0,1,-1.597770278751924,1,0.09524361552792177,1
12,13121,1,0,0,-0.03190054843383172,0,-0.5037028148352825,1
12,4618,0,1,0,-0.2641765363815817,0,2.1364854773866595,1
8,8031,3,1,0,-0.4075852424812803,1,1.9170567898322344,1
2,12959,3,1,0,-0.6683503871710249,1,-0.535213710282789,1
8,8590,-1,1,1,0.8823508980096938,1,0.5897560993746807,1
7,11407,1,1,0,-1.670359966532894,0,-1.1000672873191037,1
3,4284,2,0,0,-0.7932481250663641,1,2.8673782207040883,1
9,13231,2,1,1,0.3208355387029095,1,0.22176907544043772,1
10,9208,0,1,0,-1.1492984859060542,1,2.1340468404732853,1
6,9679,0,1,0,-1.5359965383373257,0,0.9383517268927115,1
11,7500,-1,0,0,-1.2222591959887066,1,-0.7050513304466997,1
11,6915,2,0,0,-0.39426583742038657,3,-0.03941244934943686,1
6,6116,-1,0,0,0.45276892005138925,1,0.9908403420368783,1
10,6000,0,1,0,-0.7364795143890563,1,-0.19101884252598,1
11,5283,1,0,0,-0.7412022870145184,1,-0.6744572346839852,1
4,7830,2,0,0,-1.3976343108607536,0,-0.6201705129268198,1
4,11014,3,1,0,-0.4194057816811923,2,-1.6050683552687943,1
5,8986,0,0,0,0.5414840654841336,2,-1.3768064740241712,1
10,4454,2,0,1,-2.102617416339333,2,-0.009743075083774588,1
12,4844,0,1,0,-1.1272648817136508,2,-0.4133972669532768,1
3,10659,0,0,0,-0.709256836117227,1,1.5911743626145167,1
11,8016,1,1,1,0.8810849374570662,1,0.8443941684587108,1
3,13707,1,2,0,0.5074762140620197,1,1.083473061141664,1
9,6798,-1,0,1,-0.1947571407394656,2,-1.1526680246755712,1
9,8679,0,0,0,0.20954616569235357,1,3.2763121053921367,1
10,6227,-1,0,0,-0.9130742093743446,1,1.3280335438663835,1
10,8609,2,1,0,-1.1858718211328878,3,2.541818133764341,1
7,8504,2,0,0,-1.1944189641143668,1,1.448048044746516,1
5,10176,-1,0,0,-1.4740320833905876,1,-1.2003540918521602,1
12,9031,2,1,0,-0.6600942153995537,0,-0.363525351027126,1
5,7751,1,0,0,-0.5002725837160642,3,-0.7621732518961859,1
9,7020,-1,1,1,-1.229510764684592,1,0.105503052854366,1
9,11791,2,0,0,-0.4575383912322033,2,0.7772368517270292,1
5,7380,3,1,0,0.18253822834833622,2,-0.15074167584792797,1
3,8319,2,0,0,-0.4964260984318576,1,-0.0032815284042233828,1
9,10072,-1,1,0,-0.7529608189048849,2,2.2383976543704938,1
1,7988,1,0,0,-1.5196375487475149,1,0.9070910893358825,1
5,2483,2,0,0,-1.3720147657369464,2,0.8601236203636697,1
8,12829,2,1,0,-1.8309104081629233,1,-0.22621604995737135,1
9,6682,2,0,0,0.7931842323551267,1,1.6410966293418614,1
5,8196,2,0,0,0.8033668435569179,1,-1.5695808484493599,1
1,9244,2,0,0,0.6408262626847812,2,1.1194805131419672,1
9,9359,2,1,1,-1.264651908059903,2,0.9377506124535846,1
5,11794,1,0,0,-1.2078192953384255,2,-0.3481579965765204,1
7,5015,2,1,1,0.05325403492084457,2,-0.4855770127303309,1
10,6877,3,0,1,-0.798678907781551,3,1.2470050172589893,1
7,5600,3,0,1,0.16239442084196154,1,2.9245438184672805,1
12,8871,1,1,0,-0.3037912001933657,0,-0.8436681930970897,1
10,12281,0,1,0,-1.0351725897765087,0,-0.19168406641781477,1
6,11536,2,1,0,0.4814719476062095,0,0.6880168545190125,1
5,6216,1,1,0,1.2960353676374383,1,-0.9907674833238282,1
5,5787,0,0,0,1.600495171682676,2,-0.15106735416963835,1
13,13031,0,0,0,-0.16214371501715685,1,2.967559580793456,1
0,12628,0,0,0,-1.387092666046247,2,0.0562644222380808,1
5,13656,1,1,0,0.5746138321066985,3,0.9443796138106177,1
13,13238,-1,1,1,0.3209810710673284,1,-0.008635602674625042,1
5,11396,-1,1,0,1.782682414166303,0,-0.6521418864319901,1
11,11144,1,0,0,1.5940682401702166,3,1.0719747040748506,1
9,8469,2,1,1,0.4072045129103097,2,3.8941433724835415,1
3,8471,0,1,0,0.49031212969800136,2,-2.1874762642918926,1
6,8520,2,1,0,0.09749457512251702,1,-0.9757973450053594,1
10,11235,0,1,0,1.4499022848090588,2,-0.6437832747277716,1
2,10637,1,1,0,-1.1833615905936945,1,-1.0353204728419219,1
3,-175,2,0,1,-1.412972889157218,1,1.772048196864514,1
0,13143,2,1,0,1.1196892779017007,2,1.277384398079072,1
1,10600,2,1,0,-0.7774379254324589,3,0.8740051884326427,1
11,11112,1,0,0,0.049158652678965985,3,2.7178151345333257,1
4,3413,2,0,0,1.3307775003017874,1,-1.0505731186919784,1
-2,9827,1,0,0,-0.8460582391656604,1,-1.2740149711159232,1
7,4089,2,1,0,-0.31854881175718086,0,-0.011291080981409268,1
9,10537,0,1,0,-1.017001671942921,1,0.41123291668689194,1
9,13141,2,1,0,0.4543345034591212,2,-2.817657808043625,1
13,12056,-1,0,0,0.45553836965637085,1,-0.36254646121046413,1
10,5384,1,1,1,0.12052938050832152,1,2.823143279598256,1
6,8103,2,0,1,0.6036002519201178,3,1.8840217131382029,1
11,3968,-1,0,0,-1.0453981696959254,0,-0.6050793945818036,1
8,9355,-1,1,1,-0.14479506281829657,1,0.8413458595011694,1
13,6152,1,1,0,-1.6841429178086194,3,0.85526193393729,1
4,6764,2,1,1,-0.47131460371138545,1,0.5822209638107874,1
4,1807,-1,0,0,0.7280185936456782,1,0.8132662335183437,1
12,10376,2,1,0,-1.458353055370332,0,-0.5719276600782908,1
10,10501,2,0,0,-0.8142521812281994,1,0.7241351398689364,1
8,11314,1,1,1,-1.0074177569069582,1,2.500408633494565,1
11,12264,0,1,0,0.4656652207483592,2,2.7522198425923685,1
8,7892,1,0,0,1.0813731116964758,1,-0.3917350641117917,1
5,8105,2,1,1,-0.9836203059979879,2,1.5612032053054203,1
2,10485,2,0,0,0.8869861284163052,1,-0.3595164289181012,1
7,9563,1,0,0,-1.6989560759926392,1,1.5523335669584457,1
7,9553,0,0,0,0.38784694508880435,3,1.3663366240197121,1
2,8707,2,1,1,1.6077258817904998,3,-1.1410035807811185,1
11,10616,2,0,0,-0.32700469026415124,2,0.2935757158808538,1
9,9509,2,1,1,-1.2546299518810091,2,-1.0474291299687677,1
13,6644,-1,0,1,-0.0382352371496813,3,1.1959480151773192,1
9,9760,2,1,0,-1.5555528713644362,3,-1.3109126342717747,1
12,8840,3,0,0,-1.2842127090251299,2,0.023520345799940834,1
5,6082,3,1,1,-0.7862476471600333,1,-0.5100648053884891,1
6,6830,2,0,0,-1.654024840728436,3,0.6881384408943987,1
11,7757,1,0,0,-1.0366235391885708,1,-1.5924779278784302,1
8,12402,1,0,1,-1.1913361069353716,2,2.3095157812483995,1
7,7040,2,0,0,-0.7160878033652284,0,-1.5806144044346937,1
13,8558,1,0,0,-1.1708549125537377,0,1.0422494388569343,1
7,6744,3,1,0,1.7806195513084382,0,0.7470633126158848,1
7,7687,-1,0,1,1.9011334806429296,3,-0.533647116019826,1
6,9036,2,1,0,-1.3893312198759298,3,0.8080062497296159,1
7,9180,-1,0,0,-1.0430265240391168,2,1.005761411365119,1
-2,10106,3,1,0,-1.5523344777758643,2,-0.36013269784856083,1
10,8427,2,0,1,0.588121195845831,1,-0.6690574384220844,1
10,11818,1,1,2,-0.2783469659988591,3,-0.5858877748708822,1
13,13562,4,0,1,-0.7684816842167583,0,0.1538060107713353,1
3,569,2,0,1,-0.01037530495029415,0,-1.4086753528810363,1
0,8449,2,0,1,0.0642271786497256,2,0.05559862535660501,1
7,11102,-1,1,0,-0.41548578369357986,1,3.755716933122928,1
13,10764,-1,0,0,-0.6330212774078081,0,0.33092500630137295,1
3,8714,1,0,1,-0.8540851124560124,1,-1.2375089595376165,1
9,7380,0,0,0,-1.839482925955465,3,1.7914844915477108,1
11,12444,1,1,1,-0.7830260100852137,1,-0.6968856857667867,1
10,12131,2,0,0,-0.3633368844142809,1,3.438598286243421,1
11,6859,1,0,1,1.585845897131209,1,2.4471677900104627,1
7,6410,-1,1,0,2.2823868018943205,3,1.6575320192008103,1
8,8097,-1,0,0,-0.9506660890957179,0,1.8791228431003177,1
8,10323,0,1,0,0.7727733011075784,1,2.9293854028866675,1
10,10808,0,1,0,0.9846776209606977,1,2.2578653308669385,1
2,12632,2,2,1,-1.1377012072678547,0,0.7179977471411609,1
10,11493,2,1,0,0.020254634708171126,1,0.2945614886831606,1
5,11043,2,0,1,1.2654102795773814,1,-2.245180710202653,1
8,12695,0,1,0,0.21163563711783473,3,3.0694989127611523,1
6,7059,-1,1,0,1.58258276234299,1,-1.6497051540471794,1
-1,2313,0,0,1,-1.1901117243211492,2,2.059043923094698,1
10,5351,-1,0,0,-0.6859585843898047,0,0.3134116331697391,1
11,11276,0,0,0,0.5118982543192192,1,1.3950924837023058,1
11,8655,2,1,1,1.0270863012164648,1,2.6210378899467472,1
4,5248,3,1,0,-1.4142120344481885,0,-0.43486013115007527,1
10,6718,2,0,0,2.3925169955144314,0,-1.0429740013634523,1
8,8216,3,0,1,-1.1759768432179791,0,0.18906263986219535,1
8,8404,1,0,1,-1.1384556113094915,2,0.02635959200052973,1
4,13471,2,0,0,0.12330288226742239,1,-0.6840656499800672,1
10,12310,2,1,0,-0.5555988607776016,2,-0.28855474076515975,1
-2,5077,3,1,0,-1.8540252458070294,1,0.8410315185828996,1
6,10991,3,0,0,-0.991078983799062,3,0.21307433220118638,1
9,8736,0,1,1,2.6501724130385,0,-0.946682881113325,1
12,12223,2,1,1,2.013038814157038,0,-0.46961723262634514,1
6,12031,1,1,1,-1.2923413352389868,2,-0.028453990073789626,1
9,4126,2,0,0,-1.4967017415978907,2,-0.5273690726608196,1
12,6723,2,1,1,-1.0999537008555857,1,1.350277000607359,1
5,9300,2,0,0,-0.29942292194274467,1,-0.8168135350653722,1
4,4798,-1,1,0,-1.6471951067479684,3,-0.023284111695426823,1
4,10634,-1,0,0,-1.8460530741604195,0,-0.22221880134818162,1
9,12109,2,0,0,-0.15476503347398907,2,0.4018826036581505,1
1,6673,2,1,1,-0.9251793750163173,1,-0.9403978520794114,1
9,11407,2,1,0,-0.816132374976672,1,0.864343293076919,1
12,8860,2,1,0,-0.6171493070356703,2,2.43522151317982,1
9,7943,2,1,0,-0.6790106781452296,2,-0.26412064544135294,1
9,11832,2,0,0,0.2245542287745236,1,0.6274014973199322,1
12,4622,0,1,0,-0.013337466170267279,1,2.474603043446012,1
8,6438,1,1,0,-1.1245295440483767,3,2.335929981169928,1
9,4112,2,0,0,1.9763246430205959,1,1.605422830111301,1
10,5794,2,1,1,-0.5830413715385715,0,1.7203296799795484,1
13,7619,1,0,0,-1.8899907710457147,3,2.358740923186093,1
8,11982,1,1,0,-1.3107791535852145,2,-0.009971827615246343,1
12,4047,2,0,0,-1.3561607192559908,0,-0.030885021826210945,1
8,2001,0,1,0,0.036005520126784596,1,-0.7345469283260975,1
0,10550,0,1,0,-0.6038201710014275,1,-0.7477471365737358,1
9,9587,2,0,0,0.04206770317146369,2,0.789507720712397,1
3,12001,2,0,0,0.8258573546881016,1,0.7725272769983711,1
9,12589,3,0,1,-1.47918609313695,1,-0.3591803039310446,1
1,11791,2,0,1,2.8067011133413082,1,0.3551032739075601,1
11,10605,0,1,0,0.0053971933601688615,2,1.3315824279612927,1
14,12847,1,0,0,-0.2862100311683309,2,2.6201989953590266,1
10,11786,1,0,0,-1.3501704926771028,2,-0.14513971400639103,1
8,8902,1,0,1,-0.03790458304083849,1,0.9181284289676062,1
5,8978,-1,0,0,-1.067936889709796,2,0.3981187147052705,1
8,8593,2,0,0,0.36952093155533244,2,0.0927513672120927,1
0,4507,2,1,0,0.6921220258657067,1,-2.4770614710886085,1
9,8445,0,0,0,0.5390589749404575,0,-0.27806504440049273,1
10,7016,2,0,0,-1.575224954154185,1,-1.7734536715852547,1
6,7681,-1,0,0,1.03895253412214,1,2.757790254842355,1
6,6560,1,0,0,-1.7722891742630014,3,3.6322160665185352,1
5,1906,1,0,0,0.8550945693634852,1,-0.7853749778687135,1
3,7989,0,0,0,-1.5103262519980465,2,-1.9653553572441311,1
8,9456,-1,0,0,-0.7768002249738463,2,1.683213024570656,1
6,6639,2,0,1,-0.9557513049470736,1,2.9691130845954956,1
2,8047,0,1,0,-0.47521954079425666,0,-0.058538058155282874,1
10,12212,0,0,0,-1.430702848005124,1,0.027737018732675242,1
9,10115,1,0,1,-0.08638654635865917,0,-0.48011344300647263,1
7,12025,0,0,0,-1.0458822189665131,1,0.4511898107013051,1
12,8960,-2,1,0,-1.0529876350031953,2,1.5082451642093073,1
7,8127,1,1,0,-1.439716585305022,1,1.4275897854100157,1
3,9172,2,0,0,-0.17777807265620826,3,-1.1006744126294825,1
12,5730,3,0,0,-0.6536770639956098,2,1.141049801987178,1
6,9166,2,1,1,-0.5368067185722392,2,0.39635633284530053,1
13,7647,1,0,0,-0.7192714034556825,2,2.0726700716852866,1
8,12718,2,1,0,2.1355315346694335,0,-0.5142313274742891,1
11,13012,-1,1,0,-1.0843769015402704,1,-0.28342822803767354,1
1,8296,2,1,1,0.5153409548996486,1,3.9307490069049207,1
5,5833,0,0,0,-0.8930387379187996,0,-0.8917512285450908,1
9,8595,3,0,1,-0.9304105460247636,1,1.8026195164214907,1
6,13287,2,1,0,-0.1653564543855589,1,-0.09782832553621312,1
9,6685,-1,0,0,1.3049118030240385,1,1.4642429037523517,1
10,4646,0,0,0,-1.2467856442720766,0,0.6878912997009115,1
3,3955,1,1,1,-0.7844683622820284,1,1.439184717333798,1
13,4979,1,1,1,-0.92604144123611,2,-0.6029150424130945,1
6,9024,1,0,0,-0.5809621430864429,2,1.682107995771322,1
5,12749,1,0,0,0.7330380900662437,1,-0.68161445398801,1
11,6932,2,0,0,-1.5867371985179388,3,-0.5085935542155307,1
2,13137,2,0,1,2.8529029394952756,1,0.8040252134662542,1
5,11064,1,1,1,-1.246253033761426,3,0.5429088644574834,1
9,10869,3,0,0,0.11153098725541946,0,-1.320454972905665,1
6,7060,2,1,0,0.44458937315214897,3,-0.6089279818600477,1
5,9062,2,0,0,-0.7895819668593472,1,-0.39431514966508635,1
14,13280,1,1,0,-0.3463505478221132,0,2.5446016688134043,1
1,9091,0,1,0,-0.7490888054764736,0,-0.6245898679652956,1
8,8694,2,1,0,-1.2253582576158344,2,0.8658399533511127,1
8,13058,0,1,0,-0.6117432413143191,1,1.3367078178292424,1
8,10201,0,0,0,0.8793853993669161,2,0.9573692879724223,1
13,10550,2,1,0,-0.3339997102414084,1,0.5557039651764555,1
0,12913,2,1,0,-0.11409184246480564,3,0.27944135944370735,1
9,6413,2,1,1,-1.194434647519151,0,-1.3864023771510432,1
11,11533,2,0,1,-1.0816938930267748,2,-0.020327103507577604,1
7,8677,-1,1,0,0.007702023280499404,1,-0.1912509574513075,1
5,11411,0,0,0,0.548637229469831,1,0.38159345167901004,1
8,8934,3,1,0,0.6356040038846953,2,-0.0016187501445323327,1
7,7603,2,0,0,-1.53260558822647,1,-0.80333885266619,1
11,6855,2,1,0,0.18550687282537992,0,1.296086816916636,1
12,13432,1,1,0,3.8429497653936666,1,1.6766140162897025,1
12,1906,0,0,1,-2.390011718146179,1,1.044758219874247,1
7,7904,0,0,1,-0.6897089244717124,2,-0.9029127701838816,1
6,11449,0,1,1,-0.36384606321544344,1,-1.4331615867522318,1
13,7828,-1,0,0,0.866540013224978,3,-1.459031215186466,1
10,5810,1,0,0,0.9009051700493155,1,-0.6260333017296473,1
11,8520,1,0,0,1.0809331970992346,1,-0.44373732319820175,1
-1,10524,0,0,0,-1.3755767743790548,0,-0.5702952367060035,1
2,12469,1,1,1,-0.8053558177685761,0,0.5189063576574322,1
13,7515,0,0,0,0.38965958947386775,2,1.4147404349748565,1
2,7596,2,0,0,-0.7576516708973718,1,0.31709827616183894,1
8,12537,1,1,1,0.11641680394926424,1,2.2329201061971866,1
9,7167,-1,1,0,-1.3479789318703528,2,-0.7804334724300228,1
7,12242,1,0,0,-1.5763315460173435,3,-0.15093052170759574,1
3,9283,2,0,0,0.6043288366226489,2,-1.9538064778354733,1
10,12214,0,1,0,0.10481336141467334,1,-0.1263473665101537,1
4,8376,2,0,0,0.8643175595351136,1,-0.9282767467838431,1
4,13342,2,1,2,-0.28488118826494724,0,-0.7630117761972469,1
0,6676,2,0,0,0.49666186492920883,0,2.702787387420243,1
6,5525,2,0,0,1.6169217217283807,1,-1.1557366083227396,1
10,11742,3,1,0,-0.743343704128592,1,1.9007260268593105,1
-3,11344,0,1,0,-0.1564594039503658,1,-0.33657709217714493,1
8,10276,2,0,0,1.2623775672173299,2,0.1156024142248036,1
9,11796,2,0,0,0.527756058945469,1,0.10089089520546107,1
10,12240,2,0,1,-0.02296585340987367,0,1.755959159337536,1
9,11148,2,0,0,-1.136139640352945,3,0.07395932993492671,1
11,6775,3,0,0,-1.3260159647563738,1,1.1226319834949208,1
0,13121,1,0,0,1.275644264627477,0,-1.0118657408803866,1
11,8032,1,1,0,-1.1868224647218946,3,3.650445595113439,1
7,11819,0,1,0,-0.49902813211051117,3,0.29078038197818357,1
7,5393,1,0,0,-1.5582405041290528,0,0.21668785930749856,1
1,4174,2,0,1,-1.4710480546743812,1,0.323856286266485,1
6,8746,-1,1,0,-0.8011636593010114,2,1.7430382590389613,1
9,8516,2,0,0,-0.6504770502197453,1,2.8593366963541067,1
6,9367,2,0,0,-1.2655969262697595,2,-1.329450063230785,1
11,12665,0,0,0,1.258710576505829,0,0.3750491193173327,1
6,11355,0,1,0,0.362271607798937,1,1.394368221489872,1
10,8675,2,1,0,-0.7845398643810448,1,1.3009360806386367,1
13,12706,1,0,0,-0.6965296489260318,1,0.14719619566425093,1
5,6774,1,0,0,-0.9103012918726782,2,-0.6805193724342551,1
9,12742,2,1,0,-1.2008134686066032,2,2.125207923066845,1
11,7563,1,1,0,-1.015239294921569,1,2.0064882082548374,1
10,7897,2,1,1,0.5041743273357869,1,0.6649160616533143,1
8,9628,3,0,1,1.5008848749893016,0,1.8441087930139335,1
8,8295,0,0,1,-0.0108231986989894,1,0.769093269319375,1
13,6053,-1,1,1,1.112558518488428,2,-0.004936773457002108,1
8,12684,3,0,0,0.5872188414427785,0,-0.7026968128171631,1
6,12915,0,1,0,-0.2934682171147399,3,-0.09782100510456868,1
5,9050,1,0,0,-0.4717178860150274,0,2.833845336830223,1
8,10964,2,0,0,-0.07084616006552688,1,2.7973684946180177,1
11,6617,3,0,1,-1.674021859184875,1,-0.49276180823886934,1
9,5906,-1,0,0,-1.0037112108400261,2,0.0987573445401014,1
8,8785,2,1,0,-1.2954078985114321,2,1.142195799069071,1
12,8391,2,1,1,2.670941833262447,1,-0.3138490792563712,1
2,3658,2,0,1,-0.1839280460182341,3,0.5066517014429031,1
5,3996,2,1,0,-0.7302690033291946,1,-0.20919682419225288,1
10,3129,2,0,0,-0.9318486499459449,1,-0.8926476728169876,1
8,12354,1,1,0,-0.5849597531220926,2,0.9954992122077084,1
10,12853,1,0,0,-0.7315380835043458,3,-0.22958924288098942,1
6,9009,2,0,0,0.3702544032898718,2,-0.7010232517363346,1
9,9755,0,0,0,-0.35181174644275826,0,-0.5905134145988217,1
10,10605,2,1,0,-1.6978468789127392,0,2.2835323388746636,1
7,6799,2,0,0,-0.27834712231186365,0,2.3370543963988974,1
7,11587,-1,0,1,-0.8860216387296576,3,-0.37016480177531824,1
10,8335,2,0,0,2.501866790451259,2,0.8074378698167073,1
10,5811,1,0,0,0.5459712216321639,3,1.0823499072331237,1
6,10859,-1,1,0,-0.9336982513961499,1,-1.1931250897526025,1
9,12708,1,1,1,2.4708368392296514,1,-0.08920064914320847,1
9,5943,-1,1,0,-0.9936588257295905,1,-0.6267866843188682,1
2,8396,0,0,0,-1.216559971740466,1,0.7006966205879215,1
6,9985,1,0,0,-1.383901354547306,3,3.5724567201868975,1
0,8409,-1,1,0,-0.9856689386091381,1,0.8220309969303918,1
12,12371,2,1,0,-0.029883582149808907,1,2.014681648070434,1
5,5724,2,0,0,-0.06415297538173109,2,0.228035215650694,1
3,6216,1,0,0,-2.3830444933655905,1,1.8502482540117056,1
11,4461,0,0,0,-0.7688467532387576,1,0.6207991870823519,1
10,6508,-1,1,0,1.682352285793802,2,2.764038885194777,1
2,7151,1,1,0,-1.103031868644446,1,0.6956415562184807,1
11,6719,1,1,0,-1.2819525792931294,1,-0.12097010118982876,1
13,8256,2,1,0,-0.45590770791713886,3,2.175134957032958,1
11,4985,2,0,0,0.7069999655663538,1,-0.530734988065338,1
7,8766,3,1,0,2.028387086898977,1,-0.5648382122135764,1
2,5220,0,0,0,-1.526094192493964,0,1.6439581081468013,1
9,7319,-1,0,0,2.1764276746090916,1,2.0102227400390102,1
5,10044,-1,0,0,-0.10848514564675626,2,-0.5781814955950341,1
2,10377,0,1,1,-0.6363380179197795,1,-2.0188766842676733,1
6,8854,-1,0,0,-0.5735468625705159,2,0.8021884526545817,1
5,6695,0,1,0,-0.3892632281233434,3,-1.5454549006153284,1
9,7772,1,0,0,-1.827093714613643,3,1.3835753910921542,1
10,8400,2,1,0,-0.6163837510700699,3,-0.8631085094392708,1
4,10445,2,0,0,-0.6816015492440006,3,-0.37498620073022837,1
9,7223,1,0,0,-0.669508379960495,3,0.7070191960502441,1
10,6361,1,0,1,-1.068808178396854,0,0.12313060243952725,1
9,12435,2,0,0,-0.9207015925143683,3,-0.25609685501317725,1
11,8425,1,1,0,-1.0514661363217708,2,1.1935775741274095,1
0,7848,2,0,1,2.5666842542099673,3,3.1126545883463663,1
7,7107,1,0,1,-1.3614507737063923,1,1.4412596117463088,1
5,8469,2,1,1,-0.637391437309242,1,-1.1691504292635602,1
11,8583,-1,0,0,-1.1764975218359535,1,1.1853124237879662,1
6,9042,3,1,0,-1.312961327872928,2,0.2118354206366802,1
6,12965,1,0,0,1.2796283248114486,2,-0.29632314091294276,1
8,6742,-1,1,0,2.9068208785873213,1,0.1745650118159815,1
11,11136,-1,0,0,-1.494530970800127,1,-0.4596367192871174,1
8,7456,2,1,1,0.2697648181405702,2,-0.390003776909597,1
10,7067,2,1,0,-0.870834762204056,2,0.7943392675027978,1
10,6306,-1,0,0,-1.0282821562253428,2,-0.12807076270929846,1
11,12237,1,1,0,0.32739526574940736,2,1.1859919312905713,1
10,6058,1,1,1,-0.10113280257675522,2,1.4291942644880795,1
8,10647,3,1,1,1.2953923115287609,2,2.081693905923743,1
5,7046,-1,0,0,1.3812322158154777,1,2.036299760563617,1
4,7232,-1,1,0,-1.1693898653128736,2,1.686428890835316,1
6,6214,1,0,0,-0.7212922246673389,1,0.2991950758419741,1
11,9431,1,1,0,-0.5582436905705316,2,-0.5506152049038509,1
3,7184,1,1,1,-1.272744366459582,2,-2.0477551454105014,1
6,7810,-1,0,1,1.6113519232187015,1,0.8924789626790967,1
3,3276,-1,1,0,-0.5534309583045952,3,-2.6737732269175094,1
5,8768,0,0,0,1.6852808767016263,1,1.390177357021679,1
6,9410,2,1,0,-0.25248375495321085,1,1.5482575143588342,1
4,6722,2,0,0,-1.682951135903637,2,0.18441820740998988,1
12,8462,2,1,0,3.501918375440214,3,1.7480610955154667,1
0,12969,0,0,0,1.5176414465440171,2,0.6030341090565663,1
13,7849,1,0,0,-0.47919937783457656,0,-0.2685136964877395,1
8,8484,-1,0,0,-1.7003884536411538,1,-0.9436907568901962,1
6,11353,1,1,0,0.5405112654909408,0,0.7993066321715694,1
7,11836,3,1,1,-0.8017335309893855,1,-0.7788413506012262,1
10,11723,2,1,0,1.003385002836462,1,-0.4499245195158746,1
-3,12568,1,0,0,-1.7629504116157557,2,-1.283368608275519,1
11,9334,2,1,0,-1.5018420426463903,1,-0.36751356295398757,1
11,10762,-1,0,0,-0.20378527207199654,0,-1.2146183844482945,1
-1,5833,2,0,0,2.07475928134962,2,-1.0957829324854882,1
3,8277,1,1,0,-1.618347752165045,0,2.1402537217471145,1
10,12450,1,0,0,2.47816318892482,3,0.17917709800021775,1
-1,3386,3,1,0,-1.065682230932953,2,-2.165136653266991,1
8,11541,1,0,0,-0.5030008774095704,0,1.342814872556199,1
2,11373,2,1,1,-0.17046644129328914,0,-0.929392949409739,1
13,11356,2,0,0,-0.2495745094178755,3,-0.7904235347385997,1
10,9377,0,1,1,-1.237673950822695,1,-0.12048531182890188,1
6,12653,-1,0,0,-1.17623327856333,0,0.4322125671518479,1
7,9719,3,1,1,1.1017103122276197,1,0.6330887677447662,1
8,13427,2,1,0,3.322194673758707,1,-0.010651559763505097,1
9,8087,0,1,1,-0.7160675705460964,2,-0.5603411070223294,1
11,8553,4,0,0,0.11791845512860119,3,3.128982889652044,1
6,11542,2,0,0,-0.3213355302171086,1,-0.33217953640699804,1
5,12567,3,0,0,0.4645055524479368,1,-1.379573146683107,1
6,9622,0,0,0,-1.809692272515365,2,-1.178721773380619,1
4,6264,1,0,1,1.2196429810555331,2,-1.3295408192717288,1
1,7176,1,1,0,-0.6836112257999201,0,0.4674645280511469,1
9,1393,0,0,1,-0.6771823346027623,2,-0.9411872889846211,1
7,7306,2,0,0,-1.784120936785031,1,-0.8753195076342156,1
6,11516,2,0,0,1.640108437231146,1,2.598951742359731,1
3,10227,0,1,0,-1.2744223566145636,3,-0.7050565264032422,1
10,13168,2,0,0,-1.1038418305294069,2,-0.5403391507380312,1
2,13492,0,0,1,-0.27987205686798167,0,2.4438005782791503,1
10,12668,-1,1,0,1.4341924275768008,1,-1.6721729320001313,1
8,12469,3,0,0,1.1991818183670009,1,1.4125665069330138,1
9,12297,2,0,0,-1.4087439971335969,2,-0.08567100240128656,1
9,7713,2,0,0,-1.4373975255703266,1,-0.9968772023153598,1
10,6388,1,0,0,-0.5609759265099186,3,0.09007179828036321,1
7,13647,0,1,0,2.595147219262543,1,0.333891993202683,1
5,7506,0,1,1,1.3926260583963646,3,-2.493499861069542,1
11,7679,1,1,0,1.8341146995030817,2,2.2138490715089767,1
7,7171,0,0,0,-0.5102450133730129,2,1.006560549481369,1
6,12688,0,1,1,0.79529508188075,3,3.3528959635492734,1
8,7309,2,0,0,-0.08485621195071191,2,0.044036528972340505,1
2,10551,2,0,0,-0.8511193416252156,1,-2.263373255112364,1
10,11405,-1,0,0,-1.0289027188531898,1,0.44102485690455845,1
11,11198,0,0,0,-0.8500896848859764,1,0.10438060355885986,1
11,12735,0,1,1,0.98325525953043,2,-0.9486309029539917,1
6,6466,-1,0,0,-1.184800087069732,1,1.8326377993675722,1
7,13324,-1,1,1,0.7310789710191249,1,1.1563269534136935,1
8,8951,-1,1,0,-1.0096557944009898,2,2.183864886063163,1
4,7060,3,1,0,0.03319799060090167,2,3.872314823785749,1
12,5822,2,2,0,-1.684251274162579,2,0.3213996263100483,1
3,12279,2,0,0,0.8389761984787731,0,-2.413453032957057,1
9,10998,2,0,0,-0.6514349371908513,1,-0.17516331031556787,1
11,7761,2,1,0,-0.7868904583388536,0,2.922085546411729,1
12,12959,0,0,1,3.1340834851391692,0,3.1853512648340745,1
8,8183,3,0,1,0.480380257582813,0,0.9189840298116188,1
9,11047,3,0,0,1.4258011792871952,0,-1.2718531158876054,1
5,8492,1,0,1,-0.44166278658271096,2,-0.8011019356417557,1
6,7630,-1,1,1,-1.851579572538693,2,0.6617153633957775,1
8,7406,1,1,0,3.0807241885245125,1,-0.25545547708321725,1
3,10077,2,1,1,0.3153647780738879,0,-1.8350428455386556,1
2,6911,0,0,1,-0.6312309189746589,1,-0.24520351232367604,1
12,10539,0,1,1,0.5840921655137989,3,-0.6055480698619451,1
8,12175,1,0,0,-0.603502969323147,1,1.5429296751851906,1
4,2840,1,1,0,2.285347258145494,0,0.44627094297456377,1
8,9965,-1,0,0,-0.6810667300904214,0,-0.07584142675894068,1
8,13868,0,1,0,0.5814245768182236,2,0.18069061504897482,1
5,2816,2,0,0,-0.6247638019627849,2,-0.90518813073953,1
4,6399,2,0,1,-0.45261494191223195,2,3.9268807048521746,1
7,8590,2,1,0,-1.254012618234706,2,0.2435690220217563,1
6,8095,0,0,0,-1.1950148813918382,1,-0.7112083193286368,1
5,8953,0,1,0,-0.04077673028977358,2,-0.5807304494290333,1
11,13455,1,0,0,1.4440585816538605,1,-0.9607325166730796,1
9,11436,1,1,1,-1.060024638048243,1,-0.4114136239438683,1
10,9633,2,0,0,-1.0510234057887047,0,-0.3696097649220945,1
12,989,2,1,1,-1.79379940830496,3,0.8238175454887096,1
5,10650,1,1,0,-0.9142733906404992,1,3.504261066385375,1
6,10318,2,0,0,-1.0755802527026,2,1.2360947490162288,1
12,9613,2,0,1,-1.505883880107965,3,0.5117535558643308,1
12,9474,-1,1,0,0.16047498677957528,1,2.6754132538862807,1
2,11589,1,1,0,0.2062812713824177,1,-0.2269712136575336,1
5,9128,0,0,0,0.8317497693704636,2,0.5404693051278882,1
11,11251,2,0,0,0.43887408582237614,1,0.04688935063168401,1
0,12328,1,0,0,-0.4950677302814894,1,-0.7416442265258107,1
10,7572,2,0,0,-1.2959837556199933,1,0.6036646503032639,1
10,4361,3,0,0,-0.934388399363165,1,1.868269912697178,1
9,8189,3,0,0,-1.4913850830042374,1,-1.3089458949881274,1
4,5686,4,0,0,0.5206163049958213,3,1.137138863230423,1
6,9003,1,1,0,-0.8146870267806043,3,0.001808423217127264,1
13,7582,2,0,1,-0.6021540767666222,1,0.11943858326078177,1
6,5002,2,1,0,-0.5264840927009378,2,2.3216377660443976,1
1,11172,2,1,0,-0.4340061709910631,2,0.4398699575104746,1
8,12661,1,0,0,-0.09978988202768169,1,-0.3180245310129167,1
11,9854,0,1,0,-0.8716478764012742,2,-0.5768836424069764,1
11,12374,2,0,0,1.4214516395456995,0,-0.9071245629004947,1
10,9184,-1,0,0,-0.5874263275577761,0,-2.116626972053993,1
10,7239,2,0,1,-0.2426206120920832,0,-0.7726979789254631,1
3,3298,2,1,0,-0.7017563259355988,1,-1.4210998086999702,1
8,7464,0,1,0,1.4681608127751928,3,3.4591871353263093,1
11,7999,3,0,1,-0.13991992072975623,3,2.3013489347722222,1
10,9479,1,1,0,-1.0317030142243917,0,-0.7662471127569763,1
12,10870,0,0,0,-1.856272163917375,1,2.0373435265257323,1
9,13201,-1,0,0,-0.2834095807680269,1,0.6232681172646533,1
9,7647,3,0,0,-1.092073649672959,1,-2.15191098094919,1
6,7937,0,1,0,0.18893867273474363,1,3.244438480554165,1
8,8062,1,0,0,-0.018669532289362266,3,-1.240310773031576,1
10,10679,0,1,0,1.5081076740854429,1,0.996202705333584,1
3,7492,0,0,1,-1.0578570977192387,0,-0.630518076863507,1
8,9605,0,1,0,2.6002944926119724,1,2.584919064033708,1
13,6511,-1,0,0,0.17773070499678545,1,-1.7044552038692742,1
8,5992,1,0,0,-0.9732025596659437,3,0.49577777156740677,1
9,2391,2,0,0,-1.0428404721077005,1,0.19871883075906188,1
11,6768,1,1,1,-0.58111957670112,2,2.6552555423933244,1
6,12099,-1,0,0,1.6279308744256307,1,1.1682009109240763,1
8,9479,2,0,1,-0.18692179883190765,3,0.5007308026887309,1
7,7819,3,1,0,0.15385675240264218,0,-0.012417593226267454,1
4,13010,-1,0,0,0.5353743382973388,2,3.0772516308131124,1
8,7328,-1,0,0,-0.9017508692765235,3,2.286519090794275,1
6,12853,2,1,1,-0.882895726288237,1,0.6943966021930916,1
6,11276,2,0,0,-0.6164775063075579,1,0.886203259580089,1
5,8832,0,1,0,0.41288669904106023,1,-0.13013586521550524,1
7,12895,2,0,0,0.8092992395973633,2,-1.246277001265177,1
11,12994,2,0,0,-1.244016924127783,1,1.7794697080357347,1
9,4413,1,1,0,-2.0338298022874652,1,-0.46766522267247107,1
5,6609,2,0,0,-1.0258203306132083,0,-0.2820714461518592,1
2,6511,1,1,1,2.6759836797430956,1,-1.3170719305265324,1
5,11937,-1,0,0,-1.2255612040000043,0,1.142366420214127,1
5,9840,0,0,0,-0.6246422881409153,2,-0.3316057797716892,1
9,7969,2,0,0,-1.0617437163673498,2,-0.7884075787468594,1
9,10322,2,0,0,-0.30509449181527326,0,0.9270019292008269,1
13,8697,2,0,0,1.379522654268504,1,3.315506810151596,1
7,11630,2,1,0,2.7230983106147053,1,-0.5473630557038454,1
2,12106,0,0,1,0.0570969098475278,3,-2.390678116239588,1
2,7942,2,0,0,-0.6250952636888176,2,0.9156712585389521,1
3,11040,0,0,1,-0.7415132620728248,3,1.9093540902921586,1
2,8889,0,0,0,-0.8309110400910334,1,-0.42205283858114506,1
13,8181,0,1,0,-0.29543713571936514,1,-0.04720114490713756,1
8,8065,2,0,0,-1.4280643886979096,1,-1.606976840480567,1
5,10914,1,1,1,0.4878690242185529,1,-0.12607103887237292,1
5,7579,2,0,1,0.22199571999350778,1,-1.3116626874656951,1
7,10354,0,1,0,-0.559181016889784,2,2.72105188924711,1
8,4674,-1,1,1,-1.8005053404064864,3,2.4039738256401884,1
7,9637,-1,1,0,-1.4778084572383778,1,-1.265120731825205,1
5,5923,2,0,0,-0.6893736735704691,2,-0.9409420608087404,1
6,9094,2,1,0,-1.3099526151623986,1,-0.3404900006609847,1
10,3221,0,1,0,0.30312244635129715,3,-0.7535470980427337,1
8,7922,2,0,1,-1.2120135559003797,2,-1.4783242174255677,1
8,10785,1,1,0,-1.6005268191485222,0,0.6103453369725105,1
10,10896,2,0,0,1.216588481258283,1,0.8970042099108666,1
12,7515,1,0,0,-0.6789046542606445,3,0.42434716941117184,1
6,10088,-1,0,0,-0.7397661516215785,0,1.6973471530173367,1
12,9630,2,0,1,0.7802424186255694,1,1.310935526980906,1
5,12076,2,0,0,1.3136834935239832,1,-0.5079049874352282,1
7,11115,1,0,0,1.1627220018167699,0,1.1460808788390706,1
5,5653,2,1,1,-1.1902026509070476,1,1.5834327337631642,1
11,12721,0,1,0,-0.5203662260629459,2,-2.52273369816655,1
5,12326,2,1,0,-1.0524445515212428,1,-0.7900593375488667,1
8,12867,-1,0,0,-0.5529925915095713,1,-0.6758511265262066,1
3,12874,3,1,0,-0.7541606514752249,1,-1.2321035990325304,1
7,9308,2,1,0,0.862867233624078,1,-1.675625933786933,1
4,8321,2,1,0,-1.4336653744140013,1,2.9217383207059946,1
10,7273,2,0,0,-0.0905404862966247,1,1.5441420650451276,1
11,11619,-1,1,0,-0.8851728070109122,2,-0.9753176946179158,1
12,7046,2,0,1,-1.0880858444066046,0,2.4583492575587087,1
11,13201,2,1,0,-0.5423100601757364,1,0.01529450696475565,1
11,5167,1,0,0,1.5316068543306351,1,-0.8987823583587538,1
11,4672,2,1,0,-0.0205552984632138,2,1.6676263920809236,1
10,5103,1,0,0,-0.2776920226447779,3,-0.66341459906641,1
6,10051,2,0,0,-0.11900099422497012,1,-1.1647346158928154,1
7,8137,0,1,1,0.21479523170368228,2,-0.5422649907328033,1
8,12032,2,0,0,1.3078490642738334,0,1.855224906975444,1
2,6228,-1,1,0,0.7719984831170343,2,-0.5787059892943403,1
8,6295,0,0,0,-1.3025109698530466,2,-0.21945795806979945,1
14,7668,2,0,0,1.1451712355502948,0,2.3541227570110412,1
1,7792,3,0,0,-1.5935988183719427,1,-1.3965751247503595,1
10,11587,1,1,0,0.8651325257341244,2,1.223338165752135,1
6,12149,2,1,0,-1.3979914339716908,1,-0.7261040762345536,1
3,9178,1,1,0,-1.5499975609950116,2,0.03367164447083776,1
2,11415,1,0,0,-1.2509548247279807,3,1.3194077073221462,1
5,6473,2,1,1,-1.4403556970760691,3,-0.6435543224171438,1
7,12520,2,1,0,0.1296351861678673,0,1.1230758336493587,1
11,8965,-1,1,0,-1.748792204920572,2,-0.02521292462296576,1
4,7929,2,1,0,-0.9584078690026735,1,-2.1831273641314475,1
3,10669,3,1,0,1.8791601008409562,3,0.3554128159178543,1
11,8444,1,1,0,-1.1427352727942133,3,1.7216607217984108,1
3,6399,0,1,0,-0.6852126916092276,2,0.9470412714159833,1
7,7068,-1,1,0,-0.4039161986241787,1,-0.47021889605227846,1
8,7162,-1,1,0,-1.3475065539707671,3,-0.9525544396023893,1
7,7216,2,0,0,-0.562470359493913,3,-0.3263077162878969,1
3,13030,2,0,0,-1.1040489475957522,1,-1.236230443338338,1
8,12233,2,0,0,1.286199215219645,0,0.46498611451318317,1
1,10430,2,1,0,0.13163458580836918,1,1.370677008752755,1
4,6626,2,0,0,-0.8206903840312584,2,0.811059220595489,1
10,5511,1,0,0,2.188503248534848,3,0.329199128561225,1
10,10026,2,0,0,-0.7233904750363123,1,0.323894143530519,1
10,5762,3,1,0,-1.2757531646241098,1,3.110627910999826,1
6,11084,2,0,0,1.647085471840922,0,-1.1856054311669155,1
7,7552,2,1,0,-1.2279676427042123,3,-0.01404987230253868,1
11,13184,-1,0,0,-0.3976661663115119,1,-0.05752017026858999,1
13,9233,0,0,1,-1.1526635401624983,0,0.8680570164164578,1
5,7204,2,0,1,2.155477731044524,1,0.649632180726331,1
12,13475,3,1,0,0.03770901924977654,3,-0.3112467225589145,1
1,10817,2,0,0,2.16081588507949,0,-0.604601832761823,1
9,7493,1,1,0,-1.2610088771771308,1,1.9639598981370538,1
3,7000,2,0,0,-0.7987608679002415,2,-0.6342139777773681,1
7,9240,2,1,0,0.3279843261134455,1,-1.4672655011408675,1
10,10330,1,1,0,-0.4190635278448076,1,0.9857068818950405,1
10,6188,1,1,1,0.386287409005702,3,-1.2268189522730937,1
9,10608,2,0,0,0.3492807164205657,1,0.9040760207485934,1
8,10238,2,0,0,-1.3893115812493955,0,-0.8947360169145551,1
5,6905,-1,0,0,-0.1458172686883198,2,0.5939634795048563,1
9,12573,2,0,0,-1.2161988365957466,1,3.0894695374591357,1
2,10888,2,1,0,-0.3564190071198445,1,0.40157852896842805,1
5,1478,3,0,0,-0.9391352679226298,2,0.22502174759186405,1
3,5479,2,1,0,-0.050318460132954934,0,0.1698201581171727,1
0,13290,2,0,0,0.9890348878266243,1,-2.340836676841434,1
5,6115,0,1,1,-0.8595915585732063,1,0.7941433222082919,1
8,7027,-1,0,1,-0.11148791387256379,1,-0.5010519476305477,1
12,13787,1,1,0,-1.075918283823671,1,-2.1459007602835287,1
9,12645,-1,0,0,0.5531691796735246,0,0.8223402773108013,1
10,8296,0,1,1,2.7894178663915565,2,3.234793149648948,1
7,8432,0,1,0,-0.6646630676036458,2,0.020969054404553225,1
11,5518,2,1,0,2.654058924949888,0,-0.1171766186205297,1
7,10242,2,0,0,0.7909047020424445,1,-0.4229539212740324,1
11,10596,4,0,1,-0.20567272554911226,2,1.0099356119200318,1
4,4465,0,1,0,-0.08856304863325443,0,2.2658976557307526,1
4,9731,-1,0,0,-0.81382317516428,3,3.0685362986717615,1
6,10615,2,1,0,-2.1574849485399676,1,0.9964768811486653,1
8,11523,1,1,0,0.2882127212700063,2,2.451058180405574,1
7,12115,1,1,0,-1.3034684912142513,1,-0.18174569368043134,1
10,12236,0,1,0,-0.9892879493935527,1,-0.06735337369331049,1
7,7673,0,0,0,2.6520125316437624,3,-1.3301604082230072,1
0,8829,3,0,0,3.0427053190026463,1,2.5889585161156163,1
10,8374,0,1,0,-1.2389472765573153,3,-0.30716336062627064,1
7,5471,2,1,0,-0.29222456351306664,1,1.2976576641662771,1
13,10754,1,0,0,0.04629909620315675,1,2.6726723039587563,1
9,11427,1,0,0,-0.2057999238400262,2,-0.6344174659610619,1
10,6098,1,0,1,1.7105420355485532,0,-1.1110736964830705,1
10,12883,1,0,0,-1.720997171481871,2,-0.8516901726703401,1
7,8791,-1,0,0,-0.8072392071075749,2,-0.23929149944614658,1
10,9886,1,1,0,1.4467058991431565,2,-0.6556918503953638,1
3,13317,2,1,0,0.4940414918461153,0,1.1781136288984095,1
8,12179,2,0,0,3.464801358098863,3,3.119370741540293,1
9,8796,-1,1,0,-1.4117873071224545,2,2.345237297140258,1
8,3143,1,0,1,0.7728873409263428,1,1.2385398026102317,1
5,6503,-1,1,1,-0.5207065020784011,2,0.302044127793003,1
8,11231,2,0,0,-0.7458451887954963,1,0.6171029671203977,1
12,10686,3,0,0,-0.27228798737077214,2,-0.10721499143610175,1
10,9540,1,0,0,-0.16211055773478283,1,-0.6870563944919228,1
10,11166,2,1,0,-2.1501893099395137,1,-0.14514830200772466,1
3,7064,1,1,0,-1.450699553835554,1,0.5311935402453648,1
1,5605,2,1,0,0.3433870063004181,2,1.1298030475678045,1
6,12054,2,1,0,2.6149340000156274,2,2.0942665795539464,1
8,5540,-1,0,0,0.1330816662199463,2,2.4681756079690835,1
11,-756,3,0,0,-0.6671459303409686,2,-0.5113219959403934,1
13,13200,0,0,0,1.1198806069508493,0,2.012895566307713,1
1,12913,-1,1,1,1.0985065178470739,3,3.137047641396898,1
1,4344,1,1,0,-0.2165302789457042,3,2.5369950505427497,1
4,7092,2,0,0,0.3991691039404009,1,1.077075626247879,1
4,11398,1,0,0,-1.6812210421140739,1,-0.7207203340483053,1
4,10445,2,0,0,-0.7117264773795862,2,-0.7321231520522435,1
13,8788,0,1,0,0.6011165060968096,2,1.996870007820589,1
0,7021,2,1,0,-2.299661427258857,3,-0.4682798381709603,1
10,12275,-1,0,0,-0.9651637465750842,0,1.5394705644297515,1
3,5947,0,1,0,-0.3734437996331269,2,1.717993456148168,1
8,12180,2,0,1,-0.24504412177785106,0,0.2158109025319639,1
13,9386,3,1,0,2.1548323924089106,2,-0.9379693885326079,1
1,9650,2,0,0,0.2319558211341164,1,0.47801058784708517,1
8,11180,1,0,1,-0.7097625738171884,1,0.6712835441704008,1
11,7382,2,0,0,-0.917659599256885,1,0.28538682299412793,1
11,5270,2,1,0,-0.5333950423339437,1,0.19069417382487094,1
7,9954,0,1,1,0.7467239858209717,0,1.3040770952760925,1
11,8594,2,0,0,0.0049950653749487595,2,-0.5299554979827135,1
3,5628,0,1,0,-1.3810292324975317,1,0.3747521861842815,1
7,3358,2,0,0,1.1882681477476753,2,1.1853593028625504,1
7,11007,0,1,0,0.3507810603239355,2,2.1789309850517333,1
9,4899,0,0,0,0.9601091879477778,2,1.2314276927604388,1
13,6310,1,0,0,-0.6457099420444502,2,-0.09064284887383461,1
7,8056,2,1,1,1.4605048262383282,2,1.5862505148101085,1
8,7838,-1,0,0,-0.7846894930790548,1,2.8619479401070858,1
8,4935,-1,1,0,-0.6119277883552516,1,0.6568481849983552,1
0,5612,2,1,0,-0.5856718083205992,1,-0.943355621474854,1
4,5678,2,0,0,-0.5023711769840022,2,-0.47382485595515705,1
9,5956,0,1,0,-1.1662686593434426,1,-2.2928722014587453,1
6,10974,2,0,1,-1.3493387855364034,2,-1.434511611727697,1
7,8273,0,1,0,-0.6779234645053426,1,0.3537308130328493,1
11,10550,2,1,0,-1.0878025531381241,1,1.8846244940986563,1
11,11455,1,0,0,-0.6130172834835433,3,1.9794055932764782,1
2,5469,2,1,1,-1.3586913589712815,1,-1.3716895069519286,1
6,6304,0,0,0,2.333870001758215,1,-1.4244687389549249,1
4,4348,-2,1,0,-1.4328001028693598,1,-0.23174018901159282,1
6,12895,2,1,1,-0.7021809241601434,2,0.17170620541485865,1
12,7629,2,1,0,0.13256232381611355,2,2.0288953424804888,1
10,6556,2,0,0,0.26260075168653974,1,0.5819999218450089,1
14,12467,2,0,0,0.2127559289167178,1,-1.0043295941736126,1
8,7903,-1,1,0,-0.7880294069939426,2,1.5261610713010185,1
11,12847,1,1,0,1.0298461111660528,0,-0.11244977332063238,1
6,9643,-1,0,1,1.3472671565815713,1,3.2697292598537215,1
10,8900,2,0,0,0.5609034603105627,2,1.1970687950612244,1
10,7848,2,0,0,-0.40018301311599674,3,-0.1855467497595793,1
9,12173,2,1,0,-1.1389418635845354,2,1.3617295816214272,1
11,7759,1,1,1,1.1284310880517248,0,-1.2107844613140708,1
7,7922,-1,0,0,-0.5632238603237437,0,-0.7238742026178768,1
9,11994,3,0,1,-1.3570493586865475,2,1.9559657289429422,1
13,5109,0,0,1,-1.0535275634882049,1,0.03053713927101337,1
11,12026,2,0,1,-1.4323410082922368,1,0.5645907685624861,1
9,10201,0,1,0,2.3547491008135935,1,-0.5199035800332803,1
9,8566,0,1,0,-0.3207885779882952,0,3.552257947971091,1
8,4601,-1,0,0,-0.27236467549947757,1,1.4030565182578032,1
8,4368,2,0,1,-0.17056414738307113,0,0.3806008070197642,1
6,9267,2,1,0,-1.136319869247128,1,0.6332232202287985,1
10,11478,1,1,1,-0.4753927459229994,1,-0.3561085300635827,1
11,8742,-1,0,0,2.216617007526714,1,-0.2417510529930631,1
5,12854,-1,1,0,2.6773931508492006,1,-1.3333563636438388,1
10,5763,2,0,0,1.4853254803268554,3,-0.6150832691535807,1
9,6135,1,0,0,-0.44531771840353374,1,-0.603614134836794,1
6,9365,2,0,0,1.8893476943254672,2,3.1906512015085386,1
4,6659,0,0,1,-0.3344136531294799,2,-1.3416306301205185,1
9,10079,2,0,0,-1.7867520886016153,0,0.6410400454259769,1
3,8245,-1,1,0,-0.09818088359119259,3,-1.9713283979540879,1
7,13507,3,1,0,1.3831856110667218,0,0.14150296641179655,1
7,8791,-1,1,0,-1.3191312626820393,1,0.11479765425061367,1
7,6323,1,1,0,0.608273567714936,0,0.8766160705245112,1
11,7609,-1,0,0,-0.58129009130585,3,-1.0004105397495413,1
3,7989,1,1,0,-0.6719623226178039,0,-0.5675267501487641,1
10,5659,-1,1,0,0.6776723835455173,1,-0.02264345760996661,1
8,8993,2,1,0,2.5582891355441033,1,1.2357615823797605,1
11,10530,2,0,0,0.03126167301846284,2,-0.3685689120773845,1
5,12830,2,1,0,-0.5590869782896974,3,-0.896238325508879,1
11,6334,1,1,0,-0.5176017869573927,0,-0.48738220349892664,1
8,12535,1,0,0,0.25623997023149075,2,2.119940764705224,1
6,11598,2,0,0,-1.2011123148692606,2,-1.6169533079737368,1
12,11872,1,0,0,-0.2585956718665442,0,-0.1266866169162345,1
10,10770,2,0,0,-0.6007166744816165,3,-0.5102297400782497,1
8,12143,0,0,0,0.5552117738076022,2,0.35363724658986917,1
9,5145,1,1,0,-1.3336939032241881,1,2.3028271193656087,1
8,9027,2,1,0,-0.749881348507654,1,1.4313040170551776,1
10,8314,1,1,1,-1.4990911764876098,1,1.0777038685381846,1
13,6557,0,1,1,-0.2511946232596035,2,0.46524914537993906,1
12,9648,2,1,0,-0.7284355950733833,0,0.30508179293939613,1
1,5234,2,1,1,-1.3659582902140346,0,-0.8334255853735849,1
13,6394,0,0,0,-0.2856732327388419,1,-0.4659622945812256,1
7,11784,1,0,0,0.8562365546100121,3,-0.27776016368235557,1
8,12179,-1,1,0,-0.9385699024942565,1,0.006463518898219112,1
5,11877,0,0,0,0.942220915331923,0,-0.20682819817634596,1
10,9248,2,0,0,-0.8902221069188999,3,-0.15547171616475147,1
8,7550,1,1,0,1.1640139405841934,0,-0.32403936858679505,1
3,6626,1,0,1,-1.5577983410528637,1,-1.4146108041191423,1
2,8378,2,1,0,-0.7994477332941621,2,-1.477980917454097,1
8,8851,1,1,0,-0.6064492194519819,3,-0.03984114982165815,1
13,3355,-1,0,0,1.454091002086523,0,1.367563701043217,1
4,8089,0,1,0,-1.1643936737208014,2,0.9999105244157701,1
8,12670,1,0,0,-1.4501154208324938,1,-1.6702098103668757,1
10,5921,-1,0,0,0.16029994765048716,1,-0.18315507982945156,1
7,4300,1,0,0,-0.7866800583524002,1,1.1295825550669734,1
13,8298,2,0,0,-0.746465648268334,0,0.004832955756167767,1
0,8990,2,1,0,-2.634159159004773,0,-2.3735762603410167,1
12,7975,2,1,0,-0.9996678435770584,0,-0.8791526778858376,1
9,10322,1,1,0,1.7023235908234242,2,0.6311007874468525,1
14,11543,0,0,0,-0.587550156565203,1,1.5055335636669294,1
9,11709,2,1,0,-0.9577092314950288,1,0.22033304484471222,1
8,7063,2,1,0,-0.5403748364476066,1,-0.8316551134303669,1
4,11865,2,1,1,-1.0784571863046148,1,0.9894186847174198,1
10,11753,3,0,0,-0.9500598682664593,1,-0.023435446899053802,1
-4,3317,2,0,0,1.0700001333984264,0,0.9610893118770256,1
0,10117,2,1,0,-0.6866403764357872,1,-1.2809407669927408,1
9,8271,-1,1,0,-0.6190528618465713,3,-1.9409768528719187,1
8,5143,2,0,1,1.082139991319027,2,1.3039937290400092,1
6,13376,1,0,0,-1.9360035653942953,1,-1.095147101064535,1
7,12787,2,0,1,-0.39161170773447157,0,-0.8420330529844545,1
12,3894,2,1,1,0.42610149871986164,2,3.224233740210037,1
14,6291,1,0,1,-0.21313289394949686,1,2.084198126045868,1
10,11703,2,1,0,0.3277491598715002,2,3.2360850107053807,1
6,5263,1,0,0,1.4343332874676646,0,-0.05996735033444772,1
3,8117,2,1,0,-0.8744367348709805,1,-1.8976768892188487,1
7,11116,1,0,0,-1.834912266008506,0,-1.3573397641030762,1
3,7879,3,0,0,-0.18696601881925623,3,0.06248329242312417,1
7,13531,2,0,0,0.46364507022494206,3,-0.7769307630441276,1
11,12168,2,0,1,2.326002017436257,1,-1.1139964686683317,1
3,6972,-1,0,0,2.517849590978236,0,-1.4342841916864588,1
9,10398,0,0,0,-0.5623320363892591,1,3.744265049774847,1
9,10304,2,1,0,1.3234245002040093,1,-0.6489377866261125,1
10,11103,-1,0,0,-0.9095655295189364,1,1.3257985245710118,1
7,7209,0,0,0,1.7751610193126544,2,1.2528207159689817,1
3,8464,1,0,0,1.7324082435282087,2,2.4629540297124506,1
11,8919,-1,0,0,-1.5116319261179432,2,1.9863493734899744,1
8,8784,3,1,1,-0.07556684676132253,2,0.4640541619744197,1
10,8887,2,0,0,-0.8225422000993322,2,0.825580362205647,1
13,4573,2,1,1,0.3166653100512663,0,3.2485875233631463,1
12,7906,1,0,0,-0.21243089224630757,1,0.9700811327310583,1
3,12563,2,1,0,-2.532879272500911,1,-1.7921446219473844,1
11,6262,2,1,0,-0.8081955561212457,1,-0.3496160908407109,1
8,11359,2,0,1,-0.7034190664426685,0,-0.594336489804831,1
8,11478,1,0,0,0.21887068523524222,2,0.4543545446024918,1
9,3473,0,1,0,-0.6381210609118199,0,0.35397361030205876,1
13,12470,3,1,0,-0.3128031197363035,2,1.608683466040326,1
7,8698,-1,1,0,-1.301301002989582,2,-0.4872337949076417,1
8,4860,1,1,0,0.8452826204057972,1,-0.5591926899643542,1
6,11427,-1,1,1,0.3284197365931597,2,-0.9194533408477435,1
9,7312,2,1,0,0.2512206462157527,2,-1.520892064767058,1
7,9110,2,0,0,-0.15903967325803625,0,-0.7605111512254317,1
7,12973,0,0,1,0.6357470473577623,3,-0.8582533224571757,1
13,13256,-1,0,0,2.660824015575268,1,1.0639515060140603,1
6,8727,-1,1,1,0.4433925409344711,0,3.487992187306591,1
3,8666,0,0,0,-1.1547633525003513,1,-0.35277227259814403,1
9,9464,2,0,0,0.8026756645418334,1,0.5251481324028868,1
9,9089,1,0,0,-0.895213494698178,3,-1.069198258108773,1
3,13291,1,0,0,-0.08429858946713185,0,3.429995587355938,1
3,8312,2,0,0,-0.6447624942709804,2,2.562669516255545,1
12,5252,3,1,1,-0.25304795085523957,1,-0.79647691703209,1
9,4581,2,0,0,-1.9020282971658853,1,-0.10876601333048933,1
11,11806,1,0,0,-0.7021702036932518,0,-0.3806065818291251,1
6,3174,1,1,0,-0.1883944244415377,1,0.02765897843045867,1
8,12376,2,0,0,0.5408749718345334,2,2.079195228155263,1
3,8963,2,0,0,-1.1936259361382262,1,1.8640228135398773,1
12,2589,3,1,0,-0.569808461215876,2,2.544121234483538,1
7,10999,3,1,0,0.20301590929359903,2,-1.2015000952323736,1
7,10692,2,0,0,0.5299094599782839,1,0.2916219131123824,1
8,12212,2,0,0,-0.6958792305143261,1,-1.0816920209872285,1
5,7885,1,1,0,-0.6287052539102644,2,1.7194013077785257,1
0,8616,2,0,1,2.2603473531342484,0,-1.666485921558903,1
11,13059,-1,0,0,-0.8768092362274039,0,-0.19469625414140984,1
8,8660,2,1,0,-0.6734712011982973,3,0.5203579038584456,1
13,8878,1,0,1,-0.9107414983039235,2,0.7717370874739444,1
8,9463,3,0,0,-0.19549565979620068,1,-1.1867540860302115,1
8,9861,-1,0,0,-0.06372858557452582,1,-0.24036940270612012,1
5,12227,2,0,0,-1.245787577407226,0,3.158281386481933,1
12,11240,2,0,0,-0.600518120556862,0,0.6675131123120719,1
13,9400,2,1,1,-0.2996926270059179,3,1.186147221989492,1
11,12025,1,1,0,-0.2706055123468849,1,1.7222184650011885,1
8,6784,3,1,0,0.25467657571433777,2,0.4901011745917328,1
2,8710,2,1,0,-0.7759755641217791,1,-1.0213940391850773,1
13,13050,2,1,1,-0.3167716333726862,3,1.7175958295987601,1
8,9192,-1,0,0,-0.04790038284364678,2,0.6269799918593879,1
3,3766,1,0,0,-1.125097741819718,2,-0.05583914732977652,1
2,3457,2,1,0,0.7682514363637849,2,-2.4269659839388127,1
8,7644,2,0,1,1.6888288060131915,1,-0.5882635378582581,1
6,13327,4,0,0,2.0479954916732543,0,1.2293685341152145,1
2,5698,2,0,1,-1.7557885712788188,2,-0.37207099566040586,1
12,7800,1,0,1,-0.11279138196488431,3,2.416828253361192,1
4,11662,1,1,0,0.5481501889532199,2,-2.2165590722520627,1
2,10025,3,0,1,-1.258344480100145,2,2.232984226177158,1
7,11812,0,0,0,0.0751909498674076,0,-0.23651103176146931,1
6,12042,0,1,0,1.3047425694593378,0,-1.7986541762825046,1
9,9297,1,0,0,-1.2605188880123723,1,1.9924496538981207,1
7,10141,2,1,0,1.6172656946042903,0,0.42714454034202376,1
8,12760,2,0,0,0.05373162325391312,1,0.6079479675099246,1
12,8404,-1,0,1,-2.2986288909474872,3,-1.936248301486762,1
13,7612,2,1,1,0.356155033318843,3,-0.7659513473640023,1
11,9140,1,0,1,-0.08028854158378312,2,-0.3968794943029427,1
7,11249,-1,0,0,0.21356890371788104,3,2.6981476451006827,1
6,5905,2,1,0,0.20885207341536594,0,0.503341478995431,1
8,7297,2,1,0,0.5449934893840539,3,0.11834293622378941,1
6,8154,2,0,0,-1.067115204349498,1,1.1794516683477285,1
12,6660,3,1,1,-1.6946447880048785,2,1.3151756584510592,1
-2,9847,-1,1,0,-1.8062862121474081,3,-1.0901359255927432,1
7,6046,-1,0,0,-0.977017795375335,1,1.256475089938234,1
8,8389,0,1,0,-1.0478624963161316,3,-0.024241396046350505,1
8,5660,3,1,1,0.5844661201776247,2,0.5036035315954266,1
11,8710,2,0,1,-1.8994050966913936,0,3.0899472721033563,1
6,13610,1,1,1,1.5163641133541095,1,0.2989556738083543,1
11,9294,2,0,0,1.6760748625769621,2,2.7460121913660696,1
10,10430,2,0,0,2.072333414532242,-1,3.0479728288066843,1
0,9985,2,1,0,-1.4826874470755123,0,0.07225600325598948,1
5,8078,-1,0,0,0.33895221104473583,3,1.7752793422826894,1
11,11182,2,0,0,-0.851053846476332,3,1.6403410436658996,1
6,13109,-2,1,0,2.0820335586575793,0,-0.538509668829521,1
11,6743,2,0,0,-1.5134030566675467,1,0.034641463519315865,1
9,4580,0,1,0,-0.14502273270934424,2,0.48836869834418795,1
10,12018,2,0,1,0.4482331823620318,1,-0.47339970467994646,1
11,12626,2,0,0,-0.3031483906604452,1,0.08606485364562183,1
8,3636,2,0,1,-0.9852013543083572,0,2.1201328057862443,1
12,7657,-1,1,0,-0.7662809534264663,0,0.16766131064705886,1
8,12298,0,0,0,-0.36260325732014576,3,0.7176379883659518,1
9,6790,2,0,0,-1.6542239834961632,3,-0.23545313302507992,1
8,12631,0,0,0,-0.2321883349711899,3,-0.030339082403006673,1
12,6637,1,0,0,0.24900814512798275,1,2.7043683446125604,1
6,9627,0,0,1,-0.7983596905742039,3,1.4458799452798456,1
4,5921,2,0,0,0.022503136615310636,0,0.12629177368794484,1
10,9812,1,0,0,-0.5809475994639829,1,-1.016508376095447,1
3,7423,0,1,0,-1.8368313184845007,0,-0.5219303115687168,1
2,8221,2,1,0,1.0503477974148498,2,1.529299590622634,1
6,6571,-1,0,0,0.5605869071425107,0,0.14356923223952084,1
4,4229,2,0,1,-0.9134429778041169,1,0.4258439346865637,1
8,13553,2,0,0,-0.10941259821621196,1,2.3927217861804086,1
6,10544,-1,1,0,-1.435779477556459,2,-0.20042248467675472,1
8,8920,-1,1,0,2.811641893940508,2,-0.2861661026854556,1
10,8276,2,1,0,-1.0215240218444506,1,0.26393350806827914,1
2,7855,1,0,0,-1.3193059740685427,2,-0.36374410717558714,1
5,9526,2,0,0,-0.4990438326451426,0,-1.2391560005564113,1
8,13033,0,0,0,-0.20077766147343376,1,0.8930716790680344,1
5,6498,2,1,0,2.26058502694391,1,2.3542163461996837,1
6,9286,0,0,0,0.38352591530199986,3,0.4741184122667339,1
6,10396,0,0,1,0.3235550893284349,3,1.9949231636480476,1
7,10727,4,1,0,-1.1358890706067384,3,0.9228790864751761,1
5,11953,0,0,1,-0.9209205832578029,1,1.3389602072576035,1
10,13522,3,0,1,3.392483977349122,0,-0.49085223647661796,1
4,9256,1,0,0,-1.0708553056080619,1,2.3417730373748653,1
14,13203,2,0,0,-0.4955312180431553,2,0.03323542475337932,1
7,6215,1,1,0,0.8274893485799067,1,0.9175982682017108,1
12,5848,1,1,0,-1.2313887612249355,3,1.3519676494006159,1
9,12016,3,1,0,-1.1915522357162542,2,-1.8176318747230458,1
5,9270,2,1,0,3.019423533976016,2,-0.7642672524657372,1
10,10563,-1,0,0,-0.6345753301890238,1,0.1045665935449624,1
5,8206,1,0,0,-0.5752284583337528,1,-0.45816205411564037,1
10,9991,0,1,0,-0.8861546089921484,2,1.0736588806911744,1
7,4251,-1,1,0,0.9899927105539446,2,0.3303960419184204,1
4,8574,2,0,1,-0.32741889367389687,1,0.171520642707029,1
1,4581,-1,0,0,-1.5646773624723251,0,1.7830813861702126,1
7,7595,-1,0,1,-0.4823642553669959,2,-1.1026475993381526,1
12,13180,-1,0,0,0.44957429907418,3,-0.25051522544660654,1
8,8546,2,1,0,-0.9727039679202859,3,-0.7728697110330296,1
9,10015,-1,0,0,-1.1250848199446795,3,-1.119827163653461,1
3,11306,1,0,0,3.1605592572886683,2,-1.0897554936049443,1
4,8587,0,0,0,0.25234839754012994,2,-0.15854137877359764,1
10,12117,-1,1,0,0.40610901564550256,1,0.5008919350744017,1
7,5954,1,0,0,-0.9734842357000446,1,3.6486334326299534,1
7,10975,3,0,1,-0.10942221483413425,1,1.8436396858402253,1
13,13491,-1,1,0,0.22809752926460236,1,0.011421569354046979,1
9,1343,-1,0,0,-2.884775190129126,0,-0.04024716533479092,1
11,13095,0,1,0,-1.5635678597395986,2,1.1115667919786398,1
3,12756,0,0,0,0.10288190282245424,3,0.1696710131974452,1
8,3895,3,1,0,1.4075942207079208,3,2.2591396456261066,1
6,8108,1,0,1,-0.08203591255670345,2,-1.6234941511085788,1
5,8000,2,1,0,-0.7116556024581311,2,-0.31017606606321696,1
13,13205,2,1,0,-0.14256577885251664,2,0.9366995859107201,1
9,7772,2,0,0,-0.08236727007406647,1,1.9392568004332977,1
6,7074,0,0,0,-0.4766682079353478,1,0.3067437920375502,1
1,8425,2,1,0,-1.2612982125484522,3,-0.45952691140551744,1
10,7411,1,1,0,1.3180545378064108,1,0.5578561015099699,1
6,4178,-1,1,0,-1.0631678841513081,0,1.4631425294341343,1
11,3959,3,0,1,1.6030562350640354,2,-0.9113293347821678,1
8,12745,-1,0,0,1.5779595706463334,0,-0.4608874437597687,1
12,5053,2,0,1,-0.5794961420346563,2,-1.0226750156713764,1
9,8104,2,0,0,-0.8145397278260348,0,0.10270205755020084,1
12,5561,-1,1,1,1.5902948413677844,1,0.698386217696477,1
7,6995,0,0,1,-0.7082407104054202,0,0.21111829755013883,1
11,7771,3,0,0,2.006471494307221,3,0.693629461436231,1
2,12056,0,1,1,-0.6984605840089265,0,-1.1140344272997755,1
3,9328,2,0,0,-1.6252362578558222,2,1.5381476691060478,1
10,6920,0,0,1,0.8207993998104912,2,2.5550831344964386,1
6,12524,3,1,0,0.6827465845035001,2,-0.33005536027273985,1
11,7819,-1,1,0,1.3094377612916246,1,2.3746416685665674,1
7,12407,1,1,0,0.001842655211892641,0,0.3603879876070196,1
8,9726,2,0,0,-0.2791930511401953,1,2.6663132905470652,1
9,10336,1,0,0,-0.9531026872525465,1,-2.6833739690197995,1
13,11342,2,1,0,-0.9130947223089886,1,2.015280907835178,1
8,13269,3,1,0,0.661897597114432,0,0.8363033713276966,1
10,5231,3,1,0,-0.5513150957061814,1,2.017921621962549,1
8,11714,0,0,0,-0.44038580051856874,1,1.5721767908378077,1
9,12256,1,1,0,-0.7225912081483011,1,0.7214942944807724,1
9,13299,2,0,1,1.668730328723113,1,0.049175204482446055,1
12,12246,2,0,0,1.2814722320244571,1,0.06780639317113113,1
10,8313,0,0,0,-0.9942092563674796,2,0.8838690049697568,1
-2,11341,2,1,0,-0.7378619653832575,3,1.3775822141014595,1
12,12992,2,1,0,1.5026715398375274,1,0.9018553858704279,1
4,7935,1,0,0,0.9371483034484472,2,0.8402942156096697,1
3,12902,0,0,0,-0.05356652083926916,1,0.707850019193855,1
8,8931,-1,2,1,-1.0450345406567099,2,2.1361579224031444,1
11,11113,3,0,0,-1.230930764121764,2,2.193783209510886,1
10,6388,-1,1,0,-1.379077247801727,0,3.221741330460488,1
4,7318,0,1,0,-1.0454980537057978,0,-0.5202596185221486,1
8,9859,2,1,0,-1.3576314209999358,1,0.29623279392991236,1
6,5999,2,0,0,0.2847574502994509,3,2.4196330007296663,1
8,6901,2,0,0,-1.1228602253690343,2,-0.17360647590613423,1
1,12917,0,0,0,1.765879458410137,1,0.4836853563420172,1
2,10191,-1,1,0,-0.5809418484480259,0,0.375560509484121,1
0,11609,2,0,0,0.12216589355068164,0,2.6192611636746146,1
8,5100,2,1,0,-0.4655200979720871,1,2.0818144975804955,1
5,7575,2,0,0,0.28632975070733624,1,1.6541289029100692,1
12,6647,2,1,0,0.26839459424469353,1,-2.3304075605909946,1
3,8213,3,0,1,-0.7353447861850886,0,2.3921449195384805,1
9,9782,2,0,0,0.44239123098658717,0,-1.942069620265675,1
12,7691,3,0,1,0.011275760728900575,1,1.1648022513288594,1
3,13279,1,0,0,-1.3240581419655801,0,-1.1789005629720581,1
11,12156,3,0,1,-0.130074758563404,2,0.7851897076269556,1
9,13077,-1,0,1,-0.3248307932062976,2,3.603135525734941,1
5,8499,2,0,0,-0.43380867684578844,0,0.44860091081304054,1
7,5961,2,0,0,-1.654719183094405,1,-0.5303093411534616,1
13,8763,2,1,0,0.767171895277485,2,3.521769883804197,1
10,7173,1,1,1,-1.6353151089506666,1,0.2268337968163081,1
8,7776,2,1,0,-1.0309728240760585,1,-2.251975866703348,1
0,7671,1,1,0,-2.0715281862967996,3,2.551187376022034,1
2,9217,-1,1,0,-0.8590242726277247,1,2.1953135569750386,1
10,7031,2,0,0,1.9345346097023057,0,0.8880888144765435,1
6,12993,0,0,0,1.1016088933105603,0,-0.7929758637391022,1
8,12122,1,1,0,-0.7769617949714761,0,0.7494991994970152,1
11,8498,1,0,1,-1.3473215314777796,0,0.6942112942662765,1
4,9565,-1,0,0,2.1382669639742113,2,0.22176590097097648,1
11,4657,0,0,0,1.1668430696916343,1,0.4955491350266357,1
8,13063,0,1,1,-0.06596714411190585,0,1.8386678182539378,1
13,11800,2,0,0,-0.20591110288096787,1,0.632546769687919,1
8,4095,1,1,0,-0.9035679594417607,3,2.2012542515570908,1
9,11924,2,1,0,-0.5801335535829195,0,-0.09314680631840377,1
6,5050,1,0,0,-1.3609643194519108,2,2.4143418149570124,1
7,8871,3,1,0,-0.4913772724789495,2,-0.44071854398868776,1
8,6942,2,2,1,-0.5027609011259396,2,1.302383450603682,1
8,11900,1,1,0,-1.8603515766957326,1,1.563471601358429,1
6,11208,2,1,1,-1.1397925710593348,0,4.161653981855709,1
5,12515,2,0,0,1.6796105330573907,0,0.46993941649436943,1
10,12712,-1,1,0,-1.7779855342661595,1,3.3037126180532796,1
10,4246,1,0,1,0.36048720080685637,1,1.133651799061842,1
3,7463,2,1,0,-0.9945474553290911,2,1.1020816137265037,1
3,938,2,1,0,0.6172673617517762,1,0.9302530074225824,1
3,12923,2,1,0,-0.4639635054131005,0,1.122320372402063,1
2,10636,2,1,0,-0.8865181148841026,3,-0.49209320216168617,1
8,10799,2,1,0,-0.050970296342813755,2,1.9126231922614447,1
5,4037,1,0,0,-0.07831639251039829,1,-0.2647097745305952,1
6,6775,-1,1,1,-1.76657103763455,1,2.5043852015946313,1
2,11796,1,0,0,-0.3222912800309289,1,0.6536489049828691,1
11,3578,0,0,1,-0.6913231102418773,1,2.628979389926438,1
-1,1308,-1,0,0,-1.997736801529899,2,0.8446801334317241,1
7,10608,2,0,0,2.5367742045355377,1,-0.8311228446892649,1
6,7066,1,1,0,-1.6470208718316717,2,-2.0783537870926962,1
14,7742,1,1,0,-0.5022526884700736,3,2.491849501943828,1
2,2557,-1,0,0,-1.0998643940256843,1,-0.15408306755500556,1
11,8561,1,0,0,0.0132774910737119,2,-1.7059322163143311,1
4,5161,2,1,0,-0.6671996499101802,1,-0.7953858765582476,1
3,11700,2,1,1,0.9805946183324357,2,-1.0388961678493087,1
3,4947,-1,1,0,-0.1715190635275341,1,-0.6707806216570242,1
11,8907,3,1,0,2.6174998959378253,2,0.3525106430066538,1
10,6315,0,0,0,1.1259571614587491,0,1.4560489768939169,1
13,12062,1,0,0,-1.360178552183959,1,-0.9971416233582981,1
6,10455,2,0,0,0.6165718522235797,2,-0.4875733569668434,1
6,11174,2,0,0,0.8763792038540638,1,0.5511008290739581,1
4,12415,2,1,0,-1.6063414264566411,2,0.5033799243040182,1
9,12560,3,0,0,-0.8920578477634229,1,0.017319760926142666,1
-1,13754,0,0,0,0.022358793033480588,1,1.1116317828256375,1
12,7172,3,1,1,-0.4313713728362343,1,-0.6025150745623358,1
1,10817,-1,1,0,0.5956002405351574,1,-0.5062912708158602,1
6,4192,3,0,0,0.6274632747897572,1,-0.4830182350645084,1
13,12852,1,0,0,-0.05869004056923495,0,0.5730560352489775,1
10,10341,3,0,0,-1.722094569004759,1,0.003705055795427986,1
7,7601,0,0,1,0.5712211857998418,1,0.2959425819089457,1
12,13274,1,1,0,-1.051311776100138,0,0.017467412691227854,1
5,8741,1,1,0,-1.1386296023058884,2,0.107359893499756,1
12,12849,1,1,0,-1.1197805552523348,0,-0.9883683224050881,1
4,5512,0,0,1,-2.11194442245165,3,0.17258148852459604,1
8,11955,2,1,0,-0.46816681581637226,0,2.012989922416473,1
8,5348,0,1,0,-1.609535154022697,2,0.40719097029432905,1
10,6992,-1,1,0,3.540180151956542,2,0.9917618301867248,1
11,9251,0,1,0,2.838858597837926,0,0.8127814649675555,1
11,9659,3,1,0,1.7847760151603105,0,1.030614485624688,1
4,8132,2,1,0,1.5645355249247959,1,-1.0748524660122383,1
11,8074,2,0,0,-0.49164524266281834,0,0.10140462795129723,1
11,10135,2,1,0,-1.1487347170031739,1,1.2312285144263064,1
9,5051,-1,0,0,-0.10415128485006547,2,1.8669603262996308,1
9,10464,-1,0,0,-0.6338740107329154,2,2.7034392263954974,1
7,12305,1,1,1,-1.4890900277396477,0,-1.1748677003776875,1
6,7266,-1,0,1,-1.6764616967677104,1,-1.4036215003302452,1
10,7589,0,0,0,-1.3672109544827906,1,-0.5454892755387377,1
3,12807,2,1,1,-0.7824386696074913,3,-0.9762384056531699,1
10,9868,1,1,0,1.1113478614193892,3,0.741740692360583,1
6,11485,1,0,0,-1.0061170603729843,2,-1.1349747316458523,1
12,12629,0,0,0,0.8717607043288783,2,1.8325856624565868,1
12,9727,-1,0,0,-0.42173954135135194,1,1.7035489443752865,1
5,12022,-1,0,0,-0.27093736485542885,1,1.024931603996486,1
9,7567,2,0,0,-0.3944424580893827,1,-0.8697986585497619,1
13,10605,0,0,0,0.36433915189362864,1,3.088867040877197,1
3,11394,2,0,0,-0.9523132546230362,0,2.719757369353478,1
8,13267,0,0,0,-0.6286292206596611,0,1.510891212142261,1
8,10867,1,1,0,-0.9992544142948107,2,-0.04193513273112637,1
8,11009,3,0,1,2.8469861699308954,0,0.5303936976284533,1
12,8709,3,1,0,-0.6413000026283892,3,-1.3238296547715187,1
7,9929,0,1,0,-1.539069208752775,2,0.5962516296258028,1
9,10090,0,0,0,-0.9255368889097659,0,0.14812814967837595,1
8,6169,3,0,0,-1.736769990468753,1,2.003962233111229,1
4,9230,2,1,1,-0.5368312906508937,1,-0.4413835129904027,1
6,12514,-1,0,0,0.2560856001476962,2,-0.9459482883239041,1
0,12719,1,0,0,-0.04827942599295432,3,0.38174847835432074,1
9,7242,-1,0,0,1.6179045792486106,1,2.1199959573102767,1
4,10607,3,2,0,-1.4952629436364329,2,3.472755078251997,1
13,1538,0,0,1,2.20309522117657,0,0.2520420965824637,1
11,6322,2,0,0,-0.6353713922415211,3,-0.043743236887353154,1
6,12386,0,0,1,-1.5908732406168897,1,0.3279943150314076,1
11,12053,2,0,0,-0.8147499948692487,1,0.8553026750899198,1
6,6090,3,1,1,0.2980093257403096,1,0.7259744133346446,1
7,11411,2,1,0,-0.9317928219235172,1,-0.6413650030244615,1
11,5972,1,0,0,-0.08780071011032992,3,0.5882631006629422,1
4,9213,2,0,0,1.1063544832004664,1,0.39735161832103316,1
6,8065,2,2,1,-0.8314205162770191,2,-0.4045105070127885,1
10,12127,-1,0,1,-0.9709031953698148,0,0.054747073028731705,1
10,11427,2,0,0,2.7859360541046936,2,2.2583578208160136,1
9,12028,2,0,1,1.9339315941788011,3,-0.3989744705893723,1
13,9794,2,0,1,0.23276534820484684,2,-0.002657464682046917,1
6,3153,2,0,1,0.2064426703839127,1,-0.41148632380121497,1
5,4518,1,1,0,-1.6136414802256946,1,2.2401636832220553,1
10,4621,0,1,0,-1.4109178941914504,0,-0.6812518078936336,1
12,9195,3,1,0,-0.3535750743682209,2,0.622810234653201,1
10,10068,1,0,0,0.5666929980694958,2,-1.0238352150344858,1
6,11653,1,0,0,0.5571999440699449,1,0.22336929832578223,1
8,7992,1,0,0,1.2647526699436988,1,0.4128650309242999,1
13,10791,1,0,1,-1.7761567515382837,1,1.1254346014414107,1
10,12925,1,1,0,-0.7924689828954563,3,-0.5092838627410945,1
5,7314,1,1,0,2.0263480023746863,2,-0.8333655349987465,1
4,8626,2,0,0,2.644725539859276,0,0.6579369506480134,1
5,6742,2,1,0,2.519374628248672,1,-2.050227978514963,1
8,12068,-1,1,0,0.41723964538465713,2,-0.5858834527308687,1
12,8879,-1,0,0,1.069318211576296,2,1.4502021060197658,1
7,7195,-1,2,1,-0.8731028638992857,0,2.014634659853708,1
5,11137,1,0,0,-0.8382729397159252,3,0.09559740036952058,1
2,7460,-1,0,0,0.8045578598608194,2,-0.8049694101668703,1
8,8612,-1,0,0,-1.1118647090943945,3,2.489096284986637,1
4,13203,3,1,0,-0.37872423458325,0,-1.794509881344137,1
3,4534,2,0,0,-0.4992524768707604,1,-0.19937482306556512,1
4,12149,0,0,0,-1.4435247733674363,2,2.3650598991360847,1
6,12755,0,1,0,-0.7206214037699837,0,-0.5867580059277446,1
9,11749,-1,0,1,-1.0318481247968985,1,0.2236931827157454,1
7,4456,2,0,0,-1.124875204205651,1,-0.6770868841968211,1
10,8397,2,0,0,-0.5224439868943658,3,1.459329507828938,1
1,6891,0,0,0,-1.5372744492534114,3,0.23132612636633176,1
11,11200,3,0,0,-1.269028307455433,1,0.20970288128279257,1
2,10517,1,0,0,-1.4138497009037678,1,2.6701906641548603,1
7,5913,2,0,0,-0.28983847283735,0,-0.8507616611426757,1
9,8636,0,0,1,-1.1753255787184145,2,2.2968295999270514,1
1,13005,2,0,0,0.8977342418806584,1,-0.003488808172885438,1
12,10833,2,1,0,-0.8006081373785863,1,0.1374395270556663,1
5,11214,2,0,1,0.1713262612662182,0,0.03938944728392452,1
6,9932,1,0,1,-1.1324496634644894,0,2.7813271205908423,1
8,11640,2,0,0,1.0034990426552262,2,-0.6452915401171355,1
5,11740,-1,1,0,0.08559132852124451,1,-0.24037607702266975,1
11,11593,-1,1,0,2.3353834824122175,1,-1.3549140606575947,1
12,7716,1,0,1,-1.3254859073581295,1,-1.628304856499477,1
12,13137,2,0,0,-0.11927837124717189,1,-1.8631010301310553,1
7,11546,1,1,1,0.3192792502728712,1,-0.3921135410731515,1
7,9340,3,1,0,-0.8426656958904059,2,0.6915210696481027,1
13,11973,2,0,0,0.6655557223447865,2,1.7372746584752132,1
5,11537,2,0,0,-0.8417954793243987,2,0.9271382412516858,1
5,6516,2,0,1,-0.7055467221698596,1,-0.48354022292600796,1
-4,8474,1,1,0,-0.9007643576982872,3,1.9219195123618904,1
8,9991,3,1,0,-1.2923515170971969,3,2.3880976494049473,1
9,9552,0,1,1,-1.0246542979117055,0,3.2493038181242713,1
8,10644,1,0,0,0.05670711233107945,1,0.4587512050555247,1
12,12819,2,1,0,-0.8964658415085908,3,1.778540117967954,1
8,9031,0,0,0,-0.9262803135591464,1,-0.7041304127005137,1
7,7098,2,1,0,-0.09407951692707239,1,0.7475322237648747,1
6,6260,2,1,0,-1.896771262704642,1,-1.507784298097059,1
11,11319,1,0,0,0.2582204124720031,1,-0.6700221101760506,1
1,3673,3,0,0,0.06310789462239275,3,1.8099234402632414,1
7,7089,1,0,1,2.1309153205525098,1,-0.16962414198438452,1
11,9056,2,0,0,-0.9532809101298388,3,1.9802568871002313,1
3,12639,3,0,0,-1.0663751143775468,1,2.0985950824340693,1
-1,5805,2,0,1,0.14393959762658937,2,-0.9362804505271507,1
9,9307,2,0,0,1.862213740162698,1,-0.009831668480226485,1
10,8897,3,0,0,-0.1633543251008659,2,1.2991026063419238,1
5,6186,1,0,0,1.1862707337805363,1,1.0118816349278057,1
10,11105,0,0,0,-1.3353117428207164,1,-0.19405381629628954,1
9,13069,0,1,0,-1.24384273933644,2,1.6197904582114617,1
11,8125,1,0,0,-1.6765943544041924,2,0.9615684731148522,1
13,12650,0,1,0,-0.4370081565522208,2,-1.1129798892699923,1
12,9812,2,0,0,-0.2522084617001269,1,2.4517270686780317,1
5,12674,4,1,0,-0.6853525656960837,3,0.648861397461501,1
11,13607,2,0,0,-1.3935753831773539,1,1.1315441893242664,1
1,7537,2,0,0,-0.5554556220344486,2,-0.4577086730127146,1
1,5295,0,0,0,-1.3315328555069208,3,-1.7944013435852473,1
5,9192,-1,0,0,0.1521058705006858,1,0.49569732119763543,1
12,8114,0,1,0,0.18695415907816923,0,0.022389571190446156,1
10,8117,0,0,0,-0.20277230838392046,1,1.5483229548858775,1
6,7839,0,0,0,-1.397166622351303,1,3.293058912186892,1
5,8011,2,1,0,0.9886947716988874,0,2.978270819416861,1
5,10389,-1,1,0,-0.3873141943018769,2,1.788863607294323,1
10,3973,1,1,1,-2.8322271442366382,3,0.10232214259418754,1
5,3017,3,1,0,1.1238583000237707,1,-0.7386627846954752,1
9,3485,2,1,0,-1.7523633548268718,2,1.6999969753883553,1
6,11561,-1,0,0,-0.69224440606429,1,-0.6115738783972342,1
12,10836,2,0,1,1.6832139623785096,0,3.121165357726514,1
7,8873,3,0,1,0.36749258183429834,3,-0.12580070880330435,1
0,8937,0,1,0,0.7765292491466349,1,-1.3837244627210274,1
3,7352,3,1,1,-0.4356706188665215,0,0.7184825742119565,1
11,11125,0,1,0,-1.3580282672851778,2,-1.110047336685599,1
6,7317,-1,0,0,-1.2023516565986694,0,-0.06809476536781334,1
11,3871,2,1,1,-0.75264167985404,2,0.776836803354793,1
4,9554,2,1,1,-0.46294159121513867,3,2.1589436928965022,1
5,10383,2,1,0,-1.5432261018788247,2,-0.5003494177661533,1
1,6381,2,1,0,1.2114394362577494,2,-0.5183596383546125,1
8,9664,2,0,0,-1.1909892723169693,0,-0.5691149683875798,1
9,628,-1,1,0,-2.1971043758999644,0,-0.8823390419324462,1
10,11306,0,0,0,1.829227450023397,1,-2.187566096607229,1
7,9382,2,0,0,-1.4268353516478964,1,-0.4436820360782725,1
6,4215,2,0,1,1.8446484463571693,2,-1.3177338346183782,1
12,8555,1,1,0,0.009467569002363785,3,-0.08233048588651448,1
11,9429,-1,0,0,-0.998376247996595,1,-1.1122689705648774,1
12,7415,2,0,0,0.272481713249182,2,-1.0507670573147339,1
5,8596,0,1,0,-1.7679909529355564,2,-0.17571513398824684,1
5,8185,4,0,0,-0.6628554249414088,1,0.42593281440986713,1
6,12111,2,1,0,0.11492295408041642,1,-0.4696808496810417,1
8,1074,2,1,0,-0.35252975720282465,1,1.399603605396381,1
7,5351,2,1,0,-0.20294454257731753,1,-0.5096660445902708,1
5,12610,0,1,0,0.05910228059492153,3,1.5274494111617418,1
2,3617,2,0,0,-0.6598885745300386,1,-0.8704313340242033,1
11,7474,1,0,0,2.5259295192845896,0,-0.52776032320506,1
3,12504,0,1,0,-1.0718531036200913,2,0.279699477486556,1
12,11119,1,0,0,-0.2593347455229091,1,-0.15565433091298558,1
8,11211,1,0,0,-1.0461030371375304,0,-0.5281081108797268,1
7,9356,0,1,0,0.06562928338241814,2,-0.6681021329453045,1
13,6645,-1,1,0,-0.24012127205367112,1,-0.5113602150874066,1
6,5643,2,1,0,-1.3316535389217936,2,-1.184452191769273,1
12,6178,3,0,0,-0.9139555812085712,1,-0.04107011221223433,1
10,4144,2,0,0,-0.6372139308665536,3,3.964198695069987,1
7,13137,2,0,0,2.273789769514927,1,1.8173116458384238,1
11,9070,0,0,0,-0.31657812498087073,1,0.34531811154691544,1
8,12517,2,1,1,-0.632356113469345,1,0.7489722137662427,1
2,13457,2,0,1,1.7921031280282627,2,1.190474779811578,1
7,10056,2,1,1,0.8034479953985512,1,-1.4820811771920015,1
9,9680,2,0,1,-2.315003714088804,1,-0.7204151818884807,1
11,13029,-1,0,1,-0.1215507198499658,0,-0.21988425897316352,1
5,7195,-1,1,0,1.3469924143795768,0,0.006716906438551384,1
4,6328,0,1,0,1.9529765709865,0,2.2828812778572978,1
9,13473,0,1,0,0.5950658269651274,2,1.3891451803256327,1
4,11792,-1,0,1,-1.2047964281698182,0,1.0426363066879551,1
10,8091,0,1,1,-0.05362847289338424,1,1.0246399380041522,1
10,8126,0,1,1,-0.025528209587755035,1,0.774392509931459,1
6,9281,2,0,0,-0.07583127626059405,2,-2.324257626427188,1
14,8246,2,1,0,-0.2763704020887522,1,1.015797801369689,1
7,3806,1,1,1,0.3996573709846994,3,2.1898965853041927,1
7,8373,2,1,0,0.18260846041072912,1,0.8374148622604074,1
13,11965,1,0,0,0.1324982151582068,0,-0.309841795326659,1
6,12963,2,1,0,2.294079917230951,0,-1.28209198996642,1
8,11180,2,0,1,-1.3975067594490853,2,1.631171482740299,1
8,11733,-1,0,0,0.6643279408734529,2,-0.02809240389457357,1
-2,12967,1,0,1,-1.3298768438630777,1,-0.9604326522477218,1
12,11440,2,0,0,-0.6132045725150964,2,0.36237792860414086,1
6,8140,-1,1,0,-0.41432825093896203,2,0.3943875557854553,1
10,11955,-1,0,0,-1.043708146359303,1,-0.9107307876724524,1
1,11927,2,0,0,0.14547308030502504,2,1.4252529215313812,1
-1,7868,2,1,0,-0.38568670785073783,2,0.2828810685065349,1
9,4800,2,0,0,-0.9647865111909018,0,0.8027065555136587,1
3,6559,3,0,0,2.717161103365748,2,0.5065007969635733,1
12,6290,-1,0,0,-0.4280319148342762,1,-0.758410455633745,1
3,9147,0,1,0,-0.6591836485092449,2,0.4616395346321031,1
5,10396,-1,1,0,-1.371760365811551,1,-0.30483254682250194,1
3,5733,3,1,1,-1.089549090441687,2,0.20092507751036237,1
8,12077,1,0,0,0.6413219065271379,2,1.2232487952996025,1
11,11362,2,0,0,-0.280099700406777,1,-1.2880612253368138,1
10,8515,-1,1,0,0.5041802070917238,2,0.887674553166313,1
10,12671,1,1,0,-1.6366018806213591,1,1.6301385489310867,1
9,8540,0,0,0,-0.7313168605809139,1,1.2089247105505345,1
5,8034,0,0,0,0.640886723154244,2,-0.00326952690976684,1
5,5298,1,0,0,-1.7319032100368514,2,-0.8161866267093567,1
3,11515,2,1,0,-0.286977587037215,1,-0.7736706966751852,1
3,4981,0,1,0,-0.6032757853999238,1,-0.21146995427905269,1
10,12117,0,1,1,1.0045582038257028,2,0.24590829301894446,1
6,12241,0,0,1,-0.6590907594790468,1,-0.6325503013567624,1
6,8146,0,0,1,0.34444274682145515,1,0.5480988605283343,1
6,9492,2,1,0,1.7488832359880848,1,0.6791694026890724,1
6,4898,3,0,0,-0.2944309950306544,3,2.0985611253314014,1
9,4409,0,0,0,0.5694394933796321,1,0.49250416069522546,1
11,13076,2,1,1,-0.3434053242435765,0,-0.5551300729138378,1
6,5242,2,1,0,-0.5217261499511039,1,2.4451002611693164,1
9,10531,-1,0,0,-1.6517765386804424,1,0.21285966060383105,1
13,4049,1,0,0,0.7999192684276422,1,0.053339279119761815,1
12,7656,-1,0,0,0.07154203119479952,2,2.0825643332227863,1
5,11735,2,1,0,-0.015817435555792736,1,1.2763887426913867,1
10,11009,3,0,0,0.5254560302718397,1,1.543374679996638,1
12,12191,3,1,0,-0.3716993457960505,3,-0.44588193003131416,1
3,12556,0,0,0,0.3021509714573478,0,-0.7095003648374496,1
8,12905,1,1,0,0.013674592200223268,0,0.8212871890977058,1
6,9609,2,1,0,-1.1162784643743722,2,-0.38769360437391703,1
5,9107,2,0,0,-1.431256508667047,1,-0.3810865359727428,1
11,8563,-1,1,0,-1.2796966179079157,3,1.2850914164665808,1
3,8602,1,1,0,0.6962988977649767,1,0.016264750816595522,1
12,8064,2,1,0,-0.5938629875125907,1,-0.7268121059518717,1
12,9446,2,0,0,0.05818800280341008,2,0.5857733270507789,1
7,5403,1,0,0,0.5084630509831916,1,1.6819204473388247,1
8,7943,0,0,0,1.2818598420298701,3,2.8974744175654044,1
7,11480,1,0,0,-0.4926742639283939,2,-0.4246829243395499,1
3,8632,0,0,1,-0.9657014215346104,3,-0.044149308338335747,1
11,2596,0,0,0,-1.3804738523925595,1,1.7137311681042897,1
7,12913,3,1,0,0.0007103563377106603,1,3.0279459386865315,1
3,8334,1,1,0,-1.055007807609178,1,1.369693282161552,1
5,6499,3,1,1,-0.3646034241605386,3,-0.7550908970840091,1
3,7925,2,0,0,-0.17910368717468772,2,-0.7249741096574625,1
12,7591,-1,1,0,-1.0863238842199316,1,0.7620435847573501,1
8,8089,0,0,0,-0.32279079126287796,1,-0.1837312508464331,1
9,11054,2,1,0,0.2674216086402128,1,2.624613619878307,1
8,8171,1,1,0,0.9821765495814443,1,1.3075425927199713,1
8,13015,2,0,0,-0.6805580680917793,2,-1.6033935933830978,1
8,8450,0,1,1,-1.4552160617874468,1,-0.4633916690539248,1
8,4090,2,1,0,1.5329147017822122,1,-0.9614686363200293,1
7,9349,3,0,0,-1.1909978769472649,3,0.6504736059751657,1
12,9478,3,0,0,-2.419025274995748,3,-0.9674613449334866,1
10,12881,-1,1,0,-1.4925800802953535,2,-0.11843182035526278,1
4,11255,1,0,0,-0.12323871793334523,3,-0.10783556046074938,1
4,10615,2,0,1,-0.8659202031862154,1,-0.964235515108391,1
13,8525,2,1,1,0.2809116107890286,2,3.0305421938688717,1
9,10256,-1,1,0,2.65992041899982,0,1.8103843199333016,1
11,8454,2,0,1,1.1372971731022412,2,0.39415974221692174,1
9,10879,0,0,0,-0.6971244534820175,1,-1.099732190641865,1
6,9660,2,0,1,-1.0214363659990524,3,-0.9301884201076915,1
6,3429,3,0,0,-0.4145648851667202,1,-0.433917090216981,1
9,5554,1,0,0,-0.8789449243438299,1,0.1016468473790963,1
8,12265,0,0,1,-1.5461672002878295,1,2.3102649007152913,1
8,7444,1,0,0,0.5836756367111323,3,-0.34455395542355693,1
3,3961,1,0,0,-2.035748203929564,0,-0.9954861222113627,1
7,9355,2,1,0,0.4290166379749505,1,-0.3461218090729198,1
10,6753,0,0,0,-1.3842981021518765,1,2.736245072877259,1
12,4642,1,0,0,0.0021578584291390146,1,3.187832458781344,1
5,7155,1,1,1,-0.9612938742465157,1,-1.4480468475897352,1
12,13210,-1,1,1,0.31266119735795084,1,-0.7694450734467505,1
3,6863,2,0,1,-1.175070905148258,0,0.10283652043143851,1
4,6952,2,0,0,-0.10287961806338242,2,1.5463265606413323,1
7,12477,0,0,0,0.15454720572217828,3,0.5187608960792756,1
7,10420,2,0,0,1.1351956133063503,2,0.03669317822552215,1
6,8549,2,1,0,-2.3712984499845815,1,-0.31674372694798725,1
4,2990,2,0,0,-1.6766018843307,0,0.09509428715203327,1
9,12629,3,1,0,-0.23099076457970094,0,0.7508648145766699,1
10,4099,3,0,0,0.4786403028239391,1,0.28131525701414384,1
10,8490,3,0,0,-0.7972443929746859,2,0.6592664513444058,1
11,9290,2,0,0,-0.29705695528061715,2,-1.0163975761838062,1
1,7901,2,1,0,0.09080712388414769,2,-0.12243992464253922,1
8,7864,2,1,0,0.4802868753601184,3,1.592107725466576,1
4,11675,2,0,0,1.4665292031651567,1,0.5540681824753181,1
12,2027,1,1,0,0.668461748022807,1,3.6269010901607004,1
12,7829,-1,0,1,-1.1749613297321067,2,2.124536992397096,1
9,6904,1,0,0,-0.33814549585097275,2,0.14998554499486955,1
6,4546,-1,0,0,0.8268521947024341,0,-0.7132674655960913,1
12,8549,1,1,1,-0.22094283874960752,2,2.4718629013346702,1
8,8752,3,1,0,-0.34050102862005016,2,-1.3849754404332855,1
7,13259,0,0,0,1.6777704689644697,0,0.6117325176911568,1
5,2802,2,0,1,-1.11371680037974,0,-0.7156665541975049,1
13,10879,3,0,0,-0.5599234645197956,3,0.2114712751501257,1
10,8080,1,0,0,2.193307966329251,1,1.7407062128974056,1
8,11362,4,2,0,-1.5391740904981397,0,0.4751928614492109,1
9,2682,2,0,0,0.7163003350821104,2,1.80829287888502,1
12,12478,1,0,0,2.2269923415159214,3,2.399098725912276,1
11,12755,0,0,0,-0.20399853511446325,2,2.2339758456168854,1
1,2615,2,1,0,-1.5582845843963202,2,0.47724828484307336,1
11,12031,2,1,0,0.15730764208404868,0,-0.37375299913550364,1
10,5148,2,0,0,-0.2932102485529875,0,1.9022434641264203,1
13,11584,-1,0,0,0.21830191431621804,0,-1.3223803292932397,1
9,7649,2,0,1,0.3460087841669582,1,0.8528347689307423,1
7,7041,2,0,0,-0.39595483807807386,0,0.058855183903065364,1
6,6647,2,0,0,1.133087893615851,0,-0.7208486548559787,1
13,12697,-1,1,1,-1.4853599429046254,3,-0.4288012661382641,1
6,9176,2,1,1,1.3034793004535798,0,-0.024727045207058956,1
8,5667,1,0,1,-0.23928054255899212,0,1.4246993761030382,1
7,5258,1,0,0,-0.2996595407532997,2,1.4898758209282483,1
11,4155,1,0,1,2.3735799531432304,1,-1.9835007921478558,1
6,5319,2,0,1,-0.5366639999143533,2,-0.4440213866592617,1
10,5883,2,0,0,-0.4434597783424309,1,0.3056498557621668,1
4,4348,2,0,0,-1.5565466748230594,2,2.39428779209982,1
10,11957,2,1,0,0.7032148512959162,2,1.3649342166854932,1
11,4460,-1,0,0,-0.8185811153045456,2,-0.03353312937379049,1
10,-81,2,1,0,1.3012352726527459,2,-0.5636021557516643,1
11,6490,0,0,0,-0.6500495605397626,1,2.2716694326303006,1
6,11249,0,1,0,-0.46844105311812206,2,1.3705249483032882,1
8,9651,2,0,0,-0.022469958195633466,1,0.2193400853005864,1
7,6552,-1,0,1,-1.5493046640732686,3,2.937598263632202,1
10,8838,3,1,0,-0.29329063432062985,2,-0.4881478565619021,1
11,4247,3,0,0,1.2227534182580961,3,-0.05242671169363611,1
8,7518,1,1,0,-0.5963067719987896,1,0.32448444475528254,1
9,677,1,1,0,-0.23654509103248833,0,-0.5253762501281858,1
10,7554,2,0,0,0.08851150015192732,1,-0.4353339793987805,1
11,13263,0,0,1,2.6100115355632267,0,0.36429261904986043,1
9,8652,2,0,0,-1.0747949664690313,1,-1.98249514751743,1
12,11079,1,0,1,-1.5810664753408514,1,1.1482527833436156,1
9,8730,1,0,0,1.7616087605635196,1,-1.3546370817175135,1
5,10359,1,0,0,-0.6976038058407574,1,0.7229011579229223,1
1,10242,1,1,0,-1.4223212404954058,1,-0.573752355730017,1
6,8297,1,0,0,-1.602901838938827,0,0.1116812451632831,1
12,5021,1,0,0,-0.3601576156236618,3,-0.3035217765027798,1
3,12208,2,1,0,-0.30797153362633123,1,-0.27465573167982593,1
0,10885,2,0,0,1.3263792810391846,0,-0.20510663949989727,1
5,12419,1,0,0,-1.721471817994849,1,-2.27264284158434,1
3,9354,2,0,0,-0.3260104306562507,1,4.089310478870869,1
8,9971,0,0,0,-0.20728962726761363,1,1.9898880508268784,1
7,13322,1,0,0,0.983563143391516,1,-0.6557143952192712,1
9,12625,2,0,0,-0.8927853545385124,2,-1.2589537496406789,1
8,12277,1,0,0,-0.6986363313919525,1,0.63867556106733,1
11,8146,2,0,0,-1.025386718338738,3,0.08214959524230495,1
8,9138,1,0,0,2.242465124574276,1,1.0701610943202473,1
7,6761,2,1,0,-0.2629391410414033,1,-2.0404126814873207,1
2,11735,1,0,0,-0.6785219307007067,0,2.5892112794890716,1
13,5816,2,0,0,0.6473513394736559,1,2.5408206344596658,1
5,6108,1,0,0,0.48162043803045396,1,0.874842576517407,1
2,11520,-1,0,0,-1.833587990876487,1,-0.5253311915444504,1
3,12403,2,1,0,-0.5711372650410086,2,0.42075764169345004,1
10,5789,2,0,0,-1.0144868562222624,1,1.2852640936561888,1
6,6268,1,0,1,-1.071877019509779,1,4.041265613533451,1
7,12503,2,1,0,-2.3382313981665477,3,0.046957273913333264,1
7,7678,2,1,0,-1.215810502988245,3,0.3717706724684145,1
10,9087,2,1,1,-1.105238539328909,1,2.6417090215929733,1
9,8659,2,0,0,0.6211611574821426,2,1.8092840954772664,1
13,9012,1,0,0,-1.0789308001506428,1,-0.34237041386107797,1
5,5952,0,0,0,-0.32312079182750747,2,0.7499317362473221,1
12,13604,1,0,0,-0.06795523711174922,1,1.3089806728037114,1
4,9712,3,1,1,-1.1728254246802647,1,-1.4477976267438302,1
6,9501,2,0,0,3.1432193175035845,2,-0.8921417572148387,1
11,12136,1,2,0,-0.5293422092294588,1,-0.5061818982292723,1
6,10227,2,0,0,-1.504910675341976,1,-1.0104372673116633,1
5,6745,-1,1,0,-0.2006485911151203,2,-1.238514588587654,1
7,8672,4,2,0,-0.5693378581201959,2,-0.08192880389232998,1
6,8893,-1,1,1,2.0295126618577393,3,1.796933352322712,1
6,9017,2,0,0,0.5848068867934623,3,-0.9531663467205735,1
9,13371,3,0,0,0.19661165416841286,1,-1.1648849687360499,1
10,11451,2,0,1,0.04952612607663143,1,-0.5806638298263754,1
0,9505,2,0,1,0.3178428652211751,1,2.0576169003455553,1
3,8351,-1,1,0,-0.15478270829270369,1,2.851218916461283,1
6,11642,0,1,0,-0.09582027064946907,0,3.91586115271969,1
9,10190,1,1,1,0.23949117114723106,2,-2.282985104418108,1
10,8793,2,1,0,0.3486832166179288,2,0.4983876283530007,1
10,7825,3,1,0,-1.2349930435106105,1,-0.8330351229691466,1
6,3262,3,1,1,0.9337825479369901,0,0.8528713597120935,1
8,13070,2,1,0,-1.1930310032995008,3,1.03592644807772,1
12,8010,0,0,1,-0.9516147177105865,1,1.7269190904591174,1
4,10547,0,1,0,-1.5822015539722383,1,0.3731798827780298,1
8,12529,3,1,0,0.41492638690990796,1,2.5033307484832497,1
6,7534,0,1,1,-0.028290186402924355,2,-0.166955007355861,1
10,4461,2,1,1,-0.42379882841170113,3,1.4236822416014074,1
2,12878,0,0,0,0.2674087921780191,1,-1.7443036625871335,1
8,7752,2,1,0,-0.3256771421993073,2,-0.10485066404421062,1
10,4278,0,0,0,1.360947410308937,1,-0.23275417993087877,1
11,8223,3,1,0,-1.4965340698484018,2,-1.8811735659754665,1
4,5205,2,0,0,-1.3040796229574938,0,-0.5753741293317142,1
5,4417,0,1,0,0.22545833510047117,1,-0.20975842367636433,1
6,8822,-1,0,0,0.48717483680361273,0,2.9441512685290103,1
9,5112,2,0,0,-0.9194343986200105,3,1.8850335323317633,1
2,9722,-1,0,0,-0.7480630779285017,3,-0.9298206553986383,1
6,6345,2,0,0,-0.5199857142673596,0,0.06857299619954843,1
6,7120,3,1,0,-0.1497478924700712,3,-1.0008404516224148,1
5,8614,1,0,0,-0.1739557597768789,1,-0.7565402185956136,1
7,9069,1,1,1,-1.1518217946332903,0,0.8696562133248973,1
8,10763,-1,2,0,2.3279841952039004,3,1.4263199989682114,1
10,12990,0,0,1,0.29380161653089065,3,1.7741405629726854,1
7,5622,3,1,0,-1.8212843982730504,1,-0.4736761066410465,1
11,7484,2,0,0,1.7365242370279212,1,2.342934077058495,1
9,10468,0,0,0,-1.311090980898678,2,-0.14617493944155813,1
11,5526,-1,0,1,-0.9050651739108415,3,-1.3374162006302406,1
8,11428,0,0,1,1.9261268441731754,1,1.0909936886414051,1
8,8232,-1,1,0,0.06663609544437354,3,3.745028254024577,1
6,8275,2,0,0,-0.40167715870260723,0,-1.114648299138745,1
11,12542,2,0,0,0.605355385784724,3,0.7440729772272715,1
3,8421,1,0,0,0.15132747126239487,1,0.6395062364473978,1
4,6547,0,1,1,-1.8258483899350888,1,-0.26421653392257743,1
6,11475,-1,0,1,-0.3742065960824007,1,2.548914835151222,1
10,12063,2,1,0,-0.38891898123451474,2,-1.6276702570070758,1
6,12013,2,1,0,-1.4100792228179972,2,-0.5009802805621748,1
5,9506,2,0,0,-1.3789792750499155,2,0.9621835589037935,1
8,11982,2,1,1,2.1666806498699214,2,-0.22122214334721643,1
10,8211,2,1,0,-1.1506949341838821,1,-0.09205024397761213,1
9,7206,2,0,0,-1.2772130647881563,2,0.42821360542356357,1
13,12345,-1,1,0,-0.2877051530974871,2,0.8871981600791183,1
6,3592,-1,1,0,-1.6890255108170407,3,-2.479629428277656,1
12,9674,1,0,0,-0.8046722870520847,1,0.8958052989989841,1
3,3329,2,1,0,-0.10396520032521417,2,-1.0845798028976807,1
6,8963,0,1,0,0.48336580027218384,2,-0.4671961601986927,1
6,3983,2,1,0,-0.9845951203725889,3,-1.1737734319298185,1
13,12420,2,1,0,-0.6612261093651337,0,0.23545715522891414,1
7,8356,-1,0,0,1.2595690095235854,1,-1.1966760537125345,1
11,10313,2,0,0,-0.22663205727980887,0,1.3940024050644166,1
7,8785,2,1,0,-0.5154711375151122,3,0.5407011025225381,1
8,8457,2,0,1,-0.44733582744231815,1,-0.003653039297018379,1
4,12332,2,0,0,-0.09562284732479126,2,2.1012214185306295,1
8,11306,1,1,0,-0.3765909007500629,1,3.650114005903906,1
5,4195,2,0,0,-1.1569174150860526,2,-0.7446438083905793,1
6,12269,3,0,0,-1.6399489588822864,1,0.3301344588540971,1
0,8400,3,1,0,-0.32323022619676595,1,1.033980748723045,1
10,8525,2,1,0,0.8012556827748512,1,-0.1951406505190884,1
12,6336,2,1,1,-0.5050524009928882,2,-1.7628367158489353,1
11,7958,2,1,0,-0.8773214913689449,2,1.3282002598009592,1
12,10931,0,1,1,-0.4292914756201335,3,3.0528503413585657,1
6,7949,2,0,1,0.03993111281734962,2,1.5879879711312002,1
7,7768,0,1,0,-1.7349477482872886,1,0.7728450851392199,1
12,9081,2,0,0,-1.2898359651531857,1,-0.39704151966775303,1
0,10048,0,1,0,-1.252739346091636,0,-0.44115088273630604,1
7,5643,2,1,0,-0.1762531444104557,3,-0.7708667557474445,1
2,10246,0,0,0,-0.2740838414272535,0,-0.4754061014583541,1
12,8641,-1,0,0,-0.02676687245841414,1,2.208316855280246,1
8,8767,-1,1,0,-1.4616944033038939,2,4.192852969468238,1
3,8970,1,0,1,-0.5747154668022493,2,0.36268420075983315,1
11,8326,3,0,0,-1.4737651007789094,1,1.1918178018131917,1
10,6378,0,1,0,-1.7786525739606764,1,-0.9402827327755678,1
9,8620,2,1,0,0.5178749065896309,2,-0.43059199094376394,1
6,4346,2,1,0,-1.0462025043127243,1,4.629412953982559e-05,1
6,6601,-1,0,0,-1.2873462603474874,0,-1.3209040770893596,1
1,5675,3,0,0,0.5225383011382658,1,-0.6072260751609484,1
8,3618,-1,0,1,-0.7820115386860379,1,0.6205228138829448,1
10,7228,1,1,0,-0.7919581780489324,1,0.2452667352797682,1
11,11074,2,0,0,-1.0852334677464652,2,2.4611714125711828,1
4,13086,0,0,0,-0.3615580055599732,0,2.736024870097011,1
6,6252,2,1,0,-0.4313514168759937,2,-1.1609177838456164,1
6,12278,1,0,1,-0.5551858648669405,0,-0.1236530638863575,1
3,5001,2,0,0,-0.5381641553576222,1,-1.5120295100580539,1
5,12985,3,1,0,-0.18662400838764637,2,-0.006689718022690361,1
2,6974,3,1,0,-0.21324979850140913,1,-0.5478095644675003,1
8,12038,2,0,0,1.6146006407326023,3,-0.22183626284504265,1
11,12879,2,1,1,1.4110284437205098,1,0.7826843208868859,1
7,5349,1,0,0,-1.6668485361598968,2,-0.1406557924806663,1
0,10335,3,0,0,-1.1191212183015022,1,0.9032820806380083,1
11,7684,2,1,0,-0.7396343199782105,2,2.4785553767455224,1
1,7970,0,0,1,-0.5795583806626129,2,-0.7828449031380662,1
11,13404,2,1,0,0.16221821512027468,3,0.1524042713907951,1
5,8651,2,1,0,1.3653678160945977,2,2.6650122385730177,1
12,13483,-1,1,0,-0.9894860284007639,2,0.20518858326467093,1
13,7352,-1,0,0,-1.4889162076786486,2,1.0164772057414484,1
8,12634,-1,1,1,-0.6710719398662123,0,3.8169246248355826,1
8,2493,2,1,0,-0.5842573514820449,3,0.34585421879640954,1
7,11362,3,0,0,-1.1707764147817397,0,0.9410988870209163,1
1,11592,0,0,1,-1.812780496440848,0,-0.825810508571877,1
3,12927,0,0,0,-0.19284544593070513,1,2.7743074080593066,1
8,11422,1,1,0,0.4479625968264662,1,0.05332893444110165,1
7,6544,2,0,0,-1.045197515902488,1,-1.0798406986215214,1
12,3226,0,0,1,-0.7891042412650211,1,-0.14642908787316578,1
11,12316,1,0,0,0.07515663059196342,1,1.5433134831751365,1
12,6567,2,0,0,-0.30660377834518776,2,-0.06266425126636083,1
6,6647,-1,0,0,-1.374402682712255,0,0.06845542702725727,1
5,6310,-1,1,1,-0.12561405034965883,2,-1.3175696817947102,1
4,6631,2,1,0,-1.2706912694059258,1,-0.08741672275617995,1
11,9162,0,0,1,-1.2590671570352878,1,3.287145451920996,1
5,8616,2,0,0,0.22105275316524475,1,2.2163230397420133,1
6,7349,2,1,0,1.3316290375909452,1,-0.9007962342287261,1
6,12520,2,1,1,-0.14772212602247917,1,-0.6408971668133174,1
7,5557,0,0,0,-1.5678025437597072,2,-0.33745986313747395,1
9,11311,1,0,0,-0.35784740838100804,2,-0.2540010235620235,1
9,7873,3,1,0,-0.38839515354330595,0,0.23429074616296236,1
9,7363,3,0,0,0.05038871333977246,2,-1.0421204245461098,1
9,7488,2,1,0,-1.3328474683048448,1,-0.766066285066916,1
5,11915,2,1,0,0.024787499454688056,1,2.4764427786823417,1
5,11005,3,0,0,-1.359808543737567,0,2.884100319447593,1
5,5443,2,0,0,1.9397522039724837,0,-0.29432790436654754,1
7,4585,3,0,1,-1.0566676599636977,3,1.4626563033674491,1
7,7373,2,0,0,1.7388680650402617,2,-0.8360909876343907,1
11,12350,-1,0,0,-1.036911111501707,1,-0.012551446840089575,1
8,11405,1,0,0,-0.7873253471695274,1,0.056270173159491954,1
8,7904,2,0,1,-1.0388405265313303,2,1.644218728300782,1
7,11709,-1,0,0,0.9110431558699822,3,-2.652883172302289,1
7,6328,1,1,0,-0.0465035177311402,1,-0.43495989970385435,1
0,4948,2,0,0,1.5682877853384916,1,-1.0929540073398183,1
5,9737,1,0,0,-0.7919754508941848,0,2.4305107501332364,1
4,2372,0,0,0,1.4580737938494106,2,-1.331218074043676,1
8,3893,0,1,1,1.0875866832593446,1,-0.5729396899219281,1
10,8866,1,0,0,0.3704236014209726,0,2.105655439466954,1
6,8040,2,1,0,-1.1651677489724528,1,2.485379812118385,1
11,9030,-1,0,0,1.6046813569937692,0,-0.3508800374285192,1
7,12394,2,0,0,1.4571947823400535,0,-0.32810460111539574,1
10,6185,3,0,0,-0.6775236679441778,3,-0.046985137447092096,1
7,13257,2,0,0,-0.21067302224991863,2,-0.812407855517624,1
13,5161,-1,0,1,-0.7988585895802186,0,2.759902484258518,1
7,6079,-1,0,1,1.9839144330898633,1,0.07276658930886898,1
5,7169,2,2,0,-1.0435570512660803,1,-0.5216244231073348,1
2,8973,2,0,0,-1.1328126294205187,0,-0.9465947693200278,1
4,6172,3,1,0,2.0860138317966324,2,1.0181201094673642,1
9,13256,3,0,1,0.20772982783749683,0,0.9484691202738864,1
6,11642,3,1,0,0.1400083255635277,0,-0.1640118912103154,1
9,11503,2,0,0,-2.5405665206283423,1,0.46784290915314825,1
6,10057,1,0,0,0.49219817634426555,0,-0.4387478401764499,1
4,7422,-1,1,0,-0.6911867071560027,1,-1.3280894642509198,1
2,8004,0,0,0,-0.3165058321497909,0,-0.5045688689548431,1
8,9261,-1,0,0,-1.0949497568513413,2,-0.19312090999405396,1
11,8562,2,1,0,-0.1262912749777637,1,4.363821464038812,1
7,8284,2,1,0,-0.3159836204387733,0,-0.9152344118721651,1
11,10441,-1,0,0,0.39235993036999006,1,-0.8096757044533054,1
12,12001,1,0,0,-1.316780575616101,1,0.7403493531914824,1
11,4473,2,0,0,-0.3365208305865814,0,-0.48093482968948226,1
5,4438,0,0,0,-1.1433250365435939,1,-0.570536733219533,1
12,12536,2,1,0,-0.38921199048945676,1,-0.030814912316092014,1
2,9697,1,0,0,-0.7821485730866456,1,0.019887032537590943,1
10,7567,1,0,0,0.05242739966507793,1,2.001770557347791,1
6,8182,2,0,0,-0.7819654524018791,0,0.85085799613054,1
11,10647,0,1,1,-0.9786458474214903,1,1.1782319022814172,1
11,10532,2,0,0,-0.7365429796505327,0,0.7371288808815666,1
4,6972,3,1,1,0.3182565255625367,1,2.775489455554627,1
11,10314,1,0,1,0.09239768423971395,2,-1.2399547783991043,1
10,7670,0,0,0,-0.7201602934328057,0,-0.5646086520663502,1
2,8811,0,0,0,-0.0008470943347476112,3,-0.10503635572422007,1
10,3064,1,1,0,-2.2568907765422654,0,-1.9770116197546688,1
2,6393,2,1,0,-0.6973365496813213,0,1.5707377418069128,1
8,7182,1,0,0,0.6753421322508099,1,0.2636057339979169,1
9,8940,2,1,0,1.7013779107202098,1,0.2267381897134932,1
2,12474,1,0,0,-0.9874609108926744,1,3.3040475494146717,1
8,8537,3,1,0,2.121014054099305,3,1.6518914241286695,1
11,12815,-1,0,0,-0.036197123988399416,1,4.274854575152903,1
12,8992,2,0,0,-1.0723798936804578,0,0.043714166537965615,1
13,11663,1,1,0,-1.8820964040846504,1,-0.004428789727710991,1
9,9643,1,0,0,0.3817494125994607,3,0.15853311447338453,1
5,6433,2,1,1,-0.7464730619468004,1,2.9731408550369878,1
10,12121,1,1,0,-0.7357533883788399,1,-1.4642497849723652,1
8,7539,0,0,0,-0.6477533351946625,1,-0.22024590978135275,1
0,7049,1,0,0,-1.205120256610798,2,-0.12833747850732719,1
10,5808,0,0,0,-0.14149880098157352,2,-0.42315134750642375,1
7,6927,2,0,0,0.5552952449520029,2,0.9117038019012482,1
2,11900,2,0,0,1.0832071385475577,1,0.1973663629623611,1
5,12437,2,1,0,-1.8174787935621621,0,2.5377166854868247,1
10,12847,3,1,0,-1.4654865534448809,0,0.7455507366220142,1
2,8176,1,0,0,-0.7999923799061592,3,0.318405057539075,1
2,5121,-1,0,0,2.5543083172816337,3,-2.11186100978173,1
7,10986,0,0,0,-0.4192953294795517,0,-1.6241991271052254,1
13,10762,-1,0,0,2.2039912950488687,1,1.807666778603945,1
11,7575,2,0,0,-0.5146889358427935,1,-1.6028843896419243,1
3,12258,1,0,1,1.3587696422593976,3,0.6141683578391834,1
9,13327,0,1,0,-1.347643683678203,2,2.0169723350827233,1
3,12556,2,1,0,-0.718461241033849,1,-1.5019079021787947,1
14,8585,-1,1,1,0.4983382012039375,1,-0.1025568985947094,1
4,12150,2,1,0,2.279892644213754,0,-1.6421907204386406,1
1,6602,1,0,0,0.5130824093633788,2,1.5638534123677856,1
13,11394,2,1,0,-0.6493043770339364,2,-0.33657675259021075,1
5,9299,2,0,0,0.6504646782693095,1,-0.1125693091875371,1
7,9157,1,0,1,0.09050278148062874,2,-1.0501804330508624,1
9,8697,3,0,0,-0.47857876575311875,2,0.3601695649676903,1
11,12776,3,0,1,-0.07019004413702129,2,-0.403529625883249,1
12,12340,-1,1,0,0.0706983578052025,1,1.8932639274952219,1
4,7515,2,0,0,-0.1048054026695443,2,-2.412133721858044,1
6,10463,-1,1,0,0.0225810466747024,1,-0.44743638239372024,1
0,11689,0,1,0,-0.5409375111594557,0,1.684970160911019,1
9,6116,-1,0,0,-1.1716058105689369,3,-0.4412698798271648,1
10,11581,1,1,0,-0.46402352029812144,2,1.5763548017608517,1
7,12050,1,0,0,0.017686612804648005,1,-0.5075820849334826,1
10,8535,2,0,0,0.10982152286570146,2,1.2204032490517305,1
8,6545,2,0,0,-0.5650125112032383,1,-1.1906935448151004,1
5,11016,2,0,1,-0.37808049292839435,1,1.3782311313407782,1
9,13434,1,0,0,0.13901526904596784,2,-0.26514020627084467,1
8,9166,3,0,0,0.105940731152659,1,0.8179712232180723,1
9,8572,1,1,1,-0.6874045125582634,2,0.9680190250334761,1
9,4692,1,0,0,-0.09813586544589792,1,0.9267776469385116,1
9,11539,1,1,0,0.7654261549540642,2,-0.03737865092617981,1
10,7636,-1,1,1,-1.0970346856244801,3,-1.7119310058755988,1
12,8307,-2,0,0,-0.5203243404221674,1,-0.12309406556165076,1
4,5579,-1,1,0,0.7476108520280974,2,-1.4779614679248343,1
8,9559,0,1,0,-0.7612676827462868,1,2.9793906790150735,1
13,13321,0,1,0,-0.0963626372138301,3,0.5512402632428448,1
5,10844,3,1,0,-2.3356805340275213,2,0.6592367766592624,1
8,9353,-1,1,1,0.03621560480482655,1,2.241825031102861,1
3,9339,1,0,0,0.7939342902957525,2,-1.0075418557611104,1
0,9340,2,1,1,-1.5349006799671425,2,0.30941767319609675,1
13,5890,2,0,0,-0.7021574120790506,2,-0.09061907414365356,1
6,8309,1,0,0,-1.5767317073088516,1,-0.12267576869151237,1
9,7783,3,1,0,-0.1647045720443856,3,3.6502679836145964,1
9,8017,0,0,1,-0.8541422788191539,0,1.424171931639121,1
-3,7330,2,0,1,-1.6011827513401884,3,3.1629493692959953,1
5,11529,3,1,1,-1.1921384931842751,2,0.2432202480230221,1
11,11385,2,0,0,-0.7241325716073801,1,-0.8658029171832451,1
5,11630,-1,0,0,-1.3829307395299615,1,1.625609366188679,1
6,7721,-1,0,0,-0.5571085441309235,2,0.565455192268546,1
14,11695,0,0,0,2.772256945136503,2,0.40779520608553255,1
1,9350,3,0,0,-0.9617331411107238,0,-0.14903539819617273,1
2,7241,2,0,0,1.5784770563057646,0,-1.8723374099921901,1
7,13969,-1,1,0,0.1214507935654876,2,-1.0220165147788793,1
8,9633,2,1,0,-1.7695180588126385,1,-0.2997771354976233,1
4,7499,0,1,0,-1.7642979339231766,3,0.08561638027484614,1
8,5977,1,0,0,-0.3795231373231428,3,-0.17468595932928643,1
4,7492,-2,0,0,-0.46589737494256567,0,0.6698308932608542,1
14,11174,1,0,0,-2.545933263162028,1,2.8361354270296797,1
7,6391,2,0,0,-0.5860056579163851,2,-0.028476952610631684,1
8,7280,1,0,0,-1.3705470908334032,1,0.2833114974679953,1
6,4294,2,0,0,0.9538940243631828,1,-1.0390934102544986,1
13,8166,2,1,0,0.9804504205419851,0,1.6236337340674623,1
10,12467,0,1,0,1.6212036914035095,1,1.6111511990009522,1
8,2587,2,0,0,-0.5292453318025321,2,2.98758408366228,1
7,9139,1,0,0,-0.44819520473620555,2,0.19923706222801013,1
4,8392,1,0,0,-0.2811930610803783,3,-0.11426681543470008,1
8,8404,2,1,0,-1.0000495589902694,1,0.8388886747592281,1
6,6257,2,1,0,-1.3517268487791412,3,-0.6718812530704883,1
7,5336,3,0,0,0.49480394804439215,2,-1.4034449628491383,1
8,7411,1,0,0,-0.2686800487575094,1,2.543396106892498,1
13,6601,2,0,0,-1.0402090468856884,1,4.034630009740675,1
9,9390,2,0,0,-0.2994148589469062,1,3.202725799365666,1
11,10350,0,1,0,-0.7644469850490555,2,-0.3241877760979364,1
9,13237,0,0,0,0.0846793370451796,1,-0.7428853832879644,1
1,10827,2,0,0,-0.8563861259465194,2,-0.05033852371820502,1
-1,11419,3,0,1,-0.8415514226200463,1,0.7698295092610236,1
8,11201,0,1,0,-1.1631322910125752,3,1.9517761714498034,1
4,8812,2,1,1,-0.47395663322028075,2,-0.523669528940499,1
12,5045,2,0,0,-0.6894848953611777,2,0.3900422064547483,1
9,1596,0,1,0,-0.9095171766962125,2,-0.4367596458921772,1
8,11470,-1,1,0,-0.4159708359726131,2,1.4904097147675528,1
-1,6963,2,0,1,-0.4891638499755922,1,-1.8749706539945146,1
1,11719,1,0,0,0.38967327207162583,1,0.22474399700331493,1
11,7613,-1,0,0,-0.9379854627493638,1,0.053725446939970695,1
5,6292,1,0,0,1.0157443680129292,0,-1.1182990117377376,1
3,10005,4,1,0,-0.3423531566623258,1,1.7034427028359973,1
8,4495,2,1,0,-1.4687833011169682,2,3.1944978989367625,1
12,9973,-1,1,1,2.323357841791427,3,1.2779102581276223,1
7,10942,3,2,0,-0.6214750632361391,1,-0.06233391965858054,1
5,8206,1,1,0,-1.010096388656328,2,1.7589497665938645,1
10,8306,0,0,1,-0.7308411028507825,3,-0.9975400309794127,1
9,10279,0,1,1,0.7041545278893354,1,0.23496620719207084,1
6,10125,1,0,0,0.770679884302421,0,3.709857596376776,1
6,9199,2,1,0,-1.1785245367739163,0,0.2685645384239731,1
9,4233,2,1,0,0.7846974056398831,1,0.14813948912218655,1
10,9338,0,1,0,-0.1381165636490591,0,1.004974223948917,1
8,10496,2,0,1,-1.3733221677065468,1,1.5659402579572597,1
10,7622,-1,0,0,1.4515713981985168,3,2.2041425106005637,1
3,8564,0,0,0,-1.3285068004218326,3,-1.6319809380205073,1
6,10076,2,0,0,-0.6053010400833362,2,-1.3098752146766943,1
5,5529,3,0,0,-1.0623810565910126,2,-0.38056942986388553,1
9,10883,2,0,0,1.117845093610469,3,3.0009000522102416,1
6,10256,2,0,1,-0.33248344415498676,1,-0.07719256696471977,1
8,7870,1,0,0,0.3944273837141782,0,-1.0935951267538855,1
10,8281,1,0,1,-1.540093168578621,1,-0.36286112029224526,1
4,11720,3,0,0,-0.5289486497199997,1,1.4102646652886335,1
7,9293,0,1,0,-0.4251172048568254,0,0.7510342021012585,1
10,12370,0,1,0,-0.15836970096336406,1,0.7652192973904819,1
6,13178,3,0,1,1.1114105703414636,2,-0.8434967265311843,1
2,6584,3,1,0,-0.7032576341872758,1,-0.17173471374594723,1
2,2080,0,1,0,0.19336800630228668,2,-0.23636098203134104,1
6,6200,2,0,0,0.2544440909353385,1,-1.0080266764664094,1
6,8168,0,0,0,-0.6826824506570233,2,-0.6708425298115013,1
10,5023,2,1,0,1.6563249094883776,1,0.5613813478764134,1
9,11331,-1,1,0,-0.9556312064132657,1,2.043359757961322,1
7,9374,1,0,0,-0.4680811660594715,1,3.1763218447716173,1
11,10005,2,0,0,0.028524171314290858,2,0.035299012687901365,1
10,9188,-1,0,0,0.7495379126143392,2,-1.857423793284496,1
5,11442,1,1,0,0.2816283390572475,2,-0.2495141555883027,1
7,12023,-1,1,0,0.4417240271807715,2,1.731017413276107,1
6,5704,2,1,0,1.525276583220633,2,2.993743550177581,1
11,6035,2,1,0,-1.0397710469948493,1,3.4009518102428036,1
9,6141,-1,1,0,1.2332039247664603,3,1.0540947187199214,1
9,11795,-1,0,0,-1.3862660828784747,1,-2.341800330371973,1
8,8888,2,1,0,-0.8617546439815824,3,-0.36586702354855644,1
5,7097,-1,1,0,0.0002476786070998438,1,1.9065435196218,1
11,7428,1,1,0,0.3396655577595932,2,0.28044429770129403,1
11,11867,0,1,0,-1.4773945613075052,2,1.9991982812255875,1
11,5010,1,1,1,-1.5747665402163342,3,-0.004973198346293284,1
6,11392,-1,0,0,-1.7032211284246337,1,-1.6136054954404973,1
14,7803,1,0,0,0.077962026467571,1,0.5793423632720269,1
8,4559,-1,0,0,0.5238873998259761,0,3.312625898338604,1
12,7027,2,0,1,-0.08923071357978951,1,-0.5635458623557339,1
10,11509,2,0,1,0.18872987822401355,3,-0.5060087262456445,1
3,7188,2,1,0,1.5390356327157937,1,0.5068104182406612,1
1,5724,2,0,0,-0.7769571439917489,1,-1.2686794616050632,1
9,3340,1,1,0,-1.5565731216615886,3,2.1368647519414794,1
7,9274,2,0,0,-0.13744177446545536,2,0.19285092517812014,1
13,6951,2,1,0,-0.5849888051604979,2,-0.4301697569398985,1
6,6711,2,0,1,0.767149119723045,2,2.5272097073471143,1
5,6964,1,0,0,-0.6063989908732041,2,1.583646460775616,1
3,12050,2,0,0,-0.6864524491261326,3,-1.7641624930272017,1
4,11497,0,1,1,-0.7601823494517397,1,0.27773381026878935,1
10,5760,0,0,0,-0.09252124283736139,1,1.1023762397078494,1
7,8981,0,1,1,0.3414767181716729,1,3.9018592075024765,1
8,7562,2,0,1,1.9022071557243745,2,3.2011495799342944,1
2,11885,1,1,0,-0.26700359000086404,1,1.5749644792557562,1
7,11778,0,0,0,-1.0829299641619905,1,3.712531079139594,1
4,9506,2,1,0,-1.5487343808649938,2,1.40244971571718,1
7,9437,3,0,0,-1.8318303562601015,2,2.095273365149244,1
11,6077,3,0,0,1.650161766818135,0,0.3823577898731214,1
4,12037,1,0,0,0.0448247012780496,1,-1.0889911655163833,1
1,10959,2,1,0,-0.503851276056629,2,-1.4684870478340686,1
12,7287,2,0,0,-0.6728607598374913,0,0.05957038704658135,1
10,9007,3,0,0,-0.016026728589343217,1,1.7553941944651552,1
7,9929,1,0,1,-0.47569792752515133,2,-1.2641073096564253,1
8,5060,2,1,1,0.04465431866552039,3,3.2982071390394285,1
7,4987,2,1,0,2.014755734870137,2,0.4712384393047878,1
10,8207,0,0,0,-1.2997279755840379,1,0.30775732902319847,1
11,12337,3,1,0,-1.367292146376505,3,-1.4937798096263746,1
6,8698,0,1,0,-0.12335927416893955,0,-0.34710210133829994,1
5,9314,0,0,0,-0.893613344523325,1,1.6830150883530672,1
0,11142,1,0,1,0.17428317772179175,2,-1.3202755628760832,1
9,9429,3,0,0,-0.5618902175558174,1,2.300668568143592,1
0,10897,1,1,1,-0.7002587431438623,3,-0.18405328751711353,1
11,6600,2,0,0,-0.9688555471152588,2,0.31195360446425124,1
6,13650,2,0,0,0.21999041665086616,1,-0.04043760997274082,1
12,10988,2,0,0,-0.9148794943154305,3,1.101772989153255,1
1,8174,2,1,0,-0.8684385098973075,1,-1.2348131046124158,1
7,12275,2,0,0,1.2528456997867388,2,1.6542766439266634,1
5,10437,2,0,0,-1.7160320212297364,1,0.7093871100170077,1
6,7917,1,0,0,0.6412463524215894,0,0.31273617117178654,1
6,9790,3,0,0,0.351919990002017,2,-2.2536545070637066,1
4,8734,0,1,0,-1.3925870681542638,0,2.5569846779351506,1
7,8695,2,1,1,-1.0625159944807572,3,1.7099215987818002,1
2,3308,0,1,0,0.16951542721347268,1,-0.2581799890029046,1
10,9548,0,1,0,0.10177411794326521,3,1.2994772826403762,1
7,9388,4,0,0,-0.747301480524958,1,3.9290538197365334,1
10,7936,2,0,1,2.5717196682342993,3,2.3619654183507217,1
4,9936,2,0,0,-0.6470370699298129,2,0.4597589235225794,1
4,6101,2,1,0,-0.08591965278961156,0,-0.5525621182188113,1
3,13097,3,0,0,-1.382293676566905,0,1.7390578755363402,1
9,9484,0,0,0,-0.46717138001224084,1,1.3234577696247072,1
11,10409,1,0,0,-1.8392790700876434,0,-1.8675875461446008,1
0,9202,2,1,0,0.9766232777832171,2,0.10500569267066567,1
6,8093,0,0,1,2.5203022102544534,2,1.0620238638696107,1
12,4791,1,0,0,-2.1136151002338583,1,1.6405940290166732,1
5,12148,0,1,1,-0.7461208484020037,2,-1.3139105737317194,1
8,7947,0,1,0,-0.030585519446142316,1,2.4204940584348376,1
6,5953,0,1,0,-1.668443440121814,1,-1.1756607383975197,1
5,6869,3,1,0,-0.8755668257891482,2,0.32323757090127897,1
7,4596,-1,0,0,-0.02462317071122934,3,0.33427826764965846,1
1,13418,2,0,0,0.13883071549199344,3,-0.1901036036474285,1
-1,7204,2,1,0,0.14009794639093642,0,2.6268516679988014,1
1,6058,2,0,1,-1.0626567927309427,2,1.427004074351934,1
1,12012,1,1,1,-0.8585708867581856,1,1.8099769354940884,1
4,12860,0,0,0,2.4203101129126208,2,-0.9193500896001716,1
10,11164,0,1,0,0.41814923685907524,0,0.27658960518088294,1
5,12586,1,1,0,-0.7818968309929056,2,-1.1413458041199662,1
4,10566,2,0,0,-0.15515942263353782,2,-0.18683884454182026,1
6,12946,2,0,1,-0.8323586808778336,2,-0.186396490719269,1
13,12746,2,1,1,1.8266276569432651,0,3.274793813547193,1
6,1567,1,0,0,-0.33544531772704367,1,-0.6455694161717762,1
4,7741,2,1,0,-0.6337629082203412,0,-0.9165628229475145,1
12,3183,3,1,0,0.6807542810683923,1,-0.26367843389585666,1
10,8696,2,1,1,1.8572179020984154,2,1.7952344711173467,1
11,11087,1,0,0,-1.5452255707487486,1,0.5765492285297922,1
5,6805,2,1,1,-1.6273489844245832,3,0.9309090837689451,1
5,9353,0,0,0,-1.1847708565378912,0,-0.20476321963398636,1
7,6351,2,1,0,-1.1071971412752375,0,1.1943054699061755,1
13,12306,0,0,0,0.3560922967180108,1,-0.19469090286242952,1
11,7108,3,0,1,-1.098053359651709,0,-0.46425068505110967,1
8,10944,3,1,0,-0.5207170674939053,1,-0.36100371591718644,1
2,8243,2,0,0,-0.3235512931079997,1,3.356402119575482,1
6,7429,1,1,0,-1.1135515775339884,3,-2.1215003174281364,1
10,8973,2,0,1,-1.2215090887255826,2,1.5162671437825574,1
9,11132,1,0,1,-0.9602470773316829,1,0.5154720568914681,1
11,9590,3,1,1,-1.2317785537538124,0,0.3687867786277173,1
10,11549,3,1,0,-0.508476212148219,2,2.2473500068261036,1
6,12780,-1,0,0,-1.051023614206044,0,1.148287922532936,1
-2,7279,2,0,0,-0.6118049067945927,1,1.4008805685124917,1
8,12363,1,1,1,0.6634719608284494,1,1.6551705800272722,1
11,8625,1,0,0,-0.04746947999458756,0,1.201766632569929,1
9,9151,1,1,0,-1.2052787579973563,0,-0.8519462068149326,1
12,3886,3,1,1,-1.0378111532923926,0,1.3862924847180513,1
10,9139,0,0,0,-1.57348519041415,0,1.0073418587576275,1
9,12741,0,1,0,-0.6524481181281824,1,1.775194325549739,1
8,11964,2,1,0,-1.2219757484072213,0,-0.4720626761601638,1
9,10249,2,1,0,-1.421419210250797,2,0.4782660359787216,1
10,6709,2,0,1,-1.4747373676668714,0,0.7507037976567001,1
8,10772,-1,1,0,-1.2713449582673362,2,0.6109648393245131,1
2,7886,1,1,1,-0.3736101289890872,1,0.6003987462294605,1
11,8449,1,1,1,1.703459019923965,3,-0.4848585851390424,1
7,12406,3,1,0,-0.1842967137670139,1,-1.7093564671415973,1
9,11447,2,1,0,-1.0130774339650614,3,1.746656138427345,1
8,9453,4,0,0,0.4525878190074731,0,-0.9856585888445697,1
0,8108,2,1,0,-0.6389447456870812,0,-1.1922519995682699,1
8,7550,-1,0,0,-0.9865218865703351,2,-0.15862147615444272,1
13,5029,2,1,0,-1.185547204577548,1,0.4537386685109391,1
3,12757,0,0,1,2.688916950852618,2,0.5108558896835211,1
12,13117,0,1,0,1.2212790363698267,0,-0.26299324470719254,1
4,11983,2,0,0,-1.669606121016547,1,0.10056687138546433,1
11,11129,1,1,0,-1.9487617642329447,0,-0.9323189479155944,1
10,6590,2,0,0,-0.5085565558436098,2,-1.6879838120583173,1
6,4919,-1,1,1,-0.5365655667068322,1,2.9926980534582523,1
4,9341,0,1,0,-2.074135315000868,2,1.9167142030975264,1
0,12977,2,0,1,-0.03587110716535663,1,-1.1609531596880402,1
11,5626,2,0,0,-1.0381160678598285,0,0.5324870126964444,1
13,13109,2,0,0,-0.5860126879051527,1,0.6541744716655205,1
10,13232,2,1,1,0.4827487757350785,2,3.205391046111401,1
6,12646,1,0,0,-0.6890678001608489,2,-0.9310134927006948,1
13,10977,3,0,0,2.1412186982507184,0,0.4754393398855606,1
4,10360,-2,1,0,2.309843905218483,1,0.5994135440104378,1
14,8504,2,0,0,-0.23322661805138378,1,2.8913289164703753,1
7,6504,2,0,0,-0.07751579804507275,0,1.1058221980868934,1
13,11180,-2,1,0,-0.5076134690114141,1,2.2525230801626757,1
3,13188,2,1,0,-0.1263080800896188,2,0.33936052880767303,1
13,8733,-1,1,0,-0.16392170441353732,2,3.192145620840197,1
6,9794,2,1,1,1.8637079234477514,0,-0.37619508410110797,1
11,12569,-1,1,0,1.0001900890037847,0,-0.008038585384300967,1
11,7299,-1,1,0,-0.06162966665449515,3,0.0466477463020219,1
12,5373,3,0,0,-0.37860840790720596,3,-0.833907184601886,1
5,3257,3,1,0,-0.2397223612661986,0,2.092955560805602,1
1,8900,0,1,0,-0.2528628921456147,1,-0.297220981574115,1
10,8536,2,0,0,2.454838557197641,1,0.3527618244566135,1
-1,5949,3,0,0,-1.6136415844343643,0,0.8285952852624692,1
2,9918,1,1,0,-1.040107860267445,3,2.882319907406777,1
11,6333,1,1,1,-1.4861755196664945,3,-0.07104567814532359,1
10,12519,2,1,0,-1.0355818825625338,0,0.8532243502057353,1
12,11512,1,1,0,-0.9586634702831389,1,0.971944163269044,1
7,7008,2,1,0,-0.8756703049981243,3,-0.8923281988767038,1
12,7216,1,1,0,-1.1432851767274474,1,2.371539554827712,1
7,7739,0,1,0,-0.22270583636076824,1,1.2593092090126377,1
5,11743,1,0,0,1.7694314451295534,0,0.6436477523744908,1
3,6897,2,1,1,-0.8399598436082731,1,-0.9897726023238997,1
7,11774,0,0,1,-1.6965008051513475,1,0.4024654884507446,1
7,12049,1,0,0,-0.3368976491360852,1,-1.388487214261869,1
4,12271,2,1,0,-0.8566637642661604,0,1.0402419419855828,1
10,6173,0,0,1,2.7443065860645266,2,0.36652321149227973,1
11,8435,0,0,0,0.9872135759792361,3,2.992793185423694,1
9,5913,2,1,0,0.7799063841094147,2,0.4282517698148239,1
12,12125,2,1,0,-0.6145920079033947,2,0.4009039141913055,1
10,9794,4,1,0,0.2697153209343378,1,1.4038438485904068,1
5,7894,1,1,0,-0.28243010301298,1,-0.6856067666232206,1
11,9227,-1,0,0,0.548588791807128,3,4.239746940940174,1
8,8935,1,0,0,-1.6604583713674619,1,-1.2707735115837566,1
12,11242,0,1,0,2.1121572967113385,0,-0.9336995829632804,1
5,12336,2,0,0,-0.20664634714977986,0,1.031043434847237,1
3,6933,2,1,0,-0.4285071519592355,1,-1.9516117057918845,1
10,5016,2,0,0,-0.8132761755477977,0,-0.6727327010149124,1
5,7519,2,1,0,-0.1620765857084725,1,0.8603248557525829,1
9,12191,0,0,1,-0.6636384879635127,2,1.9814667908597556,1
14,13396,2,1,1,0.8731128004923135,3,1.4011839807034059,1
7,4363,2,0,0,-0.13277576512012668,3,0.33795598942560223,1
12,12229,3,1,1,-1.7151782963884343,2,1.2763701221310242,1
11,6583,1,0,0,0.2921259987411523,2,-1.3718703715676395,1
9,5792,2,0,1,-1.85500420058842,1,-0.7409569839858539,1
-2,7813,2,0,0,-0.027248510066037013,1,-1.7028887713687864,1
10,7951,1,0,0,-0.144678896203789,3,1.5871963382855119,1
7,13775,1,0,1,0.5384449206677657,0,3.0865547492403853,1
0,2132,2,0,0,0.5451194390374685,1,1.1602445006525093,1
2,3979,0,0,0,-0.4965175126829936,2,-0.6612962958672721,1
7,9851,0,0,0,1.019203162463524,3,-0.029702182358846307,1
7,11424,-1,0,0,-0.8925703981051637,1,0.23787172724605052,1
9,11679,1,1,0,-0.26812112555776835,1,-1.6764654813464577,1
2,9381,1,0,1,-0.6292079659754498,1,-0.44393725266196005,1
14,9661,1,0,0,0.14645962378073096,1,0.650136116507771,1
-1,8555,3,0,0,-0.5652891368036028,1,0.08936094499887459,1
1,11444,2,1,0,0.5832989019178816,0,-0.7348365162657269,1
3,7148,1,0,0,0.950301756128079,3,-1.2464377365516088,1
13,12458,0,0,0,-1.0663997511732373,0,-1.5338458825282855,1
12,7456,2,0,0,-1.1777830003874232,2,2.627025710266425,1
4,11030,1,0,0,-0.3100215247470065,0,-1.4395378336898932,1
13,10099,2,1,0,-1.1838987862858108,1,3.8527995216253004,1
7,10589,1,1,0,-1.2895290706210263,3,-1.1235020548406556,1
12,10225,-1,0,0,-0.9737474431644481,2,0.08171099811660709,1
5,7764,0,1,1,0.4118132455348549,1,1.653290406561336,1
12,3030,2,1,1,1.3019763679376894,3,0.1732738974917885,1
2,6832,3,1,0,-0.43147960101458926,1,1.2349775702703347,1
13,7757,2,0,0,1.2877760664708342,2,0.9818484646991221,1
5,11718,2,0,0,0.826323895157225,2,-0.5753672985514755,1
5,10469,0,1,1,1.153408987430804,2,-0.8486508575260061,1
-1,6026,0,1,0,-0.86145483563896,2,-0.20867918489436682,1
5,11078,1,0,0,-0.8393051786932786,0,-0.8789535172420484,1
6,10582,0,1,0,1.5691507578195694,1,-0.7221883456512093,1
5,12669,2,1,1,-0.6712192103762188,2,0.44576699292278327,1
8,10833,1,0,0,-0.7501951729163461,1,-1.520251048759348,1
10,12289,2,1,1,3.191693218058173,1,-0.8323772039445652,1
11,5019,0,0,0,-1.38058514725176,1,1.201740516402463,1
5,9690,-1,1,0,-0.5195131079158798,1,-0.8526684743677401,1
14,3972,-1,1,1,0.44853152840796745,1,0.7539621658556979,1
11,13442,2,1,1,1.48883445410319,2,1.971699665350557,1
10,9242,2,2,0,1.2946334464906541,2,2.997978414671823,1
9,8519,2,1,0,-0.5209244439572907,1,3.706720986856223,1
13,10440,-1,1,1,-1.5671419744637087,2,1.9947682086773775,1
11,10082,2,0,0,0.029427660480274787,2,-0.8984172822149854,1
12,10123,3,1,0,-0.6705519776828417,1,-0.8513930086559962,1
8,7837,2,0,0,0.13573566589864783,3,0.4272236054807468,1
11,11248,3,1,1,2.4017674128210285,0,-0.33367402970889043,1
8,2745,0,1,0,-1.0311274176375047,0,1.1911088019754748,1
10,11752,-2,1,1,0.5995139522765253,0,-1.3525103231708815,1
3,10433,2,1,1,0.44807181327835494,3,-0.4804516110721544,1
9,5230,3,0,0,0.564948548623856,2,-0.6499088498741207,1
8,10698,3,0,0,0.7477683060064297,1,2.073853432168838,1
11,4408,2,1,0,-1.4973510521137003,2,-0.2970537591820388,1
10,7525,0,1,0,0.7305250166031194,2,-0.3950170316240246,1
3,8117,2,0,0,-0.19538588608823615,2,-0.8179429910008802,1
6,10160,3,1,1,1.5114103238660013,2,2.0208717706217287,1
11,10709,2,1,1,-0.9820667575248743,0,0.9150884708083753,1
9,12942,0,1,0,1.103221072228362,0,0.24558303002543247,1
10,6633,3,0,0,0.9705851857899133,0,0.38611706364081005,1
7,7076,-1,0,0,-0.7155754115675299,2,-0.14700276049080957,1
10,12425,4,0,0,-1.37037613651082,2,2.024641559019468,1
5,7261,-1,0,0,0.6960373450964198,2,0.7813139281761388,1
10,8906,1,0,0,0.3052769376309453,0,1.2529817173046103,1
10,11983,2,1,0,0.12445533792923036,2,1.6690449266609764,1
4,12579,2,1,0,2.4007560998584485,1,0.899211011425545,1
13,4632,3,1,0,2.5919173630188586,0,-1.6647040771672896,1
6,11848,0,1,0,-0.31083666757900413,1,1.4211519504694876,1
9,8707,-1,0,0,1.0855569798468763,1,1.1362832623864103,1
3,5978,1,0,0,-0.9667269077060231,0,-1.04073004093126,1
11,10812,0,1,0,1.1501501202763194,0,-0.06066168375461484,1
4,10484,-1,0,0,-1.028779075266634,3,-1.5386467294697204,1
8,11411,0,1,0,0.7191724270775318,3,0.2187069539177648,1
11,3662,1,0,0,-0.11610608003628586,3,1.6694071622094389,1
11,13712,1,0,0,0.7993253360230677,2,4.393614599343972,1
5,11333,1,1,0,-0.41111665936580066,1,-0.01253264252787728,1
11,11260,-1,1,0,0.11795407165492344,2,-0.1762209603576677,1
7,6220,0,2,0,-0.6351194668671512,0,1.2357083526916244,1
6,9732,3,1,1,-1.5225252751925646,2,1.591051336913061,1
12,8547,1,0,1,-0.6020108549762532,3,2.392205870216211,1
10,8643,2,1,0,-0.41066297310275923,1,1.7400285319265196,1
10,12249,2,0,0,0.18346649358683642,2,-0.7254251956458393,1
6,9129,2,1,0,-0.2169190242189184,0,-0.23486933951023428,1
13,8947,2,0,0,0.44062840161823313,3,-0.828496281885033,1
8,12730,3,1,0,1.1929675476979804,1,1.1471843792127587,1
7,13699,-1,1,1,-0.30320606471792744,1,1.5341793379703705,1
10,7399,0,1,0,-0.42016087770157523,1,-0.18166806135783278,1
8,8549,2,1,0,0.4055844849317184,3,0.6503818373247718,1
6,9883,-1,0,1,-1.0361460295358664,1,0.40206609823883793,1
6,13450,0,1,0,1.5470577991054204,2,-0.2705888811137642,1
7,9478,2,1,1,0.4433207368076636,1,-1.0717840374746057,1
10,13302,2,1,0,3.196235404415115,1,-1.0126536973215465,1
6,13212,3,0,0,-0.14923233778855713,2,-0.4542120766893194,1
8,11202,1,1,0,-0.12479510046693948,1,1.319989538989215,1
7,12438,2,0,0,-1.0570723920420337,1,-1.3461861971828941,1
11,6549,1,1,0,-0.49073724202214375,0,1.804187970384975,1
10,5955,0,0,0,-0.5532265204338407,3,-0.9141357874439848,1
7,11099,2,0,0,-0.8665191703614027,1,-0.9130553827207815,1
6,8217,-1,0,0,-1.2363300758187123,3,-0.6624596672101105,1
7,12710,2,0,0,2.189692816854674,1,-0.7162494050892221,1
9,12895,1,0,1,-0.14809660189058077,0,-0.21636473312844356,1
10,6354,4,0,0,-0.8378495927130735,2,0.6121551398887556,1
12,11467,3,1,0,-0.06576727188349091,2,-1.3828104539305532,1
4,11576,0,0,0,-1.7692435731767446,1,-0.9229224690191682,1
9,11729,0,1,0,-0.8518208172083637,1,-0.23984865289824236,1
11,6882,1,0,1,-1.3778470644563474,2,1.7863483462382137,1
7,2895,-1,0,0,-0.07994751725342669,1,0.25315987678058116,1
9,12744,1,1,0,1.9560326909689663,2,0.5081094208590491,1
11,12327,1,1,0,-0.5712853129953913,1,-0.04067144405291842,1
7,11090,1,0,0,-1.8029792542243017,1,-0.9060598392560946,1
-1,1379,2,0,0,-1.2008982944637094,2,-1.6321154555621098,1
4,7857,0,0,0,0.19166659518486417,2,0.9340717143289787,1
3,9545,2,1,1,-0.7785259917721038,2,-1.268535208970911,1
12,12925,1,1,0,-0.6928631710925854,3,0.38445831402340624,1
13,6591,2,0,0,-1.005658245624022,2,1.5840503643044541,1
9,11201,0,1,0,-0.2355507579587251,3,1.8372662955758505,1
4,5928,-1,0,1,-0.22276576100803402,2,-0.9980446540020977,1
11,11587,1,1,1,-1.2181954226021676,1,-1.8715641848851943,1
8,6287,2,1,1,-1.1023423719816163,0,0.6490620545575678,1
9,11543,3,0,0,-0.9414927733131504,3,2.5045008982269796,1
6,8503,2,0,0,1.0684494075029156,1,2.72164810526641,1
3,13022,-1,0,0,0.021586739653106646,2,1.8963526349955377,1
12,8641,2,1,0,-1.1817094142405122,1,0.6077945866120668,1
10,12788,-1,0,0,-1.2532036478193225,1,0.1769128189015839,1
9,5516,-2,1,0,1.2162453260674984,3,-0.3494754549093569,1
11,7573,3,1,1,0.4982759082154843,3,3.3741474519656305,1
7,9539,1,0,0,3.1216902132861857,2,-0.1414192960699978,1
7,13043,1,0,1,-1.0807485403302406,0,2.4581306511914707,1
8,6391,2,0,0,-1.81938555455014,1,0.046999158513284026,1
9,5267,0,1,0,2.1937951976390577,1,-0.6484613017486232,1
1,10513,2,1,1,-1.3645348237414932,0,-0.8198798696242735,1
7,12769,1,0,0,-0.08760367756816334,1,1.9858900840601583,1
11,7196,3,1,0,-0.6919930026487264,1,2.5346418338706225,1
13,12930,0,1,0,-0.9671735149782176,1,2.235542203375158,1
2,11098,1,0,0,-0.5069742750132135,3,1.7675648478710593,1
10,6642,0,0,1,1.140217371989095,1,0.0823396396308202,1
11,13071,2,0,0,-0.183084610625821,2,1.8867009253042095,1
3,11745,2,0,1,1.066963273885993,2,0.6003119160223489,1
-1,4223,-1,1,0,-1.1945885116199095,1,0.06045517768786683,1
8,10798,1,1,1,-0.8182859252917738,2,-0.8386194553232091,1
8,12943,-1,1,0,-0.6644408165634207,1,-1.0022104521641435,1
11,8786,-1,0,0,-1.2461066314178177,1,1.255706203835632,1
11,5201,0,1,1,-0.6386801338226377,1,0.5172253955996,1
6,5299,1,0,1,-0.7253971698659161,1,2.5093441152172447,1
5,5687,1,1,0,-0.7362990965477058,1,2.8139523715096013,1
7,7726,0,2,1,2.2386853478278685,0,1.976589750583182,1
6,8251,2,1,0,0.39762613210955705,2,0.5886450884001745,1
9,8341,3,1,1,1.609247801342752,0,0.4965373770946106,1
7,6891,-1,0,0,0.8247942073026407,1,1.0962891188853578,1
6,10879,2,0,1,-0.9125606429980746,0,-1.1070422239161721,1
11,10906,3,1,1,0.40854601713583255,0,1.4484819648506724,1
10,9148,2,0,0,3.0192281617434866,0,-1.3941282910816046,1
2,7714,2,1,0,0.6450680491587374,0,-2.2769499431610423,1
9,9470,2,0,0,-0.33762856405575054,3,1.9412504336172318,1
8,10801,1,1,0,-0.52594534618305,3,-1.441022855851568,1
13,6816,-1,1,1,1.073577316206671,0,3.07112594390411,1
9,12823,2,0,1,1.3458702233140496,2,1.4249801915457458,1
7,9828,0,0,0,-0.5086805600898584,1,0.8173735292697173,1
5,7836,0,0,0,-0.0738620450299598,0,-0.5538490716035427,1
10,9813,1,0,0,-0.4056732404207434,2,0.3300834659315608,1
9,4361,0,0,1,-0.1343444922367012,1,-0.9063876891113043,1
4,6817,0,0,0,-0.8612742941187677,2,-1.5048273701586052,1
11,13457,3,1,0,1.4234797712173668,2,-0.13507289832925096,1
9,7661,2,0,0,0.8597399634790501,2,1.5910385749502038,1
3,12645,3,1,0,0.18660018667191958,0,0.7885762955375363,1
8,12227,3,1,0,-0.739397305035304,0,-0.2573033357589356,1
13,9162,2,0,0,0.1835198066569853,1,0.9877924657852908,1
0,12547,-1,1,0,-0.7483381223186047,-1,-1.2724312510536415,1
4,11492,2,1,0,0.07938253634256154,2,1.510908504794072,1
5,9008,2,0,0,-0.2473398545347546,0,0.47869424297276264,1
6,7664,0,0,0,-0.9484438563100606,2,-1.549518460230586,1
11,8797,1,1,0,-0.7897366055247075,2,-1.2119608258753125,1
14,7077,1,0,0,-0.5573477388495318,2,1.8112547597951532,1
10,11598,0,1,0,-0.6887574146382557,1,0.46711218446470903,1
1,4626,2,1,0,-1.2639097794684357,1,-1.1228656404158368,1
10,8481,1,0,0,-0.34193555712574597,1,2.9901040661646743,1
7,11819,1,0,1,-0.8345555819995156,2,-0.12003817918682896,1
1,9128,0,0,1,-1.193226035368392,0,0.45338989416713754,1
5,7005,1,1,0,-0.7587168243478963,3,1.1543828288201212,1
6,8630,0,0,0,0.09998422695000467,3,-0.8496684837124697,1
1,4132,2,0,0,-1.0979869706330234,3,-1.9307082571553547,1
12,7410,2,1,0,0.08982686758509517,3,-0.23886549081771868,1
3,12646,1,0,0,-0.8360314893879621,1,4.524956631662047,1
13,12624,3,1,0,-0.625186596074736,3,1.1009700647469787,1
10,5946,2,1,0,-0.6828626037431401,1,3.5602046301934944,1
9,10759,3,1,0,-1.4403011315307013,0,-0.0763787529868245,1
11,8137,2,1,1,-0.28114288460593523,1,-1.102850512746802,1
6,10471,2,0,0,-0.8746894693093968,3,-0.9594041992493922,1
9,5672,-1,0,0,0.5192679967370653,3,0.7214746857051071,1
8,5123,2,0,0,-1.0124577050065717,1,1.6927568376131277,1
11,12283,3,1,1,-0.2295271060696541,1,1.3248296147908865,1
13,7859,-1,1,0,0.6184626057765013,3,1.2184214574410321,1
6,8048,2,1,0,-0.3618725738924603,2,-1.1265856020612548,1
5,8549,3,1,1,0.3253241138521309,1,1.6756232051098816,1
11,12268,1,1,1,1.6919455312171334,2,1.7860999759532112,1
0,9364,-1,1,0,-0.8372771737729541,1,1.9631598194404067,1
5,10265,1,0,0,-0.951202468213397,1,-1.512436411188189,1
5,13440,-1,0,0,-0.8733887343323405,2,-0.6720127253049566,1
9,6902,1,1,1,-0.39467507789223943,1,-0.1722756360901593,1
3,9634,-1,0,0,-1.1168109641993937,2,-0.22400321854424168,1
10,8392,2,0,0,0.07898050782277799,1,1.512116677771119,1
7,12447,2,1,0,-1.3176007499506892,1,2.5569043138072916,1
4,11662,0,1,0,0.561783916396974,2,-1.3132376228049822,1
10,12198,2,0,0,-0.5297955413664027,3,-0.3153121434886002,1
6,8646,0,0,0,-0.5067096852042047,2,1.5938069805960944,1
6,6879,2,1,1,2.2454107534685166,2,0.516776511703403,1
9,13476,2,0,0,0.012784808529738512,0,0.2862845909137335,1
11,10807,-1,0,0,-1.4823493352991197,1,0.4580994854428365,1
6,3200,0,1,0,0.8388329648519913,1,2.6321278515225472,1
10,8544,-1,1,1,-1.2680658992484766,1,-2.424505871714449,1
3,7726,1,1,0,-0.3439307704081881,1,-2.3798268805960485,1
5,5579,3,1,0,-1.5686197918362232,1,0.15479423479779442,1
5,8072,2,0,0,-1.9340935467804048,2,0.06385877459417699,1
12,11592,1,0,1,-1.6009624113877163,1,0.6383185484130112,1
1,4350,0,0,0,-0.05221616753733416,1,-1.4860375044149385,1
9,11817,-1,1,0,0.5194916470636398,1,0.7099817583768815,1
8,4843,2,0,0,-1.6864043501489903,1,0.4869635446750426,1
5,10364,2,0,0,0.547698641350861,2,0.6281028359874805,1
11,8708,2,0,0,-1.6476481991784508,3,2.4415164367433424,1
12,12763,2,1,0,-0.5704224018467191,2,1.7703161266631007,1
6,13805,-1,1,0,0.5639069267993104,2,0.4335303125386111,1
13,7646,2,1,0,0.45102276967825466,1,0.8048287025821534,1
8,6855,3,0,0,-0.8881819105039526,0,1.1790239922722228,1
6,11938,2,0,1,-2.173809418972714,1,0.23699253281924798,1
7,10557,2,0,0,0.6452326764305674,1,0.6184552155073069,1
5,4828,0,0,1,-0.4502335849322035,2,-0.5417789034746763,1
10,7359,2,0,1,0.7368214081813635,1,1.8382236093886277,1
12,11595,-1,0,0,-0.903041623911145,3,-0.7415321990650565,1
4,8715,2,0,0,3.0473840042631184,1,-0.5734460273228803,1
9,9172,-1,0,0,-0.24582015947380198,1,1.4890614617226727,1
5,9149,2,0,0,-0.5364033983680969,0,1.832056861756775,1
12,8179,1,1,0,0.9233601766109681,3,1.6769093775527233,1
12,8929,3,0,0,2.249995459451957,2,1.792044709211511,1
0,5319,2,0,0,-0.5039819966519431,1,2.389542652634105,1
8,8256,2,1,0,0.38339199822280523,1,-1.2167355635408474,1
11,11053,-1,1,0,-0.19533747912883725,3,-0.2986754566158067,1
11,8352,3,0,1,1.3665665785927266,1,-0.5759084558304784,1
2,11564,2,1,0,2.153131743310814,1,0.14890913652055787,1
11,13086,0,1,0,0.9843423973156252,2,0.34764972185150544,1
-2,7351,2,1,1,0.21640197822370522,3,-1.5484960246464168,1
13,8090,3,1,0,-0.2633451141464983,3,-0.07958186978452594,1
6,10986,0,0,0,-1.0625750858591223,3,3.2375698810317246,1
9,8120,-1,1,0,0.9493389256712887,2,0.7051390691463397,1
12,11983,1,0,1,-0.5243227963437459,1,0.0803425062925287,1
13,12740,-1,0,0,0.04283822207495691,2,2.169079276269165,1
5,6859,2,0,0,-1.556060458759689,2,-0.74891462019707,1
11,6870,2,1,0,0.6602655757822381,3,0.7864936040548927,1
12,11186,0,1,0,2.3194225958465897,3,-0.3743824077796284,1
13,8669,2,2,0,-1.5495249078330624,1,2.6318189224441113,1
9,13570,1,0,0,-0.32447259387049493,1,1.0181101216842323,1
8,8814,0,1,1,-1.8289585995448199,2,0.5349778429901537,1
10,12885,2,0,1,1.2820751413260887,3,0.011287761527949691,1
-1,5189,0,1,1,1.362817674239141,1,-0.6350182310442678,1
10,10470,1,0,0,-1.290569542083283,2,-0.9165827200557259,1
9,12448,2,0,0,0.40006599549782446,0,-0.5926452142053629,1
1,7612,-1,0,0,-2.3447941704216166,2,1.7238161710229385,1
8,7060,0,0,0,-0.6162485241621312,0,-1.1681148145971274,1
8,6085,1,0,1,1.1139045917411756,2,-1.321172642863819,1
5,2955,2,0,0,-2.3438949566665426,1,-0.4397674042373903,1
7,13141,3,0,0,-0.007022708516355669,1,-0.6021150391313314,1
5,9285,2,0,0,-1.2749433422160314,1,-2.0193866082763856,1
12,10880,1,0,1,-0.787989988433346,3,1.4477208119092149,1
2,8308,1,0,0,0.593535992608625,1,2.3443092531862932,1
10,6004,1,1,0,0.11940746997072249,1,-0.9326097705749301,1
4,11172,0,0,1,-0.4368902118772871,1,2.592355647576442,1
4,9162,0,0,0,-1.482467254156513,0,-0.9294184495078213,1
12,9239,0,0,0,1.8802889424121667,0,-0.6971731812911351,1
9,4505,2,0,0,-0.22371780508381583,1,0.9168216749541698,1
11,11134,3,0,0,0.33263951655465995,1,0.6396581814753912,1
12,12353,1,1,0,0.5545861390452056,3,2.2677952875612784,1
7,11615,-1,0,0,0.29898005795248705,1,2.0774195966061098,1
4,10349,0,0,1,-1.5006265527234333,1,0.10529095375157405,1
1,9029,1,0,1,1.192020423017712,1,-0.3911442552040853,1
-1,11693,1,1,1,-0.5783743357057269,0,-0.16129421703599173,1
-2,9624,3,1,0,-1.8100518035672408,2,-0.8586307039574399,1
12,7105,2,1,1,-1.8373817665490364,1,-1.1226591896238716,1
10,7861,2,0,0,1.3463250197805654,0,1.7687582362867451,1
9,10879,1,1,1,1.4256252679606405,1,0.05092409748627885,1
12,6585,0,0,0,2.5620863562398437,1,0.48332431940463794,1
13,10144,0,1,0,0.43737833517072816,2,2.782735956962373,1
5,13350,2,0,0,-1.3683230173011065,3,-0.11416882215485313,1
9,12626,2,1,0,-0.48879721131050613,1,3.0288288635903875,1
9,8655,-1,1,0,-1.7970895886322507,1,-0.0016154126928231705,1
4,8429,1,0,0,0.8172965798299587,1,1.6731521627310668,1
13,6958,-1,0,0,-2.493339757131843,3,1.8919443854648064,1
11,9812,-1,0,0,-1.1771689903989313,3,2.8654249716670863,1
7,7826,1,0,0,-1.4504176693841138,1,0.364179650294697,1
8,13259,3,0,0,-0.3543867659928362,0,-1.1759060699797574,1
9,6572,-1,0,1,-0.0641032157419667,1,-0.8922338922790216,1
3,11688,2,1,0,-0.3214933151690631,2,-0.23071226177076734,1
1,6568,2,0,1,-0.8217360138226636,3,-0.25037376555008334,1
10,8651,3,1,0,-1.522500599187582,2,2.6221489022441684,1
13,10521,0,1,0,-1.1386933259073877,2,0.21729377642048825,1
13,6422,3,2,0,-1.4340474252579791,2,1.5644102213950508,1
11,12296,0,0,1,-0.038659991687230444,0,-0.300606867628068,1
0,5218,2,0,0,2.0122457686104878,3,-0.45778239444407115,1
8,5906,2,1,0,-0.9997133494370494,3,1.3802208479057883,1
2,10876,1,1,0,0.1387225989972174,2,-1.1034631954126646,1
3,5072,2,1,0,-0.27546049005784534,0,-0.1973661941719796,1
9,8931,3,1,0,-1.1737459440178193,3,3.98814282589512,1
9,12845,3,0,1,1.2626272337421582,2,-1.2437058957063614,1
11,5363,2,1,0,-1.1205083399033953,1,3.0758555662361893,1
13,8692,1,0,1,-1.8377791142064641,1,2.425444286638702,1
5,2999,2,0,1,-1.2251657320986307,1,-0.33693187930405233,1
13,6983,2,0,0,0.08615498613406647,2,2.1362842917809477,1
7,4146,2,0,0,-0.7582996635212611,2,-0.7716198472877127,1
5,12527,2,0,1,1.2728404480272522,3,-1.0954707112591033,1
10,5870,-1,1,1,0.707397119917011,0,0.8803911203244013,1
11,12110,-1,0,0,0.4418864824804432,2,-0.6323749089570248,1
7,4165,3,0,0,-0.04792842102496975,2,0.12266247471938957,1
11,13021,-1,0,0,-1.2894692832100694,2,0.1985039272129696,1
7,7979,-1,1,0,-1.4036836652883733,1,-0.4664086787804857,1
5,10396,1,1,1,-0.7523674026354852,2,2.607781826936256,1
10,8389,0,1,0,0.4225499689789718,1,3.9252454376921326,1
13,2771,0,0,0,-0.9038116738756247,1,-0.9941172302534094,1
9,12498,2,0,0,0.9476836516025712,1,-0.019592711559399345,1
3,8064,2,1,1,1.6078218129971225,2,0.17633038259517525,1
4,1109,0,0,0,-0.33805971908975585,1,-0.7766824986785574,1
12,9698,0,0,0,-0.06678627635979706,0,0.9723481859551948,1
10,6782,1,1,0,-1.157596830688711,1,3.597892883092361,1
12,6206,2,1,0,-0.1630841619355713,3,1.7090777289302321,1
5,11936,2,0,0,1.8361784277338566,1,-0.3210631979083943,1
12,5410,2,1,0,-1.7757861060842384,0,0.05747795941050887,1
8,10107,2,1,1,0.23950843069710837,0,-1.1460280439697987,1
13,5763,-1,0,1,0.7556008164220489,1,1.8621273956663096,1
10,9165,2,1,1,1.97626882238273,2,3.199833270943506,1
11,4136,2,0,0,-0.08418626934932993,0,3.3179298933403265,1
4,7314,0,1,0,-0.7386590908194066,1,-0.636887481748561,1
9,13231,1,0,0,0.9801855995861737,0,-0.4537377905066507,1
9,6712,0,0,1,-0.3479278111678913,2,1.36720923739124,1
12,7439,-1,1,0,2.061899316238719,1,3.245734812903527,1
12,12464,0,1,1,0.32896068379738375,0,3.1853943547205543,1
5,10238,2,0,1,0.48796845472975087,2,-0.3697529051719207,1
12,9499,-1,0,0,-0.5227908426018855,3,3.353648425168025,1
13,12295,2,0,0,0.7778663064509859,1,0.8792717958194269,1
9,6357,2,0,0,-1.646155731456124,2,1.9175059567662491,1
11,12929,0,1,1,-0.8228299182802905,1,1.1310886914322342,1
8,8081,2,0,0,-0.7644754357078037,2,-1.2137459256119436,1
10,8069,2,1,1,-1.7258108585823049,1,-0.7862343363994563,1
11,10881,2,0,1,-0.3415891256597642,0,2.3799681037307785,1
8,6861,2,0,0,-1.9276358532580389,2,0.1903286656758596,1
11,5547,-2,0,0,0.21795262173814847,0,0.14373943910331993,1
4,12629,1,1,0,1.7345607178512155,1,-1.1863278279776694,1
6,9102,2,1,0,-0.9547522583889876,0,0.596057426730227,1
10,9989,2,0,0,-1.137478816962295,2,0.852330010619055,1
-3,8306,3,0,0,1.223291509582677,2,-0.6969242821895771,1
7,11302,0,1,0,0.542977675989088,3,2.3020962638006184,1
7,6878,0,0,0,0.2256346615657714,2,-0.35390101698057186,1
4,8377,2,0,0,-0.19800614582629134,1,1.3471033103511465,1
7,7706,2,0,0,1.360101923889704,1,-0.6022760169777587,1
9,7799,2,1,1,-1.1424077397288794,2,0.1104616705875559,1
4,12923,-1,1,0,0.832909512524537,2,-0.26930704298526364,1
6,12491,3,0,0,-0.7033520552944038,2,-0.8751584609219922,1
1,4571,-1,1,0,-1.181714051526312,0,-0.563413365463898,1
14,11381,1,2,0,-1.4407678423645889,1,0.691698226494825,1
7,8390,1,0,0,0.1972743607060411,2,-1.0705930030534403,1
13,10176,2,1,0,-0.0637828782914206,2,-0.8858321598200252,1
10,8117,1,1,0,0.736444935045525,3,-0.764745745696406,1
1,8968,2,1,0,2.1613663507056287,0,-0.7874917048069525,1
8,8561,1,0,0,-0.4942775208242113,0,-0.9722333932044671,1
-2,8809,2,0,0,-0.5231859314479389,0,-1.2723063243442538,1
11,11337,0,1,1,-1.2089000092681688,2,-0.7773806043064795,1
8,7973,-1,1,0,1.7400310858496968,1,2.8160356729108003,1
9,7641,2,0,0,0.026667957192783476,2,-1.6918354707485905,1
11,12604,-1,0,1,-0.2207584936129725,1,0.4996504706285753,1
1,9346,1,1,0,-0.25162207951592946,3,0.2924731973013725,1
7,4389,2,1,0,-0.7526856154770584,0,-0.8235337332526709,1
9,7668,-1,0,0,-0.45374785297752235,2,2.2295991411927885,1
13,10089,2,0,1,2.336559640695994,1,1.778979671600918,1
3,5569,1,0,0,1.7101137860338254,2,-0.41146304326387334,1
11,8200,0,1,0,0.11448178667739528,1,-0.9164139694964581,1
11,12107,0,1,0,-1.066622922594007,0,1.204165663438492,1
8,7603,3,0,1,2.444231654781038,0,-0.1076023211299264,1
4,9857,1,1,1,-1.0507114050317319,1,1.276097331157063,1
7,10533,1,1,1,-0.014059815770073203,1,2.26929495608517,1
5,12392,1,0,0,-0.21945945438911268,2,0.5291234539377434,1
11,7066,2,0,0,-0.8501751068693931,2,-0.3950382186171613,1
11,2602,-1,0,0,1.0254234294901277,3,1.571866907786746,1
8,3976,2,0,1,-0.13175962938793126,1,-1.1537346542830054,1
14,7040,0,2,0,-1.399416591738011,2,0.28422617839979064,1
5,10944,1,1,0,1.0612592023810565,2,0.30565473397943654,1
12,12714,1,0,0,1.83964944657707,2,0.16457139766622123,1
11,9594,0,1,0,-0.9224933705035689,1,1.1386955718105822,1
12,12951,-1,1,1,1.141980791729634,2,-1.0073002957275612,1
7,6268,2,0,1,-0.14195812197244762,3,-0.7863230332022653,1
2,8908,2,1,0,-0.7166198820374851,1,1.006906036186963,1
6,7432,2,0,0,0.7823822256431814,1,1.48994200315809,1
9,9777,0,0,1,-0.6428260496930391,2,-0.9176259374701667,1
11,13153,2,0,1,-1.4205645949508854,1,-0.7941671292333773,1
7,10526,2,1,0,0.8005730336592913,3,-0.715045238060704,1
8,6414,2,1,1,-1.5871227705956943,1,0.7320056861753954,1
10,12708,-1,0,0,0.8028938842595634,3,0.24240244980245426,1
10,7941,1,0,0,-0.20127180166723424,2,2.4209614635922687,1
2,4530,2,1,0,-1.2721286195865966,1,-0.58263991943842,1
7,9736,2,0,1,-1.375825896252969,2,0.49160240190258725,1
11,11451,1,0,0,-1.0049253981546125,1,-0.4646006475036531,1
8,9995,2,1,0,-0.7634802672727531,1,0.8061804483334012,1
6,8318,-1,1,0,0.2261603425743587,0,2.439586602234033,1
6,7459,2,1,0,0.20477073439486493,2,0.48446142441350326,1
4,4456,-1,1,0,-1.3576334482800125,1,1.1932602014463694,1
0,8203,2,1,1,-0.02177168819282124,0,0.8695254217927355,1
4,8029,-1,0,1,-1.0827738708905148,1,0.40829044137363557,1
-1,12051,2,1,1,-0.10641018787359813,0,0.6456711045320169,1
6,11026,2,0,0,-0.9462825424490687,3,0.4092572184804061,1
2,4827,2,0,0,-2.1791143927991254,1,0.6347670054287212,1
5,6731,0,0,1,-0.9865723235664523,2,1.5262339123071802,1
4,8290,-1,1,0,-0.7687730777093054,0,3.15079314030036,1
12,12911,3,1,1,0.4003230934090697,1,1.7453355065905618,1
3,10541,-1,0,1,0.2847032167135771,0,0.9372695866867498,1
11,7268,2,1,0,-0.08817606018325558,2,1.50633120475042,1
9,6421,1,0,0,-2.600913936064106,1,3.4113074677808246,1
11,10993,0,0,0,0.47386452956494546,1,0.7236144720669212,1
12,8029,2,1,0,-1.423673011905363,1,0.6010278611010669,1
1,7464,1,0,0,-1.0446914264982663,1,-0.36532842182442216,1
13,13332,-1,0,0,1.9336657920008395,1,0.08746383825093068,1
8,9378,-1,1,0,0.4460057808254059,3,-0.47926155236988754,1
11,9137,-1,0,0,0.30318430462573276,3,-0.10458163736068057,1
11,8880,0,0,1,0.45544468606234323,2,0.8841607867960484,1
5,12587,0,0,0,-1.2283663971786805,1,-0.738664936867808,1
6,12686,1,0,0,0.32798830551438707,2,-0.2073566101147326,1
9,7928,0,1,0,1.3913023976421413,2,0.7798960718738364,1
7,2113,2,1,0,-0.32647131100076615,1,2.5832558960772762,1
12,9011,2,1,1,-1.8557302038513965,0,-1.566695186803374,1
10,8867,2,1,0,-1.6159207744407313,0,-0.6123189716379961,1
10,5238,1,1,0,-0.45629982560195764,1,1.1330121190785991,1
7,11278,0,1,0,0.0008521843371229743,0,1.167736234789907,1
7,8356,-1,0,1,0.6255397307770769,1,-0.4095776759211741,1
5,6912,1,1,0,-1.5445007994512379,3,-1.806553069418546,1
6,7352,2,0,0,-0.12032965476318186,2,-0.49050493868258915,1
9,10593,2,1,1,-0.8469853160528057,2,-0.9720184806806822,1
8,11069,0,0,0,-0.06191109932303672,1,-0.058608939662451315,1
13,10501,1,0,0,0.9590990062723727,2,0.030640735746862366,1
12,11766,1,0,0,0.9571598794704748,1,-0.003609294347633185,1
2,11394,1,0,0,2.2549722181966567,0,-0.47600970698493184,1
3,12624,-1,0,0,0.4180270961529745,2,1.9818892895586786,1
9,4491,2,1,0,-1.2913206461536406,2,-0.691327654560717,1
0,8025,2,0,1,-0.887139823807316,2,-0.3453044585276453,1
3,6000,0,0,0,-0.06698185405996243,2,-0.5852457933973922,1
10,10735,-1,0,0,1.1842991509959333,3,-1.0672101622313128,1
7,5613,0,0,0,0.3358861625995777,2,-0.7069173691340995,1
13,11829,1,1,0,1.606916417514399,2,0.5701793227755992,1
8,9926,4,0,0,-0.16926799994979447,1,0.5662618444924555,1
10,7610,0,1,0,-0.7133624623107198,2,2.506013729840779,1
6,11299,2,1,0,2.264465869571765,2,0.43836198809950183,1
2,12684,2,0,1,-1.027975945820384,2,-1.536600421068918,1
8,8659,2,0,0,-0.39185274238740364,1,-2.6373867515096765,1
8,9030,3,0,0,1.504626134360288,0,2.5893426976747076,1
5,3961,2,1,0,-0.6283381670518341,2,-1.763631928131353,1
5,12027,2,1,1,0.9842974790549863,2,1.4209103680952009,1
4,6513,0,1,1,-1.6593246852501906,2,0.8158617335330771,1
9,11724,3,1,0,-1.6230184329671147,2,-1.8353749248945774,1
7,7331,2,1,0,-0.04179507392715187,1,-0.08358653705471136,1
9,12089,2,1,1,1.1537908905514793,2,-1.491862177698096,1
6,7018,2,1,0,-0.8785975525811439,2,-0.5949966409109126,1
10,8034,1,1,0,0.06295367368446869,3,-1.6902273799315102,1
5,12072,-1,1,1,-1.0400361647027163,1,-1.095134123566718,1
9,3620,2,1,1,-0.6331550422614051,2,0.9390236795393692,1
6,8143,2,0,0,-1.53931350029272,1,-1.5756989851294478,1
3,9451,1,1,0,-1.0241446031006818,0,0.9404440231267106,1
7,6911,2,0,0,0.19756262196876861,2,0.8638420925549094,1
8,6048,2,0,0,1.4238933563535836,1,-0.22876095796055745,1
12,11780,2,0,0,1.073138411827919,0,-1.9667725832575471,1
6,9041,2,0,0,-0.6434815613034748,1,0.23067150902197392,1
6,5468,3,1,0,-0.46184780422365534,1,1.302807665359888,1
7,5130,2,0,0,-1.19933803015717,1,0.5265689569717408,1
14,11309,-1,1,0,-0.9219416016419086,1,2.4931768136824894,1
9,4745,-1,0,1,-1.4455530984932137,1,0.7712912232494811,1
9,3997,-1,0,0,1.579728823207431,1,-0.06573593710424236,1
13,5187,2,0,0,-0.5866269589345688,1,2.2061534684450512,1
11,6686,0,0,1,-0.5430161665817765,1,0.7168439885740835,1
7,12525,1,1,1,1.9388889187720748,1,0.3768772576356537,1
3,7701,2,1,0,-0.951325981539116,2,4.152840488675917,1
3,12409,1,1,0,0.5725343314365028,2,0.5932879257738723,1
10,6332,0,1,1,1.2341033511477713,3,2.4689378573182825,1
5,12080,3,0,0,0.35064450690806326,0,-0.49991772853971556,1
12,1455,3,1,0,-1.039051197348962,2,-0.5247200585497074,1
3,12210,0,0,0,-0.07766217048224983,1,1.052952185609057,1
9,10555,2,0,0,-0.6747441015223798,2,-1.3189137025537263,1
1,6217,2,0,0,2.4356302614143117,2,0.10976176465947302,1
10,8915,0,0,0,-0.6634202489570695,1,0.4710216968188337,1
11,8393,0,1,0,0.248428692820318,1,2.910946154262552,1
12,9440,2,1,0,-0.6465575930075054,1,2.3799124831802203,1
9,7714,-1,0,0,-0.03505312121283172,0,2.3346887496948927,1
12,10598,2,1,1,-0.904403500962812,2,1.4009468141536618,1
6,6408,2,0,1,-0.18014081991649217,1,1.6319211692871882,1
9,8086,0,0,0,-0.7961382483108161,3,-1.4520261420414506,1
7,11567,-1,0,1,-0.1799809163829137,1,1.6065252016181621,1
5,9617,2,1,0,0.910936732176873,1,-1.3785567300245747,1
11,4259,1,1,0,0.43401121223936456,1,0.7511339651255757,1
9,7474,0,1,0,0.18339774421399577,1,0.11755911715858221,1
8,1554,2,0,0,0.798191009147477,2,-1.3360321065403553,1
9,9426,2,1,0,-1.5121206647786658,1,1.2973491236151176,1
13,8673,1,1,0,-0.8016463112427205,0,-0.3065158924101741,1
13,4977,2,0,0,-1.7821964264241572,0,0.25301312709128465,1
5,5869,2,0,0,0.6623344109106577,2,0.4633365363585961,1
8,8664,2,0,0,-1.6522205924632467,0,2.6693166914434863,1
9,6131,1,0,0,-1.0995300925210434,1,3.4299148982610337,1
7,12244,2,0,0,0.20708237402558655,2,0.702978013087427,1
2,1219,2,0,0,-1.1791366455489376,1,1.980082379028116,1
7,3254,0,1,0,-1.5037218628384532,2,1.7623439507370675,1
11,11355,1,1,0,-0.4243071941722839,2,0.26005227969020583,1
8,5507,2,0,0,-0.6358812452684762,2,-0.5506538281808175,1
9,13017,2,0,0,-0.964545803020251,2,-0.4752175486193615,1
12,6583,3,0,0,-1.5841851281978756,1,-0.92782733214878,1
8,8198,2,0,0,-0.5900931021136286,0,2.9920679384700875,1
4,10247,0,0,1,-0.22268447824569632,1,0.994962200021356,1
9,11822,1,0,0,-0.29042328200324186,2,0.8253871142106026,1
5,11588,2,1,0,0.8070879841054549,3,-1.1220201383369466,1
2,6526,1,0,1,-0.8550140624973928,0,-1.7161002073685907,1
5,8726,2,0,1,-0.047291280775582645,3,-1.3994298202385314,1
5,8368,2,0,0,-1.500527554487253,3,0.655068349389397,1
8,4184,-1,0,1,-1.2123958975093756,2,1.880183550133479,1
9,13334,1,1,0,-0.29340188829649894,3,1.8911694951457552,1
14,12547,-1,0,0,-1.2113659511227548,1,4.7987932183296795,1
5,6200,3,0,0,-0.9085724478737083,0,2.943288396536314,1
5,11499,2,0,0,-1.1827287313428272,2,-1.3039398402056515,1
11,8273,-1,0,0,-1.4469119081246915,2,-0.4106725073423439,1
3,12759,0,0,0,-1.050455676956377,1,1.4458548467489125,1
13,7133,2,1,1,2.8721436156095543,3,0.5202967255119234,1
6,10215,2,0,1,-0.16405589893810169,2,-0.006317886642372678,1
6,6380,3,0,1,-0.4268686490690904,2,1.1842172316144897,1
8,9464,-1,1,1,-0.9760502625257682,1,1.2652520997299725,1
11,6789,0,0,0,1.26675343641985,0,-2.1538720504140634,1
11,6174,2,2,0,-2.008496133623537,2,0.5867585381670264,1
0,3107,2,0,0,-0.3084580017633548,2,-1.0232563647412183,1
6,5551,0,1,1,-1.798677103505907,1,-1.4890339383860762,1
11,8630,2,1,0,-0.2605522414627571,1,0.10348065571604265,1
7,9285,2,0,0,-0.4888127872500999,3,2.1483973840657473,1
12,12506,3,1,0,-1.1086108881922296,2,2.2013481105645742,1
5,8602,2,1,0,0.8175960365648558,1,0.8481780832814911,1
6,9291,2,1,0,-0.41582164823590584,0,1.5277317332295244,1
6,11724,0,1,0,-0.7121428691713947,1,-0.4492293337980157,1
11,9423,3,0,0,-0.5501759344119385,3,0.8789182062527978,1
4,12925,0,0,0,-0.8079476697482834,1,-3.081539195152666,1
5,8876,-1,1,0,0.6379221080583107,0,0.689388003313687,1
8,8362,2,0,1,-0.6419816859210056,1,-0.3528945376896291,1
7,77,1,0,1,-0.3102415365579688,2,-0.05400774694543875,1
5,10271,2,1,0,-1.579714700945455,3,-0.2196402587477735,1
6,13019,2,0,0,-0.351817868702101,0,-1.5112427005535614,1
10,10370,-1,0,1,0.012097081358854789,1,0.9610142710686003,1
9,11421,2,1,1,-1.3165149477171285,2,0.6344975306147542,1
13,6557,-1,0,0,1.446264131126299,1,1.9664394764107125,1
11,6594,2,0,0,-0.03877999454655136,0,0.08582351598026206,1
14,7870,2,0,0,0.7748363683762107,1,0.734925005492423,1
3,5377,-1,1,0,-0.48133867768362687,1,-0.877945563776142,1
8,5168,1,0,1,-1.4624151093138218,2,-0.9881513484169115,1
3,12175,1,0,0,-0.9476052630931097,1,0.6534791168796871,1
3,4793,2,1,0,-1.0063224716844583,0,1.5367095590651012,1
10,11663,1,0,0,0.16510703575635588,3,-0.8674989229401315,1
5,10047,2,0,0,-0.6613912280022158,3,-1.0250547046976768,1
11,7059,0,0,0,-0.5843815942684515,2,1.1213374515081833,1
7,5810,-1,1,1,-0.9931843115522769,0,1.3726024873426614,1
9,10992,-1,0,1,0.3202459584305462,0,1.266788724800449,1
4,7626,-1,0,0,-0.44477748602333006,2,0.6125298903015656,1
3,10025,2,1,0,-0.6032658464980546,1,-0.4214735731388222,1
9,10242,-1,0,0,-0.48557361497021445,1,-0.9652934118604619,1
8,6840,1,0,0,-1.291355097953573,3,-0.7489421526904405,1
12,10587,2,0,0,-1.1302547162553636,2,-0.6787698743619259,1
6,7547,2,1,0,-0.4881486426026869,1,0.39209461218550445,1
11,8678,1,1,0,-0.8381823563298201,3,0.06961264371390835,1
5,11046,-1,0,0,-0.48994419647559295,1,-0.6609106399806385,1
9,6345,0,0,0,-0.5186926971738129,0,1.3448727439402641,1
5,7482,0,0,0,-1.2335898567455716,0,-1.915405125946126,1
5,4273,0,1,0,-0.8988340913362384,0,-0.33550624121031153,1
2,10230,2,0,0,-2.4284656943527505,2,-1.0714044844408421,1
7,7456,-1,0,0,-0.9622990882418957,1,-0.047593576117194225,1
9,13446,0,1,0,0.5993758926040404,1,-1.1068928223556742,1
8,8559,3,0,0,-0.12079333123885033,3,0.2489510835622859,1
9,9835,1,1,1,-1.1912422670283396,1,-0.13145548544173402,1
7,7740,2,0,0,0.40183953797001526,1,0.1628319752542407,1
11,5794,2,0,0,-1.7190167659462428,0,0.15389921040252563,1
-1,8703,3,0,0,-1.0874130892156213,1,1.028421586394944,1
7,12755,2,0,0,0.012193077060958846,0,3.481957215948073,1
8,8436,1,0,0,-1.001718597870517,0,-1.0550273475243888,1
13,12061,1,1,0,-0.5884727289438191,2,-1.6463216626123476,1
4,7736,3,0,1,1.603813659805999,0,-0.2654304248366268,1
13,10434,2,1,0,-0.5062906948932906,1,-1.560121320899327,1
3,5711,2,0,1,-0.20027148424517494,1,2.5744905328968377,1
11,6419,2,0,0,0.6719746050882487,1,2.5337960143999565,1
9,5360,4,0,1,0.20165851578449434,2,-1.1640022624529316,1
8,3610,1,0,1,-0.5321950739172066,1,3.0290471777243813,1
4,7682,3,0,0,-0.44963168868230985,2,-0.10062092477694073,1
4,10764,0,0,0,2.473320530540618,1,-0.7556710623125348,1
5,8775,4,0,0,-1.2506753891802775,2,-1.109736186957062,1
6,13272,3,0,0,1.7702728431231614,0,0.08668025645755506,1
7,8987,-1,0,0,2.16181084433957,2,2.771581883217526,1
4,7838,-1,1,1,1.3150494904597547,1,-0.11198437861744237,1
1,11015,-1,1,0,-0.23057482003445257,1,-0.3855127352194796,1
4,10724,1,1,0,-1.0480307570040162,0,-1.2054493696117587,1
9,9835,2,1,0,-1.4057745710915306,2,-1.176473564067564,1
11,4618,2,1,0,0.2395217173024905,1,-1.39032843032916,1
13,5426,2,1,0,0.6209720814250757,3,0.6391743224555753,1
5,12734,-1,1,0,-0.8957507685467965,1,1.3362878690749003,1
7,11452,0,1,1,2.395594544275503,0,-0.0867312277807109,1
9,8151,1,0,0,-1.3538603128731652,1,2.6934759136133204,1
10,973,2,1,0,-1.3230543359693057,0,-0.4680712009497806,1
3,12655,2,0,0,-0.5678302309758382,2,0.08478377922745166,1
11,8557,3,0,1,-0.6186075445415669,1,-0.803463981175494,1
9,11916,2,0,1,-1.0660895305183336,2,1.8589050241417795,1
8,13537,2,1,1,-1.3802350349073758,0,-0.2445339044582257,1
11,6313,1,0,0,1.2481104881319345,0,1.6650470087659963,1
8,11235,2,1,0,-0.7944580137733266,2,-1.1816664762119726,1
7,8489,2,2,0,0.1946071554254335,0,0.6663885365264004,1
11,8840,0,0,1,-0.015226903358529609,0,0.06639801690041965,1
9,12160,2,1,0,2.049211677740742,3,-0.6941890678287197,1
13,4999,-1,1,0,0.43141541629776275,2,0.8416431319728543,1
7,4928,-1,1,0,-0.865158307550137,1,0.4629918197928624,1
9,6963,0,0,0,-0.2381117872882409,0,1.3733525900100925,1
2,11019,0,1,1,-1.3956024502196516,1,-0.09815848239494862,1
5,12584,0,1,1,-1.365887608586732,2,1.2312577272486458,1
10,11210,2,1,0,1.2744096039819073,1,1.834158359101278,1
11,11891,-1,1,0,-0.8497156768970134,3,2.7755053307759616,1
2,8441,1,1,0,-1.7358074920544704,1,-1.0606071545539155,1
9,12899,2,0,0,-0.22102334908608834,0,1.59787254949663,1
8,12867,2,1,1,3.4700567839341567,2,0.5643826559238383,1
8,13620,-1,1,0,1.0896990950850225,-1,-0.35094112051199583,1
12,3905,2,1,0,-0.8489965068154971,3,1.0693125207761505,1
12,12662,2,1,1,1.9432261664821469,0,0.38065700994969975,1
9,12706,2,0,0,-1.2247465527249086,1,0.37358002520190486,1
9,12074,1,1,0,-1.1721712468105316,3,-0.5058842494932354,1
6,6791,3,0,1,0.6338030281605501,3,2.422897686283995,1
6,10216,-1,1,0,-0.5401456164525977,3,-0.045876280893118904,1
4,11641,-1,0,0,-1.3737950145451454,1,-0.18237432677687776,1
10,10265,2,0,0,-1.815280845429169,0,2.1053179418103833,1
6,8773,3,0,0,0.11551105570766329,0,2.1762354202141263,1
4,10908,-1,0,0,2.0802935247116148,3,-1.7906458502074667,1
10,13280,0,1,0,-2.445665731114684,0,-0.5461679732012676,1
12,12847,-1,0,0,-1.7735971215431094,1,-0.6446777216600119,1
8,3933,1,1,0,-0.638989499366549,1,0.3388937154119594,1
4,7087,0,1,0,-0.8514881882114902,1,1.3596312565369402,1
11,11277,1,1,0,-0.6757333773895443,1,2.6328892894918843,1
-1,11252,2,0,0,-0.002884512389133523,2,2.895797015419414,1
6,7744,2,0,0,-0.9872944228666584,0,-0.2169801560627695,1
9,9959,2,1,0,0.10089288831442744,3,2.9606249737717825,1
6,1809,1,1,1,-1.7528086154667486,0,4.117487206301483,1
6,5237,2,0,1,-0.7217943505035506,2,-0.2840441308905396,1
3,11817,0,1,0,-1.0300151285889194,2,1.1066176001351977,1
11,8955,1,0,0,-0.9656172627054604,3,-0.8483405126858854,1
12,13519,2,1,1,-0.1014290938767764,3,0.8807600802855986,1
4,11843,2,0,0,0.27452957778930165,3,-1.0784311015158399,1
12,12275,2,1,0,0.3782872401995043,0,2.3378480381030666,1
9,6814,2,0,0,1.4149960990955595,0,1.765023909656033,1
12,7511,1,0,0,-1.3341055795736942,1,1.9768640658308443,1
3,5534,-1,0,0,-1.8522814179288773,1,-0.5140272351366696,1
10,11112,-1,0,0,-0.8335811006773233,0,-0.35420244750755053,1
6,10345,3,0,1,0.35729076062861254,0,0.7258646951691915,1
7,12785,-1,1,0,-1.6187166508556543,3,2.35247293655446,1
8,8928,-1,2,1,-0.8691537200493766,3,2.0668818227515717,1
3,7469,1,0,1,-1.5819852912927006,1,0.3238583709661745,1
11,11432,-1,0,1,-0.564149557666579,1,-0.898409681847738,1
11,2630,2,0,0,0.018571318865177204,2,1.062273571169829,1
6,12560,2,0,0,2.3482688916857577,1,1.6266974156629388,1
6,10372,0,0,0,1.1302428945043252,2,-1.058703085543472,1
12,11386,-1,1,0,0.1808499436911153,2,0.8370930607813218,1
7,12916,-1,1,0,0.09753596380232021,3,0.03662787613992635,1
2,7317,3,1,0,0.2736856438780305,2,-0.9548391472967759,1
11,9281,2,0,0,-0.40959527791912975,1,0.2566181250401697,1
11,4582,0,0,0,0.36660779201672455,3,0.8153659404243503,1
2,5647,0,0,1,-0.14907084874326637,1,-0.17907530206289513,1
6,12026,2,1,0,0.6940731179705153,1,-0.6247153434662889,1
10,5792,2,1,0,1.4836533831019278,1,-0.11162447279152932,1
3,7044,3,0,1,1.8750133481653588,2,2.3901202480930426,1
8,7777,1,0,0,0.09768140596139466,1,2.9721033556096095,1
8,8746,-2,1,2,1.1284730150512985,1,0.851181069161788,1
8,7362,1,0,0,-1.16041671814436,1,2.2124651222325458,1
11,10344,-1,0,0,0.743170476176733,2,-0.34820544716863816,1
13,6143,-1,1,0,-0.7438404500837537,1,-1.7161314171446265,1
7,12788,1,0,1,3.2652397430877893,1,0.572248041105901,1
6,5600,1,0,1,2.2997613025040198,1,3.9556580647170456,1
5,7079,2,1,0,-0.7306242767362454,1,0.7115819975262976,1
6,8296,3,1,1,0.21262307367476474,0,-0.12978550417068324,1
6,10640,1,0,0,-1.8306431129252356,0,-0.3928410888130687,1
11,7524,1,0,0,-1.575753813152728,1,0.9853667046069585,1
8,8856,2,0,1,1.5379984809032647,1,0.7381726408444869,1
9,7784,1,1,0,-0.7522557258312866,1,0.1516319990999462,1
9,3832,1,1,0,0.45431962158984646,1,0.6496965385842681,1
1,10173,0,1,1,0.4264546514106602,2,0.14160634682647646,1
3,9137,2,0,0,-1.7323616864229416,1,1.812289167449617,1
6,2491,3,0,0,-1.8097446582971959,2,0.41447336318659245,1
7,7096,2,0,0,-1.5463856216594447,0,-0.8120510518824242,1
8,7820,3,0,1,-0.6318380270420283,1,1.5775690390720039,1
8,8513,3,1,0,-1.6112188370733538,1,-0.3680570312210099,1
9,8092,3,0,0,-0.9721459879642238,2,1.4788547170824005,1
6,7337,2,0,0,-1.2023206907002835,1,1.8543794671131146,1
6,8562,3,0,0,-1.4477241861199848,0,2.483742754519847,1
7,9459,3,0,0,-2.2647655732198366,3,0.6459979412515535,1
1,11960,3,0,0,-0.826800581220485,2,-1.0952102306455491,1
10,6216,2,1,0,-0.22714747504571692,1,0.49399559058378856,1
8,5706,2,0,0,-0.7988925268233228,2,2.0717431872818843,1
11,9686,2,1,0,-0.8122122271890968,1,-0.7106266585699066,1
8,12069,-1,0,0,1.4434970846633548,1,1.7468089644003386,1
6,6971,0,1,0,-0.7668625420118592,1,0.3480303690758392,1
10,7361,2,1,0,-0.9366690060987541,1,-1.4134489782664665,1
6,5144,-1,0,0,-0.971436173666706,1,-1.0813453321705537,1
6,5601,1,1,0,-1.23326964666064,1,-2.332381793145776,1
6,9848,2,0,1,-0.3717119425384118,0,-0.16317313639622627,1
8,8565,-1,0,0,-1.484901385086535,3,-0.5667733443566726,1
7,6903,1,0,0,-0.4646690041389364,1,0.12912434578883322,1
2,8771,3,0,0,-0.7478098135891235,0,-0.6809258710560304,1
6,10896,1,0,0,-0.9718051550533949,0,2.2836608944599117,1
4,12279,1,0,0,-0.4819987679624858,1,-0.6322470570059355,1
5,12661,1,1,0,-0.2160161468062346,3,1.1250756995897502,1
6,12510,0,0,0,-0.2208024834391734,3,-0.007832173240008844,1
11,13548,2,1,0,-0.606758947157348,2,0.434320850816053,1
4,13019,-1,1,0,0.09884386897732211,2,0.09362261747390282,1
9,10701,2,0,0,-1.2548361808382733,2,-1.102808684875352,1
13,7433,2,1,0,3.3456685602773666,1,1.0816805816418877,1
5,10090,2,0,0,-0.5856930734022524,1,-0.863877808336633,1
11,10758,2,1,0,0.8812241006512956,3,0.2829789301330172,1
7,4002,3,0,0,-1.323152987870369,3,-0.7282259810726041,1
14,12107,-1,0,0,-0.6932610267672776,2,0.2577886879804958,1
9,8740,1,0,0,0.5096309233910347,2,-0.5448247246224398,1
11,10243,2,1,0,1.254128814188838,0,2.2558833751327114,1
5,13147,0,1,0,-0.6263786911513535,2,0.8153728459842946,1
9,11979,-1,0,0,-0.7013099139509283,1,-0.8665955870374169,1
3,9179,3,0,0,0.19576932946499648,1,0.8996561106645022,1
10,4718,2,1,1,-1.5856464463725692,0,-1.1374620092276007,1
7,9096,1,0,0,-1.272843002311581,2,1.5009072034484634,1
8,6243,1,0,0,0.4165186553956241,3,1.0519104385510858,1
6,4557,0,0,0,1.606562577904648,1,0.5262263267248138,1
6,10390,2,1,1,0.6361127293269506,1,0.4492825904299017,1
7,8517,-1,1,1,-0.20589542946262418,1,-1.0135171404033951,1
4,12784,0,0,0,0.9990894848255569,1,-1.1052800451070455,1
11,8050,2,0,0,-1.0180518037297208,2,-0.9141197960576687,1
7,11572,-1,0,0,-0.6083058940279736,1,-1.5823022048752686,1
9,12255,0,0,0,0.23088748826215466,2,1.5444958519528273,1
8,8174,2,0,0,1.6907816927225738,2,-1.3209386044378573,1
10,7884,-1,1,0,-0.07931362917721152,0,-0.4470043674736293,1
11,12853,2,1,0,-1.2762651827288958,0,0.9965745560678712,1
7,12761,1,0,0,-0.5197414504495991,1,2.0877085614293476,1
3,6243,3,2,0,-0.42147209243164596,1,1.1471960412485542,1
6,12859,2,0,0,-0.4332748418832689,1,-0.2102565713172756,1
7,8237,1,0,0,1.411657897729722,1,0.32822950533752776,1
3,10739,0,1,0,0.8734776975898695,0,-1.3227431487757422,1
12,5124,0,1,0,-1.8012091606946197,0,-0.0339786627782761,1
7,11793,3,1,0,-0.09596649540794222,1,-0.32884170528381224,1
6,10922,1,0,1,0.7375503627756964,3,-1.3374561154840843,1
14,8606,-1,1,0,-1.243328730073324,1,0.6593676901563483,1
4,11614,-1,0,0,-0.23172801385315966,2,1.1858008437029692,1
6,12513,2,1,1,-0.6312420446341381,1,-1.337362742648762,1
10,12240,0,0,0,-0.12393957334116823,1,-2.144273848557194,1
3,10166,3,0,0,-1.125674015762958,0,3.3790662062382593,1
7,6359,1,0,0,0.43744153761952453,1,-0.2268412577182386,1
5,7294,2,0,0,-0.49301307297184355,3,-0.7336980244543956,1
11,9866,-1,0,0,-0.27710566455313745,1,1.017414060041027,1
12,9307,-1,1,0,-0.7243169949005174,2,-1.2356063342700152,1
11,7958,1,1,0,-1.0035358797533172,0,-0.15883396191060933,1
4,6616,-1,1,1,0.6378804763405819,0,0.9976068194343317,1
7,7310,3,1,0,1.2965286498171702,1,1.0800808845266412,1
4,9692,1,1,1,0.34173057049097366,0,-0.7799340128172079,1
10,8682,0,0,0,-1.199010293891078,1,-0.9670650400698717,1
3,11032,2,0,0,-1.2864524138578761,2,-0.9927266201655891,1
10,8532,1,1,0,-0.9675342464667512,3,0.5123530109420311,1
7,4170,3,0,0,-0.13519976298517317,1,0.09326932965484463,1
9,11910,0,1,0,-1.247723782820724,1,2.170070045251787,1
5,4950,1,1,0,0.2677714892486086,2,3.535154247102721,1
7,6514,4,1,0,-0.5525379811881636,2,-1.4712386070238401,1
10,9868,2,1,0,-0.5102546227827166,1,-0.6565782256732822,1
10,9531,2,1,0,0.5016511342563206,2,1.985558852938325,1
13,7832,-1,1,0,-0.39641553201471086,3,0.974541443272638,1
7,10893,2,0,0,-0.5028785578319487,1,1.9567838803247826,1
6,8136,3,0,0,1.542232672529796,2,-0.9953565540459068,1
2,10408,3,1,0,1.9258627863901472,3,-0.1846465688638812,1
6,5453,2,1,0,-1.4505658541123756,1,2.0866439205233145,1
11,12956,-1,0,0,1.1991266985985933,0,2.948950956687582,1
4,9155,0,1,1,-0.18549258640790667,3,-0.7538437871613155,1
8,8603,2,1,0,1.0002237146043644,1,0.3078512581407864,1
8,7277,2,1,0,-0.005409037266613792,3,-0.17524318588081034,1
6,9089,1,1,0,2.008780637100174,2,1.9801555623598084,1
5,11135,0,1,1,-1.2584090792863618,1,0.25335084977870775,1
10,8538,2,0,0,2.494437085356292,0,-0.5871001129344404,1
4,6160,1,1,0,-0.9262458725938227,0,-1.3207066539580217,1
6,8271,2,0,0,-0.12837922739918411,1,0.14702249422556846,1
10,8367,1,0,0,-0.0989266268834732,2,1.257488236079718,1
9,8138,2,1,0,-1.690417274153055,1,-2.283469136636475,1
5,6884,2,1,0,-1.114017702913394,1,2.429703023646229,1
4,12395,3,0,0,1.0665561529926144,2,-0.26351835511437965,1
10,8202,-1,1,0,-0.6143269688982166,2,0.191865339356033,1
-1,9947,2,1,1,-0.046069005050757283,2,1.6589510610717704,1
2,9061,3,1,0,-0.38214028595741084,1,-1.533970879880391,1
4,8802,2,1,0,1.2416354849327276,1,1.6166159596953427,1
9,1372,0,0,0,-0.3383140842195357,3,-0.6162803758335098,1
6,9248,0,0,0,1.6621485946516596,1,-0.35643281637704205,1
4,8371,3,0,0,-0.35280203170843144,0,1.0114428282929806,1
9,8809,1,0,1,0.0011869025840826053,3,1.2904686894807202,1
10,12612,2,1,0,-0.07726044606069637,1,-0.35478878233695627,1
8,10820,2,1,0,-1.0914627784513906,1,0.5182213955699944,1
3,6839,1,0,0,-0.2746733238680198,0,1.5046826428511964,1
7,7841,0,0,0,-0.42438882913628556,1,-0.7456279008395832,1
6,7756,0,1,0,-0.36040248506242334,1,0.18650237924649526,1
9,10779,3,1,0,-1.9381043130129851,1,-0.5476475894648596,1
7,11391,2,1,0,2.41754808158511,3,1.0934730959139076,1
10,4862,0,0,0,-0.010294496013450782,3,-0.6932326076949304,1
7,12447,0,0,1,-1.39614204271117,1,-0.5343916048510406,1
8,10350,2,0,0,-0.694170105488939,2,2.083904655481188,1
12,6900,2,1,0,-0.0031614646793078904,0,2.5048177361103767,1
12,13574,-1,0,1,2.0738118982628952,1,-0.2474910031266374,1
8,12633,1,0,0,0.7713672321094746,2,0.6809257384593308,1
8,12874,1,1,1,-0.3104821191151358,1,-1.0545306169740734,1
11,12166,-1,0,1,1.3913391310343237,0,-1.101111579742502,1
8,7624,2,1,0,1.314659400142796,1,-0.6966897307200678,1
7,7257,1,0,1,-1.0063395000488238,1,-0.3534849104339457,1
9,13218,0,0,0,0.43318581843085435,1,1.6728954436913255,1
11,7428,0,0,0,-0.7781734552258229,0,-0.21777805244000645,1
10,8130,-1,0,0,-1.1102123149232859,1,-1.552212613178705,1
8,12940,2,0,0,-1.4306160796172653,0,2.9495013219777193,1
7,12415,2,0,0,-1.278273752732328,1,1.1093619693421526,1
10,7826,-1,1,1,-1.2982145506114835,1,1.9200074003542182,1
8,8269,-2,0,1,0.38892631225130303,1,2.532352562884162,1
7,4912,3,0,0,3.063938530229484,3,1.7330894786492463,1
10,9798,2,1,1,0.44581959392244713,2,0.5067100208136883,1
12,12483,0,1,0,-1.1944877570606942,1,-1.0093792375228599,1
8,1199,-1,0,0,-0.9765189432326251,1,0.09205233214665665,1
5,7819,3,1,0,0.9196087462822272,1,-0.6177703738235844,1
10,4787,2,0,0,-0.9803158955615201,3,-0.4722981587665117,1
12,7856,2,1,0,-0.4016916589854903,1,0.25653550039558515,1
2,8195,1,0,1,-0.3138188676916826,2,0.8592096611925428,1
5,13375,-1,1,0,-1.203963331960192,2,1.5428329149277975,1
11,8906,2,0,0,-1.176661911012348,1,-0.8705837032914012,1
13,4839,-1,0,0,0.7988258530644715,1,1.830604155562646,1
9,9323,1,0,0,-1.7008382730875788,1,0.23564782176279156,1
6,13140,0,0,0,-0.5887663173314709,2,0.8512704689711827,1
11,10388,1,0,0,-0.6803409363024513,1,1.5646375945885653,1
13,11797,1,1,0,-0.039066240615715286,0,-1.4085620360718376,1
10,11738,0,0,0,-1.2739139225152745,1,4.077402869244173,1
5,12668,0,0,0,0.4161482979733771,2,2.7570154724236815,1
5,13083,3,0,0,-0.831100491452482,3,-0.6906721528777261,1
8,6549,0,0,0,0.567400868082194,1,0.1612229206344677,1
12,3798,2,1,0,-0.9551335579112868,1,0.07051264094299442,1
3,6574,3,0,0,1.817743989152812,1,1.5170808326259055,1
7,10211,-1,0,0,-0.5763966274192153,1,1.9746453081792448,1
1,8996,3,1,0,-0.9176751779118987,2,0.6874672495819022,1
3,12481,2,1,1,-0.5554190024566247,1,-0.5093079277187855,1
7,13087,0,0,0,-1.208551563180641,2,2.7117740707900446,1
11,6936,1,2,0,-0.8599691847399,1,2.3790805236868318,1
7,11184,0,0,0,-1.6539142838282248,2,-0.46209932225438316,1
12,12790,2,0,0,-0.8700564653912403,2,0.19243135664602695,1
5,5385,2,1,1,-1.1445350253756401,2,-1.6251114026542481,1
10,11409,0,1,0,-0.18200696272066164,1,3.339671784814894,1
8,8735,1,0,1,1.6072844303329834,0,0.5448697607238054,1
7,2437,1,1,0,-0.6274463480503089,2,2.778200564818894,1
10,7502,3,0,0,-0.40423138898368915,1,-0.8301507966858477,1
5,10289,2,1,0,-1.7860374255450617,1,3.392406405387206,1
9,12381,2,1,0,2.8090122185785615,1,0.8680162570240237,1
5,8985,1,0,0,1.2247525766201683,1,0.48662290144763554,1
5,11602,2,1,0,0.6108232853046629,3,1.9126106675515928,1
13,12038,1,1,0,1.148290349971886,0,3.0675474504088567,1
6,8115,2,0,1,-0.2316455901674141,0,2.514752194376891,1
7,9683,-1,0,0,0.7543287573011974,0,0.9840772888638007,1
11,7228,3,0,0,-0.45895316069676645,0,3.23553558481212,1
9,7189,0,0,0,-1.1615892732408652,1,-0.22015466659699992,1
5,12921,2,1,0,0.2654796800810305,2,-0.7035052605761181,1
11,11355,0,0,0,-0.14222134314711082,2,0.026071743527201208,1
14,8970,0,0,0,-0.12658863428291942,1,0.7142233149129358,1
10,9850,1,0,0,0.35187421217975307,0,1.405017257295848,1
3,11547,3,0,0,-0.9262016620657179,2,1.1135568412633385,1
6,7241,2,0,1,0.6718894840667379,1,2.208078786641509,1
11,9198,0,0,0,-0.9479243760917873,1,-0.03979973641775825,1
8,3770,-1,0,0,-1.6250214344492742,3,-0.918216083784951,1
10,6406,2,1,0,-0.8925099831289262,2,-0.4591618510842148,1
4,4269,1,1,0,-0.20687516333619382,3,0.22247889362039933,1
5,3815,2,1,0,-1.030452093353749,2,1.1442551985449374,1
6,8505,2,0,0,-1.1835342122549926,1,0.02669574821400128,1
5,10253,3,1,0,-1.1604388616321133,2,-0.813775025417278,1
12,12058,2,1,0,-1.3656192234488747,1,1.9628064943955108,1
10,7941,0,0,0,0.9517074596604869,3,0.3317123117083862,1
2,7106,2,0,1,2.2811761918106113,2,0.5771933070509172,1
12,13246,1,0,1,-0.08961155564125378,1,0.06046092259399205,1
9,6501,-1,0,0,-1.0505754127178206,1,1.545257001853466,1
5,6442,1,1,1,-1.9761460901234877,2,-0.05775063969249994,1
7,6832,2,0,0,-0.5196255706124656,1,-2.776776483829351,1
11,13244,2,1,0,2.4634892297212327,3,2.446455440481606,1
8,12033,2,1,0,-0.5599881945285131,0,3.4844184720677847,1
5,7943,2,0,1,-0.18688632769307678,1,-1.2276955411385688,1
8,11006,-1,1,0,-1.4963544141019018,1,0.3168854476491364,1
7,12449,2,0,0,-0.9279566923758584,0,-0.4039757673985401,1
2,10085,-1,1,0,-0.5876907275475374,0,0.6903971231374044,1
8,139,3,0,0,-1.4973136549061556,0,2.0822488340824914,1
13,13115,-1,1,0,0.5771307488790556,0,0.07731662413113949,1
9,11718,-1,1,0,2.7565682932051527,2,1.1848632761632454,1
5,9036,2,0,0,1.5995177844541817,3,0.0408697830255873,1
4,7070,1,0,0,-1.0217815673073884,2,2.8232945396664957,1
11,9088,0,1,0,0.32369767704035524,1,1.0085356480289074,1
13,8463,0,0,0,2.585362908081674,3,2.63466693203557,1
6,11147,-1,0,0,-0.2998302244232621,1,0.47923841691310054,1
7,11999,2,0,0,-1.5301093737533464,1,1.01076136488035,1
8,6184,2,0,0,0.21815347196535026,0,0.804060127016934,1
5,11754,-1,0,1,-0.36113128408378425,0,-1.5663137207520041,1
6,9319,0,1,0,-1.2791799513237232,2,2.70826827774541,1
9,5478,0,0,0,1.004742210234995,2,1.7108793867711505,1
12,7067,2,1,0,0.34385826992891716,2,2.3819045226459137,1
10,8873,-1,1,0,1.244240984071146,2,-0.30898971618652515,1
13,9800,0,0,1,-0.9459095928499068,1,1.522921316662397,1
3,7163,1,0,0,-0.566916419880598,0,0.20876027068583553,1
5,9500,-1,1,0,-1.7695172985021923,2,-0.7240835419336926,1
12,2245,1,0,0,-1.7830673040395908,2,-0.11568069055543245,1
12,12380,1,0,0,-0.0526006106801567,3,-0.6045299653436332,1
10,11372,-1,1,0,-1.976671392460446,0,1.0354387326313017,1
1,10023,3,1,0,1.0999383935256033,1,0.7339231007537699,1
6,6783,0,0,0,0.9298039227404737,3,1.9323713111077083,1
12,8972,2,0,1,1.5965991391690655,0,0.12580510585518306,1
-2,6797,-1,1,0,0.5328314305162416,1,1.7095510693474631,1
11,13367,2,0,1,1.7944594785090984,1,-0.5424222543944115,1
9,12236,0,1,0,0.4530824367395756,3,2.3200134802404673,1
14,12798,0,1,0,-0.7387084857288272,3,-0.07797555300851677,1
8,7071,2,0,0,-0.9457714770808707,2,-0.5859629732877307,1
8,10730,1,1,0,-2.0542616429948137,2,-1.1038798492986526,1
7,6413,0,0,0,-1.2644027451307371,0,-0.6916941954597884,1
6,5475,2,1,0,-1.9695650451665716,1,0.5888516854055927,1
1,13448,1,0,0,0.9870580931527204,0,-0.5291187244272602,1
11,8385,2,1,1,-0.6314716423855745,2,1.5895658099346326,1
3,4435,0,0,0,-0.0002949727321756926,2,0.837337424412522,1
11,5503,2,0,0,0.5236759974823441,0,3.0315881680384664,1
8,7897,1,0,0,0.23703370027260562,1,-1.1523545483039994,1
4,6733,2,1,1,0.006396616234634056,0,-0.19738840346733189,1
1,12347,2,1,0,0.42033776564069364,3,0.025938658570437922,1
2,6944,0,1,1,-1.1639196969610275,1,0.266275806166239,1
7,11653,2,1,0,-0.7579267760804308,3,-0.955359026819862,1
8,8308,0,0,1,-0.7062083156948862,1,-1.0004729971892343,1
12,13336,1,0,1,-0.6437401930907066,3,0.1689398268463373,1
9,11510,3,0,0,0.40466522902031915,3,-1.279101116196618,1
3,7733,2,1,1,0.23652526366189086,2,1.2143183692201251,1
4,9295,2,1,0,-0.4348502668773938,2,1.5800172523881144,1
13,12719,2,1,0,-0.5258735665633234,2,1.4075735782395582,1
11,12749,-1,0,0,-1.2718097525002923,1,2.3987557927804652,1
11,12032,3,0,1,-0.25364954905786063,0,0.2742501850042741,1
2,12093,2,0,1,1.4171232462112529,1,-0.5352354653540119,1
4,12012,3,1,1,-1.0137207140828952,0,-0.8526278098178075,1
7,8522,0,1,0,-0.7179166677488633,2,2.6945173520053904,1
12,11191,2,1,1,-0.20197699113165785,1,3.00474242262449,1
10,7310,1,1,0,-1.4079794181242744,1,-0.856370654616496,1
6,5628,1,1,0,0.13735112232461202,0,0.08656583178086774,1
10,11479,2,0,0,-0.9135973368960562,0,-1.172615888277831,1
6,4709,2,0,0,0.19761597234463246,2,-0.8843754744674502,1
7,11185,0,1,0,-0.33994889200992096,3,-0.012151667656703558,1
9,3931,2,1,0,-0.6649589941733232,2,-0.6177424541071653,1
11,7591,0,0,0,1.3776732685651578,3,0.5910610698735599,1
5,5458,1,0,0,0.8681827409375592,1,0.3038734896565937,1
4,12143,0,0,0,-1.092423427562787,3,1.8038163051937648,1
1,6471,2,1,0,-0.24124490203431959,1,-0.22422576354007506,1
3,13337,2,0,0,-1.4139864226783667,3,-0.2498929848537529,1
4,9224,1,0,0,-1.1384569234227,1,0.461533170459232,1
10,7080,2,2,0,-1.2389386272377332,2,0.25696834694435267,1
7,9589,2,0,0,-1.551633153429028,3,0.30532387515927417,1
7,4260,1,1,0,-1.4080841478372865,2,0.486811123704666,1
-2,12855,2,0,0,-0.12342708752197151,2,-0.07174247218169083,1
8,9915,0,0,0,-1.3418442195915876,2,2.7787497246939976,1
6,11172,2,0,0,-0.9651253688116082,2,0.5875334423643132,1
8,11850,0,0,0,0.38047589527346976,1,-1.0251730006456505,1
2,6885,1,0,0,-0.9278531756421574,3,2.220525707976445,1
4,7440,1,0,1,0.029801248561019067,1,0.5825755442149327,1
8,12122,3,0,0,-1.343134843965372,3,1.298147413931737,1
8,10537,2,0,0,1.7087696207130358,1,-2.012592144569896,1
14,9806,-1,0,1,-1.5945761914847183,0,-1.6331300523710486,1
4,11254,1,0,0,1.2331249636395576,3,1.372403808345416,1
3,7990,0,1,0,-0.7144607983283796,3,-0.7437597056348637,1
7,10980,2,0,1,-0.7482459236981198,2,0.5523670314820348,1
2,8007,-1,1,0,-1.3351101921642239,1,0.9687363528982018,1
5,7371,2,2,0,-1.772353593112832,3,1.3212377396566226,1
5,6604,2,1,0,-0.28285193284058674,2,-0.45638201627471076,1
10,9184,1,0,1,0.8768382931674857,2,2.38948020209204,1
7,407,1,0,0,-1.6124333891182836,2,-0.08655739583883504,1
5,8469,3,0,0,-0.684802500233264,2,-0.15089091707282354,1
8,10440,2,0,0,-1.4979074359058993,2,1.5240116592764337,1
10,4903,0,1,0,3.2341729415232163,2,-0.23129013257572906,1
4,6313,1,1,0,-0.0013003083591772713,2,-1.2302329266529755,1
6,5542,2,0,0,-0.03790255097178008,2,-0.1590412692017915,1
3,11364,1,0,1,-1.2878995075491606,1,3.4148904932998114,1
10,7867,2,0,0,-0.0744532907587651,2,0.18705693083066194,1
13,7402,2,1,0,-0.7800192512872406,1,1.0052194431233583,1
5,12511,2,0,0,0.7168582137960597,1,0.3419599639969329,1
11,8139,3,0,0,-0.030267185498109472,1,0.9940087915220253,1
8,9452,-1,0,0,-1.1870390624417904,0,0.02688459319543854,1
1,7258,3,0,0,-0.7762727411954926,2,0.3575361002593448,1
11,13566,0,0,0,-1.263648219079899,3,2.7016215732339566,1
3,7948,0,0,0,-1.525635591356016,2,1.2516446476761436,1
12,8959,2,1,1,-0.2827610368284726,1,1.401386161145763,1
8,6225,-1,1,0,-0.14770837249174879,1,1.6293364695715034,1
10,3247,3,1,1,-2.254274881982049,2,-1.1758203978128938,1
5,9536,1,0,0,-0.04892316223568305,0,-0.3022125744670296,1
5,10105,2,1,0,1.3616727515271392,3,0.5356913007921608,1
8,6788,3,0,0,-1.096452265833447,1,0.9912539034889043,1
11,11329,3,1,0,-0.7530752696952839,2,4.5687689003939855,1
13,6827,2,1,0,-1.087734825751523,2,-0.8926369181546623,1
-1,2516,1,1,1,-0.9941792893708811,2,1.0556209443550308,1
8,8060,-1,1,1,0.7640242610634508,1,-1.683874546833218,1
10,9381,1,1,0,-1.7926531129386594,1,0.7418931780391927,1
6,6860,0,1,1,0.23930579693894738,1,-0.19599082417762928,1
12,6853,1,0,1,1.6465498880840577,2,1.3793875203357564,1
13,12047,3,0,1,-0.27270763568350775,1,1.41655962492944,1
1,7934,2,0,0,1.607212467634491,0,1.8757227919822754,1
11,12302,0,1,0,1.9165078533125184,0,0.5777164731795641,1
5,11341,-1,1,0,-0.8180421812134305,2,0.06324071522522123,1
5,6173,-1,0,0,-0.6556147721036707,0,1.2354809046378998,1
9,8564,2,0,1,3.3065082023210235,3,2.7049332876394567,1
5,3450,-1,1,1,0.011865348862865388,1,0.9962134370881612,1
8,4093,-1,1,1,0.5652171859099189,2,1.637725861005165,1
8,9771,2,0,0,1.660545441195617,1,-0.2652722820404604,1
11,13201,0,1,0,-0.9103936758167536,3,0.8399216622654031,1
9,7348,1,0,0,-1.0561781397379528,0,0.35491290716560686,1
7,10728,2,1,1,1.1170969434937947,3,-0.23325769698628074,1
8,10974,-1,1,1,-0.8952293865203017,2,-0.8928734088945536,1
9,10907,2,1,0,-1.2220099481208058,2,-0.674620474401463,1
11,4474,-1,0,0,-1.5868631867995622,1,2.740179740516939,1
3,4228,2,1,0,1.1111570879527186,0,1.2246370392828745,1
8,7773,0,1,0,-2.764912707877406,1,1.0468997173750725,1
11,7785,0,0,0,-0.14228377870155762,2,-0.7129068204473079,1
5,8746,2,1,0,0.5055807731434505,2,-0.24294154996512562,1
10,5878,2,0,0,0.05401371612269268,1,0.5392287894920564,1
6,8573,1,1,0,-0.7169203026060417,0,-0.5881448402860933,1
9,10383,2,1,0,-0.8365849676847132,1,-1.2755190682832318,1
11,10998,1,1,0,-0.43262533529742275,0,-0.9883473609420816,1
4,8176,0,1,0,-0.3786656172065642,1,-0.9726529127952528,1
9,9782,1,1,1,-0.1973564568752732,1,-0.18474530528740887,1
9,10897,0,1,0,-0.5919489217464596,2,2.7136356542699054,1
7,10984,2,0,1,-1.552346461772876,1,-0.6023693799924322,1
8,12174,2,0,0,0.27525664167754504,2,0.20445295752366066,1
2,5041,-1,1,0,-0.22052596319611736,0,-1.7986628362100756,1
10,5218,2,0,0,-1.018587936312541,1,-1.3990166116347191,1
7,9784,3,1,0,-0.9059527819567772,0,0.3766533334610378,1
11,9082,2,1,1,-0.4514016403713379,1,-1.2784945572380637,1
10,11514,1,0,0,-0.6084963596892735,1,0.4666327173977583,1
9,8442,2,0,0,-0.993312905050642,1,-0.1244360034053767,1
11,3046,-1,1,0,-0.34058746691635655,1,0.43585965766385476,1
6,7226,-1,0,1,-1.099617530317075,0,-1.9225069593485344,1
8,3954,0,1,0,0.9729931458302209,0,-0.9285038456906249,1
6,5525,0,0,0,-1.5020412896227873,2,-1.6299786473003959,1
2,11449,2,1,0,-0.2741883048460514,2,-0.11423907667940597,1
6,12099,0,1,1,-1.1326739205216054,3,-2.3391457739072155,1
3,6854,1,1,0,0.8147440871297675,2,-0.7526430095717369,1
8,12160,0,0,0,1.0703066838677178,3,-0.9433791418330524,1
13,7403,-1,0,0,2.0731774836305914,1,1.5306803808345921,1
4,8796,0,0,0,-0.8860737951688241,0,-1.9209202296861292,1
7,12935,1,0,0,1.7494540892300066,0,-1.6410550084185278,1
8,11493,2,1,0,-0.4016487032602579,2,2.007395458609351,1
9,11451,2,0,0,-0.31903050064893357,3,2.4428512877883612,1
7,6276,-1,1,1,-0.6523618594018683,0,-0.46849340910585097,1
7,4309,0,1,0,-1.2260966293507898,2,-0.8609312885903699,1
10,6037,1,1,1,-1.1379552680044949,1,2.685409152649092,1
3,9583,-1,1,0,-0.4525748606526626,0,3.2019495845961954,1
4,10071,-1,0,1,-1.2842919597184093,2,0.10166985529355271,1
10,13614,2,1,1,-0.16523851121557476,2,2.9450442198884463,1
11,3871,2,1,1,-0.9364877244907985,0,-0.7684418848005654,1
13,8763,-1,0,0,-1.4865686413375967,0,3.3404185170304572,1
10,4630,0,0,0,-0.3001052975292498,0,0.0558630623315593,1
4,10370,2,0,0,-1.9875614772563146,2,-0.8270713264416076,1
4,12491,0,0,0,1.0990720016233415,1,-0.4728683543453977,1
8,10384,2,0,0,-0.12815762766314437,0,-0.4008487016073994,1
9,9854,1,0,0,0.7812889397468222,1,-0.39785610320154735,1
12,11737,0,0,0,1.6505145706933946,0,-0.8435851048498719,1
1,10737,1,1,1,-1.2095948205731513,2,-0.6036167062492481,1
13,5368,2,1,0,-1.0918674207156944,2,4.340589450284978,1
10,8711,-1,0,0,-0.8576501771095397,0,1.6747400079633425,1
6,8372,-1,0,1,-2.196700534945804,0,0.681810552125683,1
8,6267,2,1,0,-0.6172161438711758,2,-0.735365957366581,1
6,8431,0,1,0,1.333614377074405,0,-0.3304398270991993,1
9,12149,2,1,1,0.002076676694662938,0,0.1157169158412199,1
13,8704,0,0,0,0.834453016706479,1,-0.05987665202635434,1
9,12715,2,0,1,-0.02672633634522259,2,0.5154622332875429,1
6,5902,2,0,0,-1.1751930898134386,2,1.5790292183261718,1
4,12148,-1,1,1,-1.5905425865080467,3,-1.1955424114606428,1
8,4175,2,1,0,-0.5942057884444911,2,-0.4632762787489326,1
7,8103,1,1,0,-0.04218182788718361,0,0.6759226343038482,1
1,8199,1,0,0,1.8680883218085516,2,-1.654341101940177,1
7,9494,0,0,0,-0.8571638091960518,1,0.4134850405832289,1
10,9066,3,0,0,1.5286342963396118,0,-0.24845441430421972,1
9,11688,3,0,0,-1.4991531463430587,2,-0.6123147640673565,1
5,11912,0,0,1,0.2035680831130392,0,-1.5168701964963465,1
10,8306,2,1,0,1.0272209739565497,3,0.6315267295192273,1
7,10212,2,0,0,-0.10549409171518404,2,0.49438936199165434,1
6,13942,2,1,0,-0.7586965823678372,0,-1.334921005233234,1
8,10599,2,0,0,-0.2254376678509965,1,0.3998463156556503,1
7,8215,2,1,0,2.1503823319093835,2,2.7899323418978503,1
8,8626,1,0,1,-0.6888044328549827,1,0.3399367152137654,1
9,10582,2,0,0,2.8824739224045457,1,1.5266852675818472,1
9,7414,2,0,1,-1.3519838273585316,3,2.7841358411414214,1
5,10795,0,0,0,-0.37768229117353413,1,4.447237754860762,1
10,4140,-1,0,1,-1.756304086873277,2,-0.9795743656050722,1
4,10571,2,0,1,-1.5014997171665452,1,2.2568872427928732,1
11,8146,0,0,1,-0.5783286467171213,2,-0.06743360289626454,1
7,9668,2,1,0,-0.23771222813272136,2,1.541759073075203,1
11,11564,-1,0,0,-0.5324598980861351,0,-0.3617833627796714,1
7,8786,0,1,0,-0.05885333927731584,2,0.4911867542456055,1
12,8012,0,1,0,0.4262298752844841,1,0.7033058202124138,1
11,6110,1,1,0,2.478187283379836,1,0.34415997817818034,1
13,11209,2,1,0,-0.7072633893969796,1,0.8336258949213013,1
7,1615,2,0,0,2.3495171152852157,0,-3.1891901774590017,1
6,4135,2,0,0,-1.3671133109593159,2,2.141111552692364,1
7,11787,2,1,0,-0.6360777202968279,1,2.6668921989942334,1
2,3192,2,0,0,-1.1730532168862302,3,-1.36083432810533,1
9,5704,2,0,0,-0.9216118172625491,1,0.36551550185537107,1
8,7833,3,1,1,-0.22049510620039758,2,-0.16975847595351778,1
11,8317,2,1,1,-0.5117573723518827,2,1.097209957850405,1
5,6589,1,0,0,1.3012187826693922,1,2.6220814623941378,1
-1,10596,1,0,0,-0.336418706090311,2,0.2822235102177881,1
10,6963,2,0,0,-0.6133833490009463,2,-0.7874690600064997,1
8,3926,0,1,0,-1.3676564390494403,2,-1.9852071442764416,1
7,7937,0,1,1,-0.9354960072608526,3,2.348975526994253,1
7,10174,2,1,0,0.5777653268592391,1,1.8209334045102163,1
-1,8720,0,1,0,-1.4857611859959117,1,0.020502638080469426,1
4,9849,0,1,1,0.26369306297478634,2,-1.8640251983390026,1
11,8404,-1,1,1,0.7750935916744024,3,2.224080353252781,1
8,11211,1,1,1,-0.3756584415739124,2,0.5080367249083795,1
3,8616,4,0,0,-1.006893535194215,0,-0.4618839041923874,1
9,8033,0,0,0,-1.079111966922853,2,0.3299598113641305,1
8,11991,2,0,0,-1.9595912611454605,1,-0.3451606275949126,1
10,10582,2,1,1,-0.014219046617319209,0,1.2271823564899924,1
7,13233,0,1,0,0.26193308452581987,2,2.69364994423517,1
11,7243,1,0,1,-2.1852937098120053,0,0.16487456729726857,1
4,11485,-1,0,1,-0.3421002539429599,-1,-0.48495032263844434,1
4,12815,-1,0,0,-0.7104236866436184,3,1.364520492730893,1
7,8873,1,1,0,0.9124064503580936,1,0.8265414386887939,1
8,13260,2,1,0,-1.091967044203893,3,0.42705486487203453,1
11,11722,-1,1,0,1.5006525117269183,0,-1.0345217965884759,1
-2,13273,2,1,1,1.8874429240829889,0,0.17153760134959467,1
8,12762,-1,1,0,0.3098323704869118,1,2.500774241035529,1
12,7693,3,0,0,-0.06054497313212165,0,-1.9288065370607674,1
11,4491,-1,0,1,-0.6055438024256092,1,0.6686502184350476,1
7,13274,1,0,0,-0.789410041606149,0,0.322190104201739,1
5,6171,2,1,1,0.4691979852732098,3,0.0763285246857977,1
0,7735,2,0,0,-1.3156584566611629,2,-0.59608921597308,1
7,7255,-1,0,1,-0.28806142844574295,2,1.23354706570131,1
0,13425,0,1,0,3.1331934076244536,1,1.4379243584846395,1
10,5922,-1,1,0,-1.142824522303199,1,3.859391438718764,1
5,7560,2,0,1,-0.1651614749565259,0,0.27347526581879766,1
10,9389,2,1,0,0.1118933475316195,0,1.1799448852137724,1
13,8645,-1,0,0,-1.288738439444288,2,4.140242963415276,1
5,7777,1,0,0,-0.996651021365978,2,0.3829081058638682,1
12,12277,1,0,0,-0.9927806592703348,1,4.140872959040874,1
11,7610,1,1,0,1.9676254337959473,1,3.166158002877844,1
9,12281,0,0,0,1.602252318126082,3,-1.6438760372467804,1
8,5268,3,0,0,-1.4213129174077404,1,0.21082220533008933,1
4,4816,2,0,0,-1.2049866610962892,3,-1.5329281091351443,1
3,1882,-1,1,0,-1.1720569596802353,2,-0.49182338822316707,1
13,3242,-1,0,0,-0.38135183013665186,1,2.728568508142679,1
9,8373,2,1,2,0.41461458299275344,0,2.443330170404864,1
2,8527,2,1,0,-0.6139490783294248,1,-0.2984474378922929,1
6,6371,3,1,0,-1.5385022357993883,2,0.8201432737491177,1
0,8769,2,1,0,1.3130817584626528,0,2.546663895873553,1
9,8012,2,1,0,-0.7572861041174382,2,-0.160440002971515,1
5,5474,-1,1,1,-0.0707871357679336,1,3.722235971965458,1
-1,7023,2,0,0,-0.9412022668939047,2,-0.19091067666564662,1
11,6339,2,0,0,0.8754496008387282,1,-0.5787801760071984,1
14,6951,2,0,0,-0.29051447447745815,2,0.6095497128989722,1
12,6462,0,0,0,-0.9450760405238703,2,-1.2648585450067584,1
12,8679,1,0,0,-0.45154906958674457,0,-1.449522730179232,1
11,3688,1,0,1,-0.44073332340581334,3,-0.3843758290131594,1
6,11913,1,1,0,0.7886495326555684,3,3.063590226997913,1
2,11054,0,1,1,-0.4886054445626785,1,2.2311078840324177,1
12,9720,0,1,0,1.4141962649193793,3,3.384319749287605,1
7,8063,2,1,0,-2.4506504454060187,1,-1.0773947630049074,1
3,6134,2,0,0,-0.08204458792845293,3,0.724638722249426,1
6,7966,2,0,0,-0.24985240788770108,3,-0.3097455808701568,1
5,3612,0,1,0,-1.1747706278666223,1,3.1983044905426663,1
7,8486,2,0,0,-1.1446230076285895,2,0.9118238747759719,1
5,8758,2,1,0,-0.39527540778019504,2,0.02494454877554486,1
9,11144,2,0,1,-0.8559183962789675,1,-1.2750639860995225,1
7,10403,2,0,1,0.8947990007608393,0,0.009640627517171874,1
9,12602,1,0,0,1.7362523993501229,1,2.120181446032063,1
11,10378,1,0,0,1.4277465612242142,2,3.050699905361828,1
0,6799,2,0,0,-0.976147131940295,2,-0.02405282984195667,1
2,12311,0,0,0,-0.01908460150825053,2,0.2392129335286059,1
5,4139,-1,1,0,-1.6755815990972858,0,-1.0813621547080552,1
9,11731,2,1,1,0.4206885527794477,3,0.40599208992140273,1
-1,7065,0,0,0,-1.3569791741475292,1,-0.656266040044793,1
2,12939,1,0,0,-1.341720732318036,3,0.805737320515028,1
3,11507,-1,0,1,1.09671905816386,3,1.9890271385606222,1
3,1108,1,0,0,-0.49711654925531884,1,-0.6332641877860353,1
9,12149,3,1,0,-1.2590123432750446,3,-0.025247126275579124,1
7,10673,2,1,0,0.6811057357631957,1,-2.184535352888788,1
7,8532,1,1,0,-1.1274798290972659,3,-0.3374855751060823,1
11,12372,2,1,1,3.0799139170779952,0,0.1978060671764744,1
2,5991,-1,0,1,-0.09903852094252458,0,0.006217517003775708,1
9,1421,2,1,0,-0.2789815186406086,1,-0.5707796685532713,1
10,9297,0,0,0,-0.7736501216060672,1,0.3054342018044189,1
5,13007,1,0,0,-0.14771745989409812,2,-1.1380973968177879,1
0,8954,1,1,0,-0.51923216853544,1,2.266881953866793,1
4,13501,2,1,0,4.1553423334803306,3,2.815430632637841,1
9,8681,-1,1,0,-0.7389432953066477,0,0.008469411181975861,1
12,7964,2,1,0,2.0835364639172993,1,-0.3966135767936632,1
5,7698,2,1,0,0.27816124510263407,0,-1.1301126681410094,1
9,10345,2,0,0,3.6740626811365407,2,-0.79219231349248,1
8,9614,-1,1,0,1.4558189969618094,0,1.425518146246455,1
2,12929,-1,0,0,1.5803697793207347,3,1.4007657417235895,1
6,5679,2,0,0,-0.7345302473432809,1,-0.4171805006447851,1
9,6747,1,1,0,1.2882637611355452,1,1.2368685520547336,1
9,11248,2,1,1,1.474115467705387,1,1.3000036986013979,1
6,11198,1,0,0,-0.06310067623546745,1,1.845566675112613,1
5,4240,2,0,0,-1.456705421483437,2,0.13662565660213066,1
13,11878,2,0,0,-0.20435185799602207,0,0.2192621686105058,1
4,4472,1,0,0,-0.8428826883749996,0,3.7180418101063673,1
1,11991,1,1,0,-1.2454138413446243,1,0.10724462743419508,1
4,5312,1,1,0,0.3648799143229511,3,-1.2140875747622786,1
8,12293,-1,1,0,1.3454615988009244,2,-0.024219111976393815,1
9,7785,2,1,0,0.29700790601135385,1,-0.8019880771636687,1
2,8339,2,0,1,-0.6154946232566932,0,1.430706712984182,1
12,6023,3,1,0,-1.42665142334594,2,0.06524408704836165,1
13,10888,2,1,0,-0.7028689669225635,1,0.7778523241946165,1
12,8031,-1,1,0,-1.6086497807401354,2,3.4048676185969873,1
9,8540,3,0,1,-0.9278682713196489,1,2.441944729096353,1
6,6097,-1,1,0,-0.12830768649597302,1,-0.014993300201609994,1
9,5836,-1,0,0,-0.1906034093292327,0,0.10623644407883644,1
9,8241,3,1,0,0.7864995535424667,0,-0.625517170046417,1
10,12984,1,0,0,0.8675093159107509,3,-0.6939132847380931,1
10,12543,-1,1,0,0.767818790212321,1,3.1745524140869126,1
11,11892,2,1,1,1.9948766458455578,0,1.6525890678937878,1
9,4175,2,1,1,-0.014462765434277203,1,0.0728549310634047,1
10,12360,0,0,0,-0.026215079729986712,3,1.11957318161115,1
10,7618,2,0,0,0.5302356609163372,2,1.027092718156506,1
6,12884,3,0,0,0.23566974697179144,1,0.8924778967009177,1
1,4077,-1,1,0,-1.2603121090196596,2,1.781540585382208,1
8,12769,2,0,0,-1.405931821974053,3,-0.3228146043045206,1
13,7203,2,1,0,-1.5761861678080937,1,1.876852325556908,1
12,7484,0,1,0,-0.003934780807190785,1,-1.7632542398235576,1
5,11115,2,0,1,-0.2803596152518385,2,-0.8500728445971839,1
8,9033,1,1,0,-0.42062086128251247,0,1.4737072959271873,1
3,13391,1,1,0,-0.4847090270430984,2,-1.6260100911588686,1
3,7157,2,0,0,2.0807155592607893,1,-1.215547103789674,1
5,10610,-1,0,1,-1.6652643902683777,0,-0.5121150383181383,1
12,11759,0,0,0,-0.8177546173894936,0,-1.6059344869159276,1
12,5321,3,0,0,-0.5305473287615239,1,-0.22439556010651934,1
7,11608,1,1,1,1.9193689491768948,0,-1.3233957346673622,1
-1,5570,3,1,0,1.3820547525388696,2,-0.48866046654125367,1
9,9287,1,0,0,-0.7354695190223798,0,-0.14179471728837623,1
9,7481,3,1,0,-1.4519602311661326,1,2.9453772414487758,1
11,6458,2,0,0,-1.068892691627951,1,-2.1334833478723523,1
12,9001,-1,0,0,0.8452544881232762,2,1.4711374900333631,1
10,8085,2,0,0,-1.1840116442750566,1,0.5182816180990071,1
13,8190,-1,0,0,1.788472278999286,1,2.333932468474015,1
2,10851,2,1,0,-0.8112065161398648,2,-0.03298574782244135,1
12,10902,2,0,0,0.16348544464771964,1,-1.3805865891403133,1
9,12155,3,1,0,-1.6228848934335312,1,1.763174723995093,1
8,12690,2,0,0,-0.6748526043494426,2,0.32347509530355517,1
7,8110,2,0,0,-2.0382277180766892,3,-0.15321678649096948,1
4,8910,1,1,1,2.470047173448284,0,2.334734107470135,1
2,10811,1,1,0,-0.5404252653024216,1,-0.33155742970364604,1
6,11484,0,1,0,2.2295460266735865,2,1.4241192218090832,1
10,10607,2,1,0,-1.4958768257688333,0,-0.8863520523688377,1
7,9730,2,0,1,0.3172297497632708,0,-0.34272553209700773,1
8,6932,2,1,0,-0.5977017053387832,2,-0.08462985549474861,1
3,11268,1,0,1,1.8536085309320551,3,0.7942022674486249,1
3,10768,1,0,0,0.014255763950937528,1,-0.025911535667004854,1
7,11370,-1,1,0,-1.1028416082525432,2,0.3206300244972749,1
10,7721,-1,1,0,0.5473734971091689,3,-0.2374513746252518,1
9,11525,1,1,1,0.12512571230117675,3,0.6077622537766387,1
2,9576,2,1,0,-1.4732432237612336,2,-0.5307896863185058,1
4,4527,1,0,0,-0.6530386165548315,2,-0.8737626215216034,1
11,12063,2,0,1,1.2604482119087606,3,-0.4273747162258344,1
10,8406,3,0,0,-1.0400426564507086,2,-1.5480528819313,1
1,7709,0,0,1,0.9046196341963645,3,-0.04795914836742535,1
7,12090,2,0,0,-0.691201264254873,3,-1.343791711548233,1
7,4698,-2,0,0,-0.6443150802459116,1,2.4343081439646617,1
12,7050,-1,0,0,0.1047020114467998,1,0.9317462805386716,1
10,12184,3,1,1,2.2500084333892736,1,-1.1436378060252563,1
6,10846,2,0,0,-1.5961267122806437,3,1.9271143449571575,1
3,12186,2,1,0,1.763228431259087,2,-0.28796317845760094,1
7,8231,0,1,0,-0.21303811616443774,2,-1.5519864248138575,1
4,7339,0,0,0,0.8894458672880324,2,2.2989507020875832,1
0,13287,3,0,0,-0.7954741004068822,1,0.20720188518104526,1
1,12532,-1,0,0,-0.565470690671582,2,-0.3913860935081428,1
11,12068,0,0,0,-1.594337657839858,2,0.8313108500976683,1
6,6095,1,0,0,0.034486314036092924,2,0.7662252344324247,1
0,8342,0,0,0,-2.224350397311615,2,-0.6377930643316634,1
6,9987,-1,1,0,-1.367489139526458,1,2.880645011874682,1
10,4879,2,0,0,0.7602693146886723,1,-0.8391920408776907,1
0,11075,2,1,0,-1.695189502591825,2,-0.7186523702556269,1
11,7445,2,1,0,-0.23717857553537375,1,0.42141611621895664,1
9,12746,-1,0,1,1.998331602425035,1,-0.14187913060566315,1
12,4294,2,0,0,-0.011511288544778564,0,0.7716642020035709,1
3,12466,2,1,1,0.8167518991442795,2,-0.9742923723966899,1
9,7694,2,0,0,-0.012859704921702408,0,-1.3171148623986826,1
5,8438,0,1,0,-0.06548900200173541,0,0.23121562031572032,1
3,10121,2,0,0,-0.7434309881684777,1,-0.7848458363679127,1
6,5868,3,0,0,-1.5846181152203282,1,0.39946787663879546,1
11,11584,2,1,1,0.42876371794978296,1,-0.37885615779339143,1
3,7232,0,1,0,-0.3814810992882981,0,0.3838079853739188,1
8,3835,1,0,0,-0.9816765283614806,2,-0.24601755180003881,1
9,10131,1,1,0,-0.48456623511349173,1,-1.0521563940787495,1
9,7637,1,0,0,0.34371642438110306,2,-1.1209738535295595,1
8,8372,1,1,0,1.9420824975540034,3,-0.38538050662420353,1
9,7777,1,0,0,-1.1924745345471124,1,0.11373230057742131,1
10,5332,1,0,0,-1.296644178063987,3,1.4002625389841774,1
5,8044,-1,0,0,0.8693947129780544,1,3.302937835634606,1
4,9177,2,1,0,-1.7432075291354467,1,-1.0679681145281201,1
7,7326,1,1,1,-0.06439214558382733,1,1.6362832325375407,1
10,9090,0,0,0,1.3862776055983344,2,3.2575003261982047,1
9,4910,2,0,0,-0.3780512940728132,2,-0.7384656663272388,1
8,11969,2,1,0,-0.9577919210744069,3,0.12435932987328308,1
11,9742,2,0,0,-0.8693237625461003,2,2.497315352585625,1
3,12197,1,0,0,0.7864603552495668,1,-1.7368227552885183,1
5,12167,2,1,0,-0.1998714289089361,2,1.1209754546848536,1
7,7744,0,1,0,-0.775118291500791,3,0.7870959463001679,1
8,9495,1,1,1,0.16034268532635298,1,-0.6161095384704898,1
11,11726,0,2,0,1.4906227859838705,3,-0.9421173672979049,1
8,10970,0,0,1,-0.07369739533189124,2,-0.12572183398378867,1
11,3972,1,0,1,-1.644628341753604,1,1.6084271247516002,1
12,13212,-1,1,0,-0.5282302766719802,1,-0.14564568131171857,1
9,7065,-1,0,1,-0.2995559964139052,2,-0.2806997091216482,1
5,7939,2,0,0,-1.4973624245635584,1,0.36634476445547226,1
9,6592,0,0,0,-0.041225296508340836,2,0.4187609511875045,1
11,8823,1,1,1,0.29247326861868794,1,0.396663271189501,1
1,7112,1,1,0,-0.5197345370477252,2,2.4306248607467396,1
7,13155,0,0,0,1.0476425373002438,1,-0.5323805192406279,1
2,12512,0,0,0,-0.6486442323716243,2,0.3957380428831579,1
6,12835,1,1,0,-0.8365690758625894,2,0.18232060840884529,1
12,4534,0,1,0,0.527072511918239,0,2.232859061357332,1
12,13449,2,1,1,-0.4985161807823529,1,3.7718046198258763,1
12,7507,0,1,0,1.2437386528426977,0,2.276118517148298,1
5,8135,1,1,0,-0.9961904190460646,2,1.18798972699581,1
10,7271,2,1,0,0.5826362671469891,1,-0.9317915005936714,1
7,13276,2,0,0,2.1249797987425962,1,2.1989647385194555,1
8,12025,0,1,1,-0.81292386819423,1,0.8372391307219862,1
5,10220,2,2,0,1.7111530638276793,1,1.4310863775105895,1
12,12176,2,0,0,-1.42863745285857,2,-0.6292714615253963,1
1,13256,1,0,0,0.5262542294396925,1,0.19570243004566057,1
5,7494,1,0,0,0.8323325214243334,0,1.2713824047246183,1
7,3237,2,1,0,-1.3135088282670886,1,0.6995598115052766,1
4,6358,2,0,1,-0.23738396593437475,1,-0.4928365722802321,1
9,8796,1,0,0,-0.3119593551641205,3,0.9884575944004601,1
11,7554,0,0,1,-0.4968411925000768,0,0.11963733027914253,1
11,5286,2,0,0,-0.2499276644183025,2,-1.0240565627832001,1
3,8129,1,0,0,1.4430847533109965,3,1.0205730050854187,1
4,13048,1,0,0,-1.1622529611502164,1,-0.8203762787036333,1
10,11898,-1,1,0,-0.8996210158441936,0,-0.7345435861742378,1
10,4340,2,1,0,-0.28918755943446334,0,2.1560676225843074,1
13,4750,0,0,0,-0.7381961177522585,1,1.3916563283898147,1
11,12718,2,0,0,-0.0912919871179042,1,0.0018934749458482947,1
7,8265,1,1,0,1.3332270668868713,3,0.08331533695905967,1
11,6740,1,0,0,-0.17601023741599386,0,0.5965461465181086,1
10,5001,1,0,1,1.8242814653524353,3,4.271838760549573,1
9,8238,2,0,1,-2.348776111541061,1,1.6249186150167696,1
10,7982,-1,0,0,-0.7138640279747889,2,3.2404694364953546,1
7,7967,2,0,0,-0.37487292964807145,0,1.0833906763640386,1
1,9001,-1,1,0,-0.5265993998380779,1,2.6943163496011566,1
8,8468,1,0,1,-1.2866550356723678,0,2.8294227662785243,1
6,11496,1,1,1,-1.0992716030083023,2,-0.6078533034773308,1
8,3528,-1,0,0,-0.8237371589583824,0,0.37017516408142265,1
1,13546,2,1,0,-0.24257905957985604,3,0.05267301315887592,1
11,9136,-2,1,1,-0.7317779839441756,2,1.1040697751436301,1
5,10875,2,0,1,-1.1754960933231442,1,-0.9527054135333441,1
11,8716,2,0,0,1.157492987211013,2,2.9913109410738112,1
-1,6737,0,1,0,-0.08290784591258904,0,2.154310285248926,1
9,12873,0,1,0,0.5733547034505264,0,0.4420049940604029,1
11,12644,1,0,0,-0.44957800093781214,0,0.11420859993735016,1
9,6231,1,0,0,-1.727975376859889,2,-0.24356328068723512,1
5,10289,2,1,1,-1.6317549685005568,2,-1.6811189835780556,1
14,10467,1,1,0,-1.2182075108078485,0,-0.050422618938122776,1
10,10670,1,0,1,0.3995479893241113,0,2.1282647387117413,1
8,4471,2,0,0,-0.7507038125431564,1,-2.430587681114697,1
7,13599,1,1,0,2.206255410647606,2,0.788991080455868,1
10,6714,2,0,0,1.9340520664538818,1,0.4704947508346682,1
8,12482,1,1,0,0.7502575712043317,3,-0.0830008175964646,1
7,12442,0,0,0,2.149816820876945,1,2.56805183443946,1
11,7473,2,0,0,-0.1975970746935266,1,0.7310853154182657,1
5,12510,0,0,0,-0.6680518163063548,2,0.22522757794568676,1
8,12991,1,0,0,0.41866154530466176,1,-1.7601596435724933,1
12,10595,2,0,0,-0.8064017057566807,1,3.337796837621468,1
1,7623,0,0,1,0.271408851098978,2,1.1609055753063409,1
4,12251,3,0,0,-0.47450532009375446,0,0.33183358625809894,1
1,11342,2,0,0,-0.8602993178053945,2,0.3496149668264328,1
9,7966,0,0,0,-0.7064290557094012,1,0.6502725840169485,1
4,6802,2,0,1,-0.18672777176943012,0,-0.41095183573001764,1
10,11681,2,0,0,0.6633003423488008,2,-1.2867922742255677,1
9,9990,0,0,0,0.17745775545966416,0,0.13834028297966033,1
6,11658,0,0,0,1.3375745896717253,2,-0.9769303167570091,1
11,12229,2,0,0,-0.15713043300354135,2,-1.8879591597625718,1
9,5849,2,0,0,-0.9875824182015023,1,1.3443135435505809,1
6,11831,2,1,0,-0.5759024018526352,3,0.4228499090610238,1
9,6110,3,0,1,-0.08154018922443043,2,-0.6065299606222462,1
11,6974,1,1,1,-1.171244102276534,1,0.3780335570581348,1
7,8050,-1,0,0,-1.6531576161794952,2,0.28676987137828075,1
12,6113,-1,1,0,-1.108053061016657,2,-0.579015833196582,1
7,10459,2,1,0,1.6783559315139578,3,-2.634710949355945,1
13,12224,0,1,1,-0.28534603708814943,1,0.6147778343004403,1
11,8048,1,1,1,-0.16673154761474626,3,0.574619562499807,1
9,12884,-1,0,1,-0.9145025495577336,2,1.5420018714556352,1
11,13354,3,0,0,-1.4368318809113925,0,-1.4413715420877349,1
10,13405,2,0,0,-0.12748162602303614,3,1.053018924784204,1
7,5995,0,1,0,-0.8564185869471197,3,1.681335639732802,1
8,11041,2,0,0,0.4374512876975274,3,-0.9689905081390642,1
6,6381,2,0,0,-0.7407967642391202,2,0.6492318468708094,1
3,11515,0,0,0,-1.6586156494617992,1,0.8267340936289143,1
12,5558,1,0,1,-0.01847388659968663,2,1.3590063230646068,1
7,12819,-1,1,0,1.2842963685025317,2,2.8446669858275726,1
8,3447,2,0,1,1.148855479417933,2,-0.8096455580691908,1
7,8706,1,0,0,-1.9358977635491619,0,1.2730174775554803,1
12,8059,2,1,0,-0.3756678854846007,2,0.5633048389050923,1
10,7696,0,0,0,-0.4023832025518598,3,-0.9338456961458734,1
12,8021,3,0,1,0.04783286445551471,1,1.3454520353619122,1
6,8924,-1,1,1,-0.9295938105762747,1,1.3743634922218781,1
10,4703,0,0,0,-0.22605322121308424,2,1.3201065057442736,1
8,6474,2,0,0,0.6057211908534709,2,1.7352525670780254,1
9,5247,2,1,0,0.5237322849577668,2,-0.10729244442163094,1
11,8729,2,1,0,-0.7705340138636866,0,-0.22612781848316926,1
8,8633,2,0,0,-1.2462887777542855,0,1.7916708656534637,1
5,11334,1,1,1,-1.0246528808869664,1,-0.3125373421152524,1
13,6875,2,0,1,-0.051665514607852736,1,3.0796725423853726,1
1,6136,2,0,0,1.594136326084957,1,2.068798248436831,1
3,5168,-1,0,0,0.010155787315891618,1,0.5596192916298465,1
13,9319,3,1,0,1.124953452967832,1,0.09744074210056569,1
3,7281,1,0,1,-0.4828983672906352,1,0.20985888815711196,1
11,7876,0,1,1,0.6852696746094054,0,2.3689065359749124,1
11,11716,-1,0,0,0.9748530796716792,2,0.3459901233588449,1
5,5274,2,1,0,-0.7716274549343262,1,-0.04252658706415352,1
11,11214,2,0,0,-0.7879239217680756,3,-1.7718824143267764,1
2,10025,-1,0,0,-0.9961011643204978,1,1.1595080334747665,1
9,11021,3,1,0,-0.3269522948955482,2,0.919744864205952,1
10,10547,0,1,0,1.1799657273188136,3,0.6233031720197126,1
6,8166,-1,1,1,-0.3844207296551515,0,-1.085582923395286,1
9,10042,2,0,0,-0.5566807512593496,3,2.0374943411284123,1
8,8352,2,1,0,1.7076741952072663,0,-0.7846511333689602,1
8,12699,4,1,0,-0.5348396366454167,2,2.158395192629622,1
3,5335,2,1,0,0.5783118403406072,2,0.9316791949664218,1
5,205,2,1,0,0.20608756404060513,2,1.1872886936723879,1
7,6974,1,0,0,-0.7247651572487385,2,-0.9418998621914496,1
6,10663,2,0,0,2.145324785874336,1,3.0123960997079,1
10,12295,2,0,0,-1.0214710358483519,3,-0.464957147855325,1
10,6115,1,1,0,1.0350744142913675,1,2.1531697978778905,1
6,10967,2,1,0,-1.662049487649027,0,0.4941377743248115,1
9,6882,2,1,0,-0.44727793177737063,1,1.5093308881953063,1
9,9990,2,0,0,-0.43497798505331875,2,2.2566322945251835,1
6,8009,0,0,0,-1.68599241327781,3,-0.9311998376865611,1
11,4305,-1,1,0,-0.5554158083342887,3,-0.6765786936548157,1
7,12829,1,0,0,-1.6868483832904273,3,0.669238735568813,1
8,12835,3,1,1,-0.08272873038193151,2,-0.08125022552540057,1
3,9252,2,0,0,0.5833079763564586,1,3.3065128638616423,1
12,1689,1,0,1,-1.0006823858562517,1,0.05519965527680369,1
3,4554,2,0,0,-0.918739006291145,0,0.035770638410586586,1
7,3264,3,1,0,-1.1294968350308054,0,1.714134364880829,1
10,10887,2,0,0,2.4897430276154697,1,-0.4390122954718553,1
1,5602,2,0,0,-1.2473595372756021,0,-0.08341560528698574,1
2,11652,0,1,0,-1.2746881408265407,2,-0.9310095699894831,1
2,7307,1,1,0,0.10442430683220627,2,-0.9434691242588842,1
5,12553,-1,1,0,-1.4016546813363777,0,0.9421135881981071,1
3,5067,1,1,0,0.2784919714795191,3,1.6552954332717542,1
8,12535,-1,0,0,-0.699813212002799,1,-0.6359479373399604,1
8,10279,3,0,0,-0.3893384514005192,1,2.0258234017411136,1
13,5617,0,1,1,-0.3019273724652858,0,-0.052545720240055604,1
13,8440,2,0,0,-2.758077990224634,2,1.599049585281864,1
7,7363,-1,0,0,-1.5576473483813271,0,0.6037169418104074,1
10,8570,1,1,1,3.02465868122021,0,2.593346595602914,1
6,11656,2,0,1,-1.052541517688365,3,1.991503993311623,1
12,10613,2,1,0,-1.5848625887593593,0,-0.18013215723906884,1
4,7621,1,1,1,-0.7907599086086373,0,-0.9136344066174056,1
6,8161,4,0,1,-0.2586187428097592,3,-0.9290503788440951,1
7,11791,1,0,0,0.9998816172903846,1,-1.455325506134907,1
12,9907,-1,0,0,-0.11737051932724502,1,2.022140969606532,1
6,10976,1,1,0,-1.868054243395604,1,-1.5330249394592081,1
12,9217,-1,0,0,-1.0421072599079468,3,2.349276048937862,1
7,8937,-1,0,0,-0.5280190921039951,0,-1.3965759330102663,1
5,8659,0,1,0,1.3868022868868652,0,1.4734521154745344,1
11,7549,2,0,0,-0.23694281912730583,2,0.7703688305680838,1
0,5974,3,1,0,0.5965516656891866,0,0.08582215892549033,1
9,5647,1,1,0,-1.4706592655882536,1,-1.4797399886512006,1
5,8501,-1,0,0,-1.6148723372740237,0,3.415480144377958,1
7,6681,4,0,0,0.05813572391445546,2,-0.7389155982573035,1
11,8901,0,0,1,0.3945465018360811,1,0.014390944555212323,1
13,11340,0,1,0,-0.24925945858640416,1,2.4891908390756945,1
8,2907,0,1,0,-1.2041642462753035,0,2.4590358968952484,1
9,7823,2,1,0,-1.2630083810263024,2,-0.8418193120443132,1
8,5544,1,0,0,-0.28681777612980935,1,-2.366675337258255,1
13,5552,-1,0,0,-0.357020239039469,1,-0.6631749228216697,1
8,9805,1,0,0,-1.5868770465526274,0,2.4760049567886897,1
14,5022,0,1,0,0.8676605586991913,0,-0.6286265459072022,1
12,7984,2,1,0,-1.0127299501560678,1,0.8167344175298543,1
3,9916,-1,1,0,-1.8170386711006445,2,-0.7327293537762297,1
6,3671,0,0,0,-0.06391879876743878,1,0.8219590672991268,1
1,3455,-1,0,1,-1.5277187226625926,3,-0.24735353730065748,1
13,10513,-1,0,0,-0.43519506898699384,0,2.2450600910449348,1
6,6094,2,0,0,-0.7215659538148397,1,0.2910712685525647,1
11,12239,1,1,0,0.13146363951967768,1,-0.6632011683453398,1
7,6942,2,0,0,-0.746022970409022,1,-0.8122714883841884,1
8,8566,2,0,1,0.9905800946634764,1,-1.5298347830067907,1
6,12463,-1,0,0,-0.18468391414776886,0,1.4515636289432305,1
3,6717,1,0,0,-1.173693422848309,2,-0.7269465717215089,1
6,5775,-1,0,0,-0.34463568995412797,0,-1.0813819347977538,1
6,3222,2,1,0,-0.7075437367705423,2,-1.0775446631582024,1
5,11572,1,1,0,0.6999419030461448,1,1.953043522983391,1
3,7493,2,0,0,-1.2599841933283282,1,0.4807357009463532,1
6,8462,-1,1,0,-0.10817518847204588,1,0.30452462341448294,1
4,6488,0,0,1,-0.7685209248064752,1,1.7819430988157072,1
8,11222,2,0,0,-0.7006894245494986,2,-0.452325240729577,1
1,10851,2,0,0,0.60987254666258,2,-0.14534368304578577,1
6,8579,2,1,0,-0.5677355975507067,2,2.072030465945839,1
6,5513,-1,0,0,-1.0238801736014103,2,0.10433543121166775,1
9,9117,2,0,0,1.1898673218027764,1,3.421181855451014,1
6,13174,1,0,0,1.723946129194438,1,3.263313521908303,1
8,8244,0,0,0,-1.533071202416299,0,-0.11132819723448964,1
4,11386,3,0,0,-1.4642547049593944,1,0.7085248354631466,1
7,12727,2,1,0,-0.20300370477433013,2,0.5567642001089703,1
7,7553,0,0,0,-0.8512483259060918,2,3.8332803998627254,1
6,7868,1,1,0,-0.7170830600118602,2,-0.14643614535703842,1
11,8759,1,1,0,-0.10374407417954493,0,0.9121627203296596,1
9,6894,0,1,0,1.172326040683751,2,-0.1489886634537147,1
12,5511,-1,0,0,-1.6520040262063183,0,0.381151153689117,1
9,9472,-1,0,0,1.7696098095114832,2,-0.07817424185750116,1
10,8918,-1,0,1,-1.256592774278459,0,1.2975346708595874,1
9,4390,2,0,1,2.2216447898232126,1,1.5931432837470545,1
10,11882,2,1,1,-1.2591054537213893,1,1.557098124951219,1
11,6685,1,0,1,-1.1886526294828625,0,3.2237219135252007,1
11,13199,0,1,0,-0.8389679073339122,1,-2.610090197943147,1
6,12991,2,0,0,0.8805675574152969,2,-0.4193013746397684,1
9,8206,2,0,1,-0.1902512232037631,3,-0.9822177423118139,1
12,10642,0,0,0,-0.8457360780633952,2,-0.002162949630769073,1
7,9547,3,1,0,-1.2929521821004448,2,1.4851042277337494,1
8,6912,2,0,0,-0.5086515908938222,2,-1.5828188755971622,1
5,7121,2,1,0,0.19393324477301688,3,0.024877041569327865,1
10,10558,0,1,0,-0.28481066230103674,2,0.513872181737116,1
8,5158,2,1,0,-0.2044676043887868,2,1.502709669150093,1
11,13267,0,0,0,-0.58579817435865,1,1.2888027150263996,1
10,11376,2,0,0,-0.4119310110409711,1,0.9439061029105746,1
7,7791,1,0,0,-0.43166150279866167,1,0.838208772530351,1
7,4491,2,0,0,0.004699672629775109,1,-1.3785778249214247,1
6,12380,2,1,0,2.532660703233454,0,0.8040394255736028,1
12,10176,2,1,0,-0.2935205299001561,0,1.31883719129377,1
6,9154,0,0,0,0.5231620313516032,1,2.937247639930485,1
11,5415,0,0,0,-1.4907827933696642,1,3.7852255080697264,1
8,7610,0,0,0,-1.3866215386506977,0,1.665715093311672,1
10,12367,1,1,0,1.351774127965797,2,-0.8957253562235815,1
5,10808,3,1,1,0.28264690216126864,1,-0.061026459055628646,1
2,7614,0,1,0,-1.5620537077693855,2,-1.1649432899214585,1
11,10452,0,0,1,0.07893271846468586,0,-0.20131292528886524,1
7,6953,0,0,0,-1.4538937579780846,1,-0.16824579414919616,1
11,13408,2,0,0,-2.0162458048575393,1,0.22293279650742587,1
11,13494,2,0,1,1.144852038533672,1,0.90005723850959,1
9,10892,0,1,0,-0.16321073959291865,1,0.8463281612167124,1
9,9816,2,0,0,0.36494740060193304,2,-0.09829620419681354,1
5,8432,2,1,0,1.9553491580465532,1,-1.0799053659491231,1
9,9948,2,0,0,1.8760327277996027,2,-1.1993903059446813,1
9,7313,2,1,0,-0.9654982564047045,1,2.061879098867509,1
-1,9036,3,1,0,-1.0348856828932123,1,-0.2209265822040496,1
10,13589,1,1,1,-0.5719708953200667,3,-0.05969003058719974,1
3,9956,3,1,0,0.1503027657754139,2,1.000454310427767,1
4,12433,0,0,0,-0.2596149365834673,2,3.2273029098805592,1
6,12947,2,1,1,-0.7474301521798253,1,-1.4225145651865512,1
10,9268,2,0,0,1.423673399054963,1,-0.4457371324037048,1
5,10676,3,1,0,1.3171477795151456,1,1.361177449381786,1
1,11190,-1,1,0,0.9854612993514542,1,-1.869133400948871,1
6,7855,1,0,0,-0.19394857285559725,1,2.6154705957099162,1
4,7970,1,1,0,-1.462989194874999,0,-1.2127353321424368,1
5,7437,0,0,0,-1.4503076580963874,3,-0.3964325822508869,1
10,8780,-1,0,0,2.403473103991744,0,1.1394981526632217,1
10,5662,2,0,0,-1.6437949882535632,1,-2.272772394100802,1
10,6520,0,0,0,-0.20204446624526506,2,1.5033472293783388,1
3,11938,-1,0,1,0.030590108190373,0,-1.768445642806391,1
3,7005,1,1,0,-1.0925527490317375,1,-0.9357005476764912,1
6,11636,0,1,0,-1.3390612228595498,1,2.335450567579599,1
9,6729,2,0,0,-0.09653513856032114,2,0.06888285334862138,1
4,9615,4,0,1,-0.6463969065741196,1,0.8760387386362075,1
4,9955,2,0,0,-0.8510820088693085,1,-1.496185390676051,1
10,11975,2,1,1,-0.9025234723534099,1,-0.9286822646892363,1
14,10494,1,0,0,-0.5595800481232529,1,-0.7066181422756916,1
7,4381,0,1,0,-0.8716390707686876,3,0.5573490416573971,1
8,8224,2,0,1,-1.4876874018443784,1,-1.3170604524208935,1
6,9009,2,0,1,0.9484679594076593,1,0.3080213254528941,1
8,12763,-1,0,0,-0.5135821034585102,1,-0.11573330032487,1
6,11059,1,0,0,-0.7668879168229223,3,-0.32307064490761633,1
12,12342,3,1,0,1.008116374275154,3,2.984692644853167,1
6,13197,1,1,1,2.035711587302581,2,0.21235499086033366,1
9,7501,1,1,0,1.8766316003851404,3,-1.2592251734842501,1
13,11670,2,0,0,-1.3185214335471676,3,0.5905228493618151,1
3,11653,1,0,1,-0.27200003276432405,2,0.7153610744525718,1
2,10140,2,0,0,-1.6413151733731124,1,0.24820167852335578,1
6,9435,2,1,0,-0.1373903855345079,0,-0.9699470975285036,1
8,12103,3,1,0,-1.1613715292256033,3,3.6626898071774576,1
9,11210,-2,1,0,-0.6200246715192201,1,-0.854014437363442,1
11,11365,1,1,0,-1.4959582127398403,3,-0.43654873595722626,1
9,9617,2,0,0,-1.6973575149999989,1,2.62297918825623,1
12,12269,2,1,0,-0.4787234145749755,2,-0.206351740460178,1
12,10981,3,0,0,2.8373926519458554,1,-0.716694603065881,1
6,10881,2,0,0,-0.3538403896411846,3,-0.6326204185840673,1
1,6324,0,1,0,-0.14713538112160313,1,-0.8521875831040111,1
10,8518,4,0,0,0.873854069535346,1,3.2897635504529923,1
7,6614,0,0,1,-0.40499348168415905,0,0.21457057048535494,1
4,11453,1,0,1,-0.45427865286253793,0,1.0830782261772778,1
8,10096,1,0,0,2.3639103359292255,3,-0.8668183159068634,1
1,3992,1,1,0,-0.8842018166791534,3,-1.6729658349685301,1
12,10483,2,0,1,1.4437396471900623,1,0.24289343331614677,1
7,5928,0,0,0,-0.20606560048927863,2,3.1759274708521446,1
6,10745,3,1,0,-0.8749770764240242,1,0.08746069294136638,1
-3,7351,2,0,0,0.5373414818477713,0,-0.5554487066774703,1
5,7082,3,1,0,-0.9104342749480892,0,-0.7649843300138424,1
12,12159,0,0,1,-0.03343255364160391,1,-2.224621811217747,1
8,11623,2,1,1,0.07576534805459367,0,1.5965917823715192,1
5,3801,2,0,0,-1.094942670661804,1,0.13048372648251688,1
9,4834,0,1,0,0.5593746344323809,1,0.8180560379428867,1
10,12524,2,0,0,0.20392421224114032,1,-0.10685229526260243,1
2,7094,-1,0,0,1.42951543219892,2,0.24223240342327745,1
11,4603,-1,0,0,-0.4688022607448557,0,0.2973454463323903,1
10,8548,1,0,0,1.2813773532937882,1,0.3433237446605316,1
11,3874,2,1,0,-1.3360334131826717,0,0.5588204836950184,1
7,6578,1,0,0,1.1885803944407356,0,-1.8958477764512287,1
13,5856,0,0,1,1.5206206550407235,1,3.4772984949804506,1
10,6161,2,1,1,-0.2614678181242195,1,1.3749296321588331,1
5,9731,2,1,0,0.9882269195265427,2,0.24658362755051438,1
12,9149,1,1,0,0.7869827402057052,0,3.4055276935893257,1
12,8011,0,0,0,0.3604699466175768,3,0.98613599472824,1
8,6428,2,0,0,-1.6393312098885202,2,0.5290447616999845,1
2,11821,1,0,1,1.5676266766992473,2,1.913541985616512,1
8,11793,2,0,0,0.6278852003142487,2,1.5796951823432543,1
8,11195,2,0,0,-1.511000101707273,2,0.04502264543669421,1
13,12751,2,0,0,-0.5417881209386272,3,1.29298116333167,1
8,8316,1,0,0,3.699538478890527,1,2.515980673910552,1
2,7135,0,1,0,-1.197785971780828,1,2.4797756202620995,1
8,11598,2,0,1,-1.890632309401466,3,0.22777998388037002,1
7,10981,2,0,0,-1.2267016636808035,1,0.9754175645102078,1
5,6645,2,0,0,-1.605410207133771,2,1.2577254020390467,1
9,1122,2,0,1,-0.41636684845646055,2,-0.661688850372641,1
3,11303,-1,2,0,0.05946409006777642,3,0.24659029726054787,1
8,6448,3,0,0,3.6794362897285655,1,-0.8825135396013706,1
6,12495,2,1,0,-1.293099937000056,1,0.5288407409574112,1
11,8326,2,1,1,1.4193003644942097,2,0.8022156172779469,1
6,12129,1,1,1,0.06237477982614329,3,0.46925284301228487,1
10,12887,2,1,0,-0.8428555159643848,3,2.0012373647635644,1
8,8913,2,0,0,-0.6958765341149985,1,2.4900549843815774,1
10,9945,1,1,0,-1.2619004617679392,0,0.6131518769996992,1
10,11065,-1,0,0,-0.17734378866016562,0,1.470933086078626,1
6,5019,-1,1,0,-0.9152051985124643,3,-0.0943807906025142,1
-1,7213,1,0,0,-0.5747318495532022,0,-0.5548104438640182,1
7,5426,0,1,0,-1.0570047967383682,3,3.9779779097382493,1
8,12929,2,1,0,-1.010102814068048,0,-0.5223740605615521,1
6,13409,1,0,0,2.090294467938263,1,-0.5440480265484099,1
8,7638,2,1,0,0.4419735271262517,1,-0.846428978006718,1
13,6613,2,1,0,0.7689312508248611,3,-1.452335243722884,1
4,10013,2,1,0,0.1642834225356692,1,-1.0885462351443742,1
6,6445,0,1,0,-0.6815950258161696,1,1.6280606890417466,1
10,8937,1,0,0,-1.0470296606281797,1,0.2774014622370456,1
0,5821,0,1,0,-0.6683508874266361,0,-1.4477661935643196,1
12,7947,3,1,0,0.17604592401962038,2,-0.7323499817035912,1
10,7376,-1,0,1,-0.9668368512601972,0,1.1449766750106638,1
10,5998,3,0,0,2.079414240640549,2,0.07453282159144553,1
10,10274,0,1,1,-1.0690370206354354,3,0.45082623807545014,1
12,12930,1,1,0,1.1065077303320625,0,-1.1115573797184415,1
6,7193,2,1,0,-1.1072518747426545,0,-0.868152774945337,1
10,1532,2,0,0,-1.7695761030416413,1,1.886430569091254,1
3,6769,2,1,0,-0.8495133557648615,1,1.152770494358844,1
11,12169,3,1,0,2.1341561882892113,0,1.132467120970132,1
8,7185,1,0,0,0.301437089965817,3,-0.03440611635422866,1
7,12849,3,1,0,-0.5869046945783482,0,-0.4471849377353631,1
6,10973,1,0,0,-1.038177324173915,2,-0.25708591096732225,1
7,10390,1,1,0,-0.6447354651472865,2,-1.8144435335584184,1
9,12218,1,1,0,3.011273066699547,3,2.0075270531662524,1
8,8290,-1,1,0,-0.9311718443084823,2,-1.3763046590864176,1
9,11772,2,0,1,2.0809227061591185,2,0.25289446466931453,1
8,7329,-1,1,0,1.5998116059757592,2,2.514289067619157,1
6,7813,2,1,0,0.04815459629602492,1,0.22881472756272947,1
10,7174,2,1,0,-2.002853888211784,1,0.33440126951143795,1
11,9086,-1,0,0,-0.30202772594048455,1,0.9911799985196559,1
9,10670,2,0,0,0.9289529211942126,1,-2.282377523899728,1
13,5799,-1,0,0,-0.5276542958156235,2,0.12286826190696981,1
10,7296,2,1,0,-1.3124789420982752,2,0.6465158626531484,1
11,8085,2,1,1,0.16924913000748518,3,-0.1953002506732754,1
5,5681,2,1,0,-1.4474656461898816,0,-1.086892766306822,1
6,6179,3,1,0,0.43105721570067834,2,0.04141388524019873,1
10,5364,-1,0,0,0.26003196345702306,1,1.4359889338209393,1
3,6280,1,0,0,0.16714489885640738,1,-0.4438830774251816,1
12,8018,2,0,0,-0.10322812629768247,0,-1.2550068688669442,1
5,6922,2,0,0,0.9083879599440005,1,2.6956637100933496,1
5,13252,1,0,0,-0.29073323452724964,2,0.11041121654979927,1
11,10858,-1,1,1,-0.013773241928498048,1,0.6555377630628431,1
13,12856,1,0,0,-1.0704477582424636,1,0.3778523913733499,1
2,10554,2,0,0,-0.5371336772358576,0,1.4904592651529405,1
4,8204,1,0,1,-0.15789927697633488,0,-1.9411924226106516,1
3,4423,2,1,0,-1.1857936646306402,1,0.9645413107842682,1
6,11602,-1,0,1,0.5112942039599344,0,-0.030495283266272377,1
0,5007,-1,0,1,-2.1773522518562864,1,-1.909193533098014,1
9,6147,2,1,1,-0.4945209099417735,1,-1.276477979073312,1
9,5282,1,0,0,0.5310843644782017,2,2.1859468779811437,1
0,7533,3,1,0,-1.4661778329378432,3,-1.4395998387713014,1
5,9690,2,1,0,-0.4039330974500951,0,1.5312659247809801,1
5,11262,0,0,0,3.2292025062101497,2,2.1795340644186028,1
4,12728,0,0,1,0.5331340557809979,3,0.25999139776046787,1
5,5606,2,0,0,1.8592217602435541,0,-1.675119440795988,1
7,6057,-1,0,0,-0.164946570627512,1,-0.051177119719950676,1
7,3032,4,1,0,-0.8803251389728779,1,0.008636991266674665,1
7,11142,2,0,0,0.7952292514141461,2,-0.13326825058500896,1
7,9404,0,1,0,-0.9613513366696983,1,0.19335510354760066,1
7,9489,3,0,0,0.4403385973078985,1,1.5761678693021466,1
5,11621,-1,1,0,-0.06642374741572304,1,-1.101957691774998,1
10,6487,0,1,0,-0.27025070787884753,1,-1.11660298950715,1
10,13710,3,0,0,1.4423273043235534,2,0.16000460567523533,1
8,6490,0,0,0,-1.3294049349025059,0,1.201636685889993,1
8,3943,-2,2,0,-0.0394032600236065,1,0.8569461590047576,1
5,7345,2,1,0,-1.5280124869023743,1,-0.7033728835799327,1
7,8411,2,0,1,1.338533570786306,2,-0.9432770797585872,1
9,10813,2,1,0,0.4586766840344919,1,0.039202953918880956,1
10,13191,-1,1,1,-0.8277246884214776,2,-0.34372665286351745,1
7,12629,2,0,0,-2.1245627212510283,2,0.8322123467189324,1
9,7913,2,1,1,3.2609722989328422,1,1.3635213783687132,1
9,10297,1,0,0,-0.14288280767780093,2,-1.7003779946148783,1
9,9819,-1,0,0,-1.285097159563486,2,-0.5336865027535131,1
11,7862,2,0,0,-1.0561310895235996,2,1.6233274523250225,1
6,12154,0,0,0,-0.23913902718558883,1,2.885796819604211,1
7,9569,1,1,0,-0.6833452722488548,3,1.3446843039163197,1
6,7954,1,1,0,1.2774367106271263,0,0.6561229553689907,1
10,10853,0,0,0,-0.856884577097869,1,1.2059540522981167,1
12,7706,2,1,0,-0.7250252901431665,2,0.03590250773898922,1
4,11105,2,1,1,-1.1312946520589358,3,-0.597349350351313,1
-1,13147,0,1,0,-0.46315698727881255,2,1.788339898648137,1
5,11937,0,0,1,-0.7401073568582248,1,2.3275973002609343,1
8,6763,2,0,0,-1.0944214710004814,2,-1.087310636678547,1
3,7476,2,1,0,-1.2008956071210866,3,-1.2251836456148892,1
6,12613,3,1,0,1.8609090417772745,3,-0.23376733796253849,1
11,8406,-1,0,0,-2.371423210541849,1,-1.4612373028687478,1
12,10022,-1,0,0,-1.6306968963548676,0,2.1146035736216744,1
6,7070,2,0,0,0.6717225536484726,3,-0.588183746927955,1
8,11342,2,1,0,0.34448472132453756,2,0.7388480104149269,1
10,4901,1,1,0,-1.6752395374898952,2,-0.7603252790395912,1
8,7462,2,0,0,-0.9941765372997649,1,-0.3084107492898105,1
11,9165,1,0,0,-1.1615036137144017,2,0.506284721158373,1
10,6881,-2,0,0,-0.5872765541649846,1,3.3848330892725835,1
11,2885,0,0,0,-0.3353522736432242,3,-0.79458031518479,1
2,11283,2,1,0,0.36132898038685607,0,2.3249769338401762,1
8,10502,2,0,1,0.48715484159209504,3,-1.3008680300156192,1
9,8180,1,0,0,0.2902008408828912,1,0.4746961160349939,1
10,10207,0,0,0,1.4757127338285296,2,0.15596390595668447,1
1,6895,-1,0,0,0.1735313654053432,1,-0.17270301456408504,1
11,12054,-1,0,0,-1.181958785587017,2,-2.1542062081526026,1
11,12191,2,0,1,-0.5929470438070495,1,-0.15013818223948644,1
10,13038,4,0,1,-0.19810474364114794,2,0.5284631238106323,1
13,7526,0,0,1,0.40806571992653357,1,1.2151688519444772,1
7,11538,0,0,0,-1.0314697952216845,1,-0.490667183256891,1
8,7953,3,0,0,0.298867304171911,0,-0.6190377996910631,1
7,9131,2,0,1,1.102936512802721,2,1.5816538691743842,1
7,8491,2,1,1,1.6066480532563796,3,-0.45392651680271806,1
5,7601,1,0,0,2.2498741149794097,3,1.5843191639493297,1
1,13579,1,1,1,0.12892500408410945,3,0.1181574441835222,1
9,7649,2,1,0,-0.21907400610964156,1,-0.05528905857521149,1
5,9175,-1,0,1,-0.3833282647915766,0,-1.6407655685485083,1
7,11944,2,0,0,0.5545048000544383,0,0.8280792772150667,1
8,11703,2,0,0,0.5747155793924172,1,-0.3130139501276782,1
1,5762,0,1,0,3.358872757724967,1,-0.30293555293854213,1
5,7891,2,1,0,-1.091006324808751,2,-0.5286724029174901,1
11,8737,1,1,1,-0.717071001368459,1,-1.0992008370758675,1
13,9407,2,0,0,0.2538046947477256,1,-0.5812659004148398,1
9,9931,-1,1,0,2.175757063781922,0,1.171027267293845,1
-1,12074,1,0,0,0.029793953954142638,0,-0.8680845702192128,1
5,9593,2,1,0,1.7521424198715856,2,0.018640327714653876,1
0,4766,0,1,0,1.5732819756326943,0,0.06280302838448543,1
10,7444,0,0,1,-0.11350735862043529,1,-0.8120383329005,1
3,6512,0,1,1,1.4308842370981427,2,-1.0407121437476134,1
4,10703,2,0,0,0.20094450146235954,1,1.4219587444364448,1
5,13511,3,1,1,-0.6091894059599136,0,-0.1542757432116162,1
11,9314,0,0,0,-0.9790996761778756,1,0.42990186128062347,1
5,6576,2,1,1,-0.21179467226584348,1,-1.5757343501035788,1
9,7289,2,0,0,-0.5631732607488839,2,-0.7940691517100178,1
6,10265,0,1,0,-0.345316915053803,0,1.1296533373037696,1
10,13405,1,0,1,-0.9986624179473788,2,-0.5836116089968528,1
2,11216,2,0,0,0.1791447772294087,3,-1.027625490141729,1
2,8590,1,1,1,-0.23968491398569733,0,-1.7146586521290554,1
10,6810,2,0,0,-1.533105373006177,1,3.856586895858009,1
13,9725,1,1,0,-0.043097755355933964,0,0.09902880522984575,1
11,8984,2,0,0,1.2271941026348565,1,-2.369641651115568,1
5,8393,2,1,0,0.3219613521864193,0,2.031089215032774,1
12,12389,2,1,0,-0.43219425008319157,3,1.153517211046864,1
4,6703,2,0,0,0.12032377802521921,1,0.8930397280161678,1
12,13318,2,0,0,1.4954896943874154,2,1.6309092133412189,1
6,6254,3,0,0,-0.4349284878470864,1,-0.5548353777218757,1
3,13143,-1,0,0,0.07356810825473536,0,0.4390054341566039,1
3,4134,1,0,0,-1.1620873272404457,2,-0.1439143745262551,1
10,12673,-1,1,1,-1.1425669321179086,2,0.46628495247937585,1
11,6843,0,0,0,-1.4703426649732285,0,-1.3705008910940484,1
10,10640,1,0,0,1.2299736324240422,1,2.3053526536565796,1
5,8531,0,0,1,0.15952087791470038,2,-1.19996359314988,1
3,9987,2,0,1,0.9125294781298432,3,-0.5000397104831278,1
10,8759,3,2,0,-1.035516426282064,2,2.899419669310455,1
12,8445,0,0,1,2.23167745923271,2,-0.2658237587469007,1
9,9917,0,0,0,-0.7912303021573369,2,-0.4193299524007526,1
11,8203,2,0,1,-1.1688436251956453,2,1.7680642324849005,1
9,13416,2,1,0,0.5811209430751464,1,-0.084325633992138,1
11,6540,2,0,0,-1.2950034999565663,1,-0.9396930671244161,1
2,8531,2,0,0,1.5254182317183687,1,-0.6837817400724686,1
4,10772,2,0,0,-0.5685062892188845,2,1.7603070980179822,1
3,4870,1,1,0,-1.641008761052766,2,0.059091390644170114,1
2,8042,2,0,0,-1.3796825354011246,0,-2.7955516686660373,1
7,10353,2,0,0,-1.345503507026827,3,-2.732836935059811,1
4,8087,0,1,0,-0.8100586508218276,1,1.2363853371841937,1
6,694,0,0,0,0.8263943409069222,1,-0.5295479681705282,1
11,8814,1,1,0,-2.105924382012208,0,0.2938182786563015,1
10,6373,0,0,0,2.0944096046105964,3,0.274057458316182,1
7,5803,1,0,0,-1.367252429533317,2,0.2583459455619694,1
9,7031,1,0,0,-0.3727138432473937,1,0.11107049503162633,1
12,13454,2,1,0,-0.9043743485874736,1,-0.26266460637850997,1
10,2957,1,1,0,0.8389420150879826,0,2.5207070734533374,1
12,12671,2,1,0,-0.40456893556394924,3,1.7005676852349378,1
3,9656,2,0,1,-1.4132509178878805,0,-0.6470624089336088,1
4,9118,2,1,0,-0.6168347596793324,3,0.3156075454371249,1
11,11764,0,1,1,-0.9486759811217363,2,0.7349700425585071,1
13,12797,0,0,0,-0.2271071628268463,1,0.036554405436713594,1
4,7500,1,1,0,-1.3083604630029422,2,-0.08412660260629512,1
10,11753,0,0,0,0.295169407424561,1,-0.5826741413059142,1
7,12387,2,1,1,-0.7537011804022878,1,2.356352697413583,1
12,7791,1,0,0,-0.7392383607618995,1,-0.4798190949176653,1
7,11987,0,1,0,2.0336599608116557,0,0.12752558082473947,1
11,7279,-1,1,0,-1.1706825738600515,2,2.8853308281448826,1
9,10466,1,0,0,-1.137146660961418,1,1.1068633975001112,1
11,4212,2,0,0,-1.0711846050041989,2,1.726084656597872,1
10,7654,1,1,1,2.4467538318052204,2,-0.67784234519026,1
12,12851,-2,1,1,-0.8718843839666905,1,0.5444956807191643,1
8,13690,2,1,0,-0.49205992614029875,1,1.7056842384884696,1
10,4865,4,1,1,0.033440297959605125,3,3.537272693931656,1
6,5746,1,1,1,-0.20349208097989785,2,1.2331218377953694,1
9,8294,1,0,0,0.19286405342520252,1,-1.0818461998656759,1
1,6948,1,1,0,-1.1612876933508587,1,-1.0410270283851528,1
11,6536,1,0,0,-1.035409901476566,1,2.452061780864087,1
10,3397,-1,1,1,-0.7512859511138831,2,-1.0365991546209992,1
1,3761,1,0,0,-1.1465860905477134,2,-1.4517822664743016,1
4,5310,1,0,0,-0.7764711023981974,1,0.7920313390722813,1
4,7929,-1,1,1,1.6371599736951388,1,0.29994844790509134,1
9,7312,3,0,0,-1.384883859084056,1,1.9995085375640305,1
7,9867,1,0,0,-1.9758674174408337,0,-1.0977366547624023,1
1,10484,2,0,0,-0.7990511411495896,1,2.2384630650568953,1
13,12753,1,0,0,-0.29056887140302257,3,-0.7762178796182276,1
5,7885,3,0,0,-0.6912121670869367,1,-0.20066686783280774,1
6,5309,2,1,0,1.5916615202856819,2,0.550046694292162,1
11,5418,2,1,1,-0.1738499324496055,2,2.3909707063788304,1
7,11778,2,0,1,1.2123191082439986,2,1.3668870122736645,1
9,8251,2,0,0,-0.08687961171880648,3,2.123716954988975,1
2,12421,2,1,0,-0.51717273381222,3,-0.6895993636259132,1
12,12054,3,1,1,2.216571871307815,1,0.44754063268859545,1
6,5168,1,1,0,-0.1559485167323985,1,0.6098302555011856,1
10,12995,0,1,0,0.01591955957078761,1,-0.15420984751054934,1
7,7711,-1,0,1,-0.9478888930397666,1,-0.6034014861549271,1
9,12376,-1,0,0,1.6447632460859687,0,3.23757740087341,1
7,10676,2,0,0,1.2836415506610384,1,1.4334090014695577,1
9,8107,2,1,0,-0.7654507750595907,1,1.0749490401863466,1
11,6453,1,0,1,-1.1483606599834162,0,0.2230860627922196,1
9,7713,2,1,0,-1.1525395839499335,0,-0.9789307194021368,1
12,4010,2,1,1,0.12147022848237987,1,-0.782206897407487,1
2,6931,2,0,0,-1.468669572182829,2,-0.1690676865251992,1
7,7256,3,0,0,-0.25348808350184726,1,0.6484954313249692,1
12,2386,3,1,0,-1.4147102560978504,1,-1.0949311885908943,1
11,4822,0,0,0,-1.340971003044141,1,4.415782137730415,1
7,8823,3,1,1,1.7058555544646197,1,1.4394098247273148,1
4,5703,0,2,0,-0.4586331796203581,1,0.9342764804435097,1
9,10734,-1,0,0,-0.8022818183265026,1,-1.9042181160442342,1
3,10928,-1,1,0,-0.019861379109911037,1,0.415982403879285,1
8,8470,1,1,0,-1.0735606402175577,0,0.5444641874492313,1
7,9676,-1,0,1,-0.018353622251783164,1,-0.40260590027567794,1
9,6469,3,1,0,-1.3084741546615453,0,-2.1628504323882525,1
8,7578,2,1,0,0.4779787687904138,2,0.5484806416970491,1
7,11305,1,1,0,-0.8874802474789398,0,2.986788412794482,1
5,3168,2,0,0,-0.9766848486757596,2,-1.2819579753276085,1
5,8303,0,1,0,-1.598782506386072,1,0.6261602896665959,1
9,5457,-1,0,1,0.1797691955780334,2,-1.0713313383245764,1
12,10515,0,0,0,-0.7583232928371074,3,1.7452489432911027,1
7,3607,2,1,1,1.1683100074485655,1,0.11454797960137736,1
6,1416,3,1,0,-1.124485473794294,1,0.17521436948609143,1
4,4874,2,1,1,-1.1700578428854178,1,1.7412437025340235,1
11,12288,-1,0,0,0.0423603171515284,2,-1.1878854379347812,1
1,9175,3,1,0,-0.6557096564686674,1,-0.02321943101905599,1
10,8013,0,0,0,2.692973977368736,1,2.705527235769994,1
6,9047,0,1,1,-0.9174112178927418,1,0.22287036564624543,1
-1,11187,1,1,1,-0.4242769625418405,2,0.2328746820231622,1
2,9230,2,0,0,-0.6093995883335833,3,0.8582587294664654,1
6,4429,1,1,1,0.17290063896350794,1,0.7868110769996448,1
5,12000,0,1,0,0.018234659376035522,2,-0.3624744128311494,1
5,6732,3,1,1,-0.7022199633330162,2,2.3554170142553668,1
5,6794,1,1,0,0.8820043255764909,1,0.9087012903569744,1
10,8237,2,0,1,-1.3503619145125176,3,-1.444487617358063,1
7,8920,0,0,0,-1.3938951995845517,1,0.1650659365794136,1
9,6612,1,1,0,0.7103507621254764,0,2.919143497874451,1
11,11506,2,1,0,-1.5058785654658122,1,-0.21160771755662752,1
9,12164,0,1,0,0.029019475121202287,3,-0.7768463445082006,1
11,5054,1,1,0,-0.7055669412737224,2,-0.6557153536805858,1
5,8456,3,0,1,-0.3817985075730814,2,-1.8169823933908276,1
3,9494,0,1,0,-1.3354582602102636,2,0.009406218079293704,1
15,13335,2,1,0,2.446591385027057,1,3.5469155182229786,1
11,11109,0,1,0,-0.21779578903009972,2,-0.3569400593584689,1
14,13247,2,0,0,0.7509657274068237,3,1.7465754493324408,1
3,4212,-1,0,0,0.8957172100508753,1,-0.5986338682235743,1
7,1971,-1,0,0,-1.0011356935692888,3,-0.0060284854987397996,1
11,13775,2,1,0,-0.36827588258025984,3,2.2382940476628352,1
14,8292,2,0,1,-0.48307778034991355,3,0.07276630392132204,1
5,7360,-1,0,0,-0.4782368219615438,1,2.3091788875746695,1
5,10277,2,1,0,-1.8282602339797402,3,-0.7225871064494276,1
12,8848,1,1,0,-0.30767356916678723,2,2.735584483913601,1
8,12810,2,1,1,-0.6267470427464471,0,1.3817801930134221,1
11,10388,0,0,0,1.2128065306172433,3,2.4413282276508,1
12,9073,0,0,1,1.3539468035966082,2,0.608480077541051,1
9,7230,1,1,0,-0.9675998847501465,0,-0.8352164800723316,1
5,13023,3,0,0,-0.5121776001473112,1,-1.3810577161775792,1
8,10626,0,0,0,-0.9637132139977007,2,1.2023690171317665,1
12,3053,2,0,0,-1.6509645447264232,2,2.1367537254200277,1
8,5010,1,0,0,-1.8439406708442259,0,0.15619156849074445,1
12,7767,2,0,1,-0.8145203710656448,1,2.6070849882734586,1
4,13079,2,0,0,0.825551533637315,1,1.460198333029635,1
6,11859,-1,1,0,0.49997030071340454,1,0.19357442670644037,1
7,8222,3,1,0,-1.121978274818924,2,-2.492674743170579,1
8,10541,-1,0,0,-0.24987388394523302,0,-0.005075001904865706,1
10,12527,-1,0,0,0.3354550790016865,2,1.0850754941393979,1
12,11308,2,1,1,-2.3498064054241135,0,0.017435609107223443,1
4,8480,2,0,0,-0.7358659858464115,3,2.7814331425825887,1
11,10268,0,0,0,-0.7649515894797344,2,-0.41637693149993016,1
5,4583,1,0,0,-0.35983904447562,1,0.03375745089626403,1
8,6523,2,1,0,-0.4302407535378977,2,0.3625160349086741,1
9,4706,2,1,1,-0.05884422101872028,2,0.7317012642039784,1
10,5655,1,1,1,-2.113474031107014,1,0.045196438080016554,1
14,8642,2,1,1,1.9336765854444895,2,-2.214443278747921,1
5,6615,2,1,1,0.410386107803811,1,1.5564838474221843,1
9,13029,2,1,1,-1.0169686377946374,1,2.5556215790335877,1
12,12411,3,0,0,-0.8159740206701406,3,-1.1031277908198105,1
10,6451,2,0,0,-0.559853133813493,1,1.831212013511609,1
12,9457,0,1,0,-1.3921399087527369,1,0.7328082882626739,1
6,8210,1,0,0,-1.1575085138411711,0,-1.2491203042676944,1
9,11190,-1,0,1,0.24743759872884563,2,-0.7301591629187307,1
12,13226,-1,0,0,1.270919051520566,0,0.4313965873011729,1
5,13467,3,0,1,-0.046922071852844305,3,2.7641605156499653,1
13,5825,2,1,0,2.264884851429807,1,-0.5580907132499804,1
13,6386,-1,0,0,-0.39828234811304253,1,-0.10658610144781816,1
12,12242,-1,0,0,-1.1912900988077153,0,0.7904756696834307,1
5,8153,2,1,0,-0.8404577526319261,1,-1.5423590011913424,1
12,5530,2,0,1,0.6016282589555203,3,3.5300326381024973,1
8,8121,2,1,0,-0.6451091070146123,2,-1.0053901245792367,1
-1,7205,3,1,0,-0.8350907456225733,0,0.13040795859162477,1
11,13278,0,1,0,-0.9873786158571017,1,3.2355099218603383,1
10,9493,2,0,0,-0.8596792241165608,2,0.619623294707805,1
8,5578,0,0,0,-0.958457762369223,2,1.5388861818037491,1
9,10692,1,0,0,-1.556634544320866,1,1.0697332839618543,1
4,8234,4,1,0,0.7853339190354323,3,-0.3283341189649561,1
7,6126,3,1,0,-0.2867128276029818,2,-0.38940033922377276,1
4,7837,-1,1,0,0.46221485963728326,2,-0.8075349084936958,1
9,8229,1,0,0,-1.107731782195982,0,-1.1950609194876964,1
11,10497,2,1,0,-1.3132420660290018,2,-0.7538347231037912,1
9,12994,-1,1,0,0.21937693095246835,1,0.28470251978380695,1
4,12550,2,0,0,0.7770423465625621,0,-0.7331123192197777,1
10,13644,2,1,0,1.944642724192668,2,-2.162283495796606,1
9,12280,1,0,1,0.2927187321400807,2,-0.7368398857292036,1
7,11679,2,0,0,-0.4731778771518803,2,-0.16713089418423815,1
13,922,2,0,0,-0.12369361482859459,1,1.939588270280264,1
10,8614,1,1,0,-1.7423561732734743,1,-1.2499798696111515,1
6,4931,1,0,0,-0.5226438705206039,2,3.238579807706259,1
11,8600,2,1,0,1.930716129193316,2,-0.3465006964282594,1
10,7664,2,0,0,-0.057214189007841254,1,-2.3747507774510432,1
11,8682,2,1,0,0.6381841724846812,2,1.811404750513681,1
12,5775,-1,0,0,-1.480854118557673,3,-1.5837947722337598,1
9,13059,1,1,0,-0.9171859969054312,2,0.060862397775462374,1
8,5846,3,1,0,1.3367626283426166,1,2.659523300866384,1
8,9598,2,1,0,3.310115829092451,1,0.017555409100919128,1
0,5558,-1,0,0,-0.21962082151408685,0,0.5998301357689995,1
10,8132,0,0,0,-0.3985885042206213,0,-0.09319508160873974,1
2,6424,2,1,0,1.6499161887189315,2,0.5925866020236804,1
10,11483,1,1,0,0.4086599751860844,1,0.9931873383398788,1
8,4514,1,1,1,-0.5352407906838624,2,0.15921195432015475,1
10,7109,-1,0,0,-1.9025010747685447,3,-0.7841767825573183,1
7,13121,2,0,0,-0.5789173084659676,2,-0.1441312176571098,1
10,9254,2,1,0,-1.6436899459145424,1,1.5467089830428669,1
12,10896,1,1,0,0.6512389825161337,3,-1.306872823793336,1
8,10402,2,1,1,0.1055766775384277,1,0.1054395601467748,1
7,8928,0,1,0,-0.8672534407827969,0,-0.2553191800040274,1
11,4949,0,0,0,1.059979511532372,3,-0.22440528831226533,1
-1,7204,2,0,0,0.33194819801295566,0,0.7932442671040563,1
-4,4611,3,0,2,1.236258661383796,2,-1.6822092107263913,1
12,11848,2,0,0,2.6174495265341267,1,-0.02049348433616377,1
9,6838,2,1,1,-0.1267082934854621,1,-1.851283096376765,1
6,5212,1,1,0,0.8134191818308706,2,0.8576353131804386,1
7,12394,1,1,0,1.4851544894543727,0,1.7349167703380264,1
5,3193,0,0,1,-1.1375869945659034,1,-0.18959211807862597,1
10,11309,0,1,0,0.3458711806111488,0,0.20010959245653726,1
9,11966,0,0,0,-0.45718107986307077,2,-0.975260411166154,1
9,8788,0,1,0,-1.7740766670670753,2,-0.12317235186993242,1
0,7406,0,1,0,-0.5043082093639708,1,0.09933364717059906,1
8,13388,1,0,0,1.660539444838034,0,-1.0032514743015373,1
8,7482,2,1,0,1.2976475701421974,3,-1.4111489745924106,1
-2,10425,1,0,0,0.38928476261257533,1,-0.9670517235544733,1
9,10346,2,0,0,-0.9786237679937094,2,2.2358866240605817,1
4,10003,1,0,0,-1.10963630150172,1,-1.4977758838547233,1
10,5551,2,1,1,-0.0941506154604493,1,1.2529399920380593,1
12,5857,0,0,1,-1.7391578490830715,3,0.5179417109182691,1
0,5914,0,0,0,-1.2655177743496613,3,2.151939527905734,1
5,10740,0,0,0,-1.1939905622733793,2,0.10222070981795439,1
11,7025,-1,0,1,-1.6243961275609937,1,-0.469524073563389,1
8,6198,1,1,0,-0.4489344675518414,3,-0.5068567216528592,1
9,5095,1,1,0,-1.6894628746036187,3,-2.035900281894336,1
9,13043,2,0,1,-0.031071514720009477,1,1.7025320248526332,1
7,8242,2,0,0,-0.8994489258158205,1,0.33533275397626333,1
7,11231,1,0,0,-1.7161590515980563,0,0.5455150787341855,1
8,10595,0,1,0,-1.364504186392612,1,0.6079030700683905,1
13,8473,2,1,0,0.26951117221480037,1,0.4306091175653453,1
9,8391,-1,1,0,1.8949924473049369,1,0.9781249760825328,1
10,8075,0,1,0,0.35326485498836135,1,1.6269837404490197,1
12,11075,2,0,0,0.7111566090731759,0,-0.09488600821175269,1
12,11295,-1,1,1,-0.15781151020031092,1,3.008258635067862,1
13,6344,1,1,0,-1.3115077211397894,1,-0.6417998545296242,1
5,7874,3,0,1,-1.0512630857289311,1,0.453010170725116,1
10,12130,2,1,0,0.17280991505866258,0,0.5618016511105837,1
13,13402,0,0,1,-0.5362833337853743,2,1.5716710510676624,1
5,3202,2,1,0,0.3291904639139922,1,-0.19543861594475676,1
10,7104,3,0,0,-0.3062515602220993,1,1.964535524113645,1
2,11180,0,0,0,0.2484071552377095,1,-0.6320734280118538,1
7,7159,2,1,1,-0.18919238491346232,2,-0.6008652569735342,1
2,6932,0,1,1,1.8773942280450417,3,0.7829094383338769,1
12,10538,2,1,0,2.7861780889016887,1,-1.0640601167388797,1
5,6410,1,1,0,-1.536418479240794,1,-1.3361656638635278,1
11,9357,0,1,0,-1.3928734335784996,1,0.1730218961995173,1
11,10095,1,1,0,-1.1001646161780307,0,3.063454750485019,1
11,12229,3,1,1,0.15048778066302682,0,0.6441607797251949,1
9,8601,1,0,0,2.8874304025581456,2,-0.6600091950625528,1
9,7213,1,0,1,-1.5013058930886372,2,0.595433160507817,1
12,11745,1,0,0,2.207941041276589,1,0.14546244752862553,1
5,6833,1,1,0,2.4147743846164826,1,-0.46076510784961594,1
8,11516,2,0,1,1.3189587885299592,3,0.43931544641521253,1
3,6361,2,0,0,0.26575031125095117,1,-1.0999567375463242,1
2,8431,2,0,0,-0.5596773070477367,1,-1.0295113118763006,1
9,3113,-1,1,0,-0.9102417135242165,1,1.833914095345975,1
8,7522,2,1,1,-1.2001500762155244,3,-0.32526244175302566,1
7,2985,0,1,1,0.27453259984072187,2,-0.044007598762237976,1
6,12660,3,1,0,-0.1754669829255746,1,-0.8964791991679275,1
7,6826,2,0,0,-1.377658238346917,1,-0.7911032505754574,1
5,12752,3,0,1,-0.12603672935449395,1,1.2901485963783668,1
10,11698,2,0,1,-0.8386137020657254,3,2.2595814064844504,1
5,10350,-1,1,1,-0.5588354790718627,2,-1.469284915827608,1
12,3668,0,1,0,-0.7487932276311935,1,-0.5306403324342479,1
10,9760,1,1,0,0.09239295730275049,3,0.7144314600942525,1
3,9084,2,0,0,-0.11791542646091635,2,-2.11228315238439,1
3,10740,0,1,0,-0.7314385581154371,0,-0.5445753095530463,1
12,4373,2,1,0,-0.727745882399079,0,2.557797094607009,1
8,9699,1,0,0,-0.5847714049850549,1,3.7687947733508684,1
13,2567,-1,0,0,-1.0160235693694577,2,-1.3732637543862936,1
7,11174,1,0,0,-1.107999756448987,2,-0.2340000668950038,1
10,12270,2,0,0,0.3497763978670392,3,0.24561377932720213,1
7,4358,-1,0,0,0.12891093591370484,2,-0.49438933385836337,1
14,8403,2,1,0,-0.4839662895196334,2,-0.1701639748716648,1
9,8284,-1,0,0,-1.4835724513205473,1,0.4002908696031931,1
9,13003,1,0,1,-0.9841686765453378,2,3.179575907057534,1
11,11986,1,0,0,-0.6082041426823402,1,1.6978891892443295,1
4,12506,0,1,0,-0.8035547901155444,0,-1.632425019106347,1
2,5493,-1,1,0,-1.763484585262398,2,0.44175741759099474,1
2,5883,2,1,0,-0.7187758862699426,0,-0.6133926104150815,1
5,4393,2,0,0,0.37335659912552477,3,-1.5212804046006687,1
11,13209,1,0,0,2.028773801578804,1,0.9613535337125403,1
9,10867,2,0,0,-0.14900558806388947,0,0.9458002460622115,1
6,12741,2,1,0,-0.9756006095722438,1,-1.5728897490413805,1
11,4673,2,1,0,-0.6721433035921335,1,-0.3232626317353813,1
9,3123,2,0,0,-0.07730588104066977,3,0.47418681405808605,1
6,5720,1,1,0,-0.20448788653443417,3,3.9542436183048926,1
1,7508,3,0,0,-0.6138159908321805,0,0.3239699323299777,1
6,7945,2,0,0,-1.463587059495298,1,-0.9497410628445626,1
12,11454,0,1,1,-1.8411384476241803,0,1.3068609733259098,1
7,4639,2,0,1,0.11004871665581278,1,0.009976965039071695,1
10,3182,1,0,0,-1.3009675873509932,0,3.510768236056676,1
11,5470,-1,1,0,0.39564499007640536,2,-0.19225115912442187,1
12,7514,2,0,1,0.34546223084729455,2,2.75123880165891,1
11,8900,2,1,0,-1.3262104702383009,3,1.1262838949412664,1
12,13135,-1,0,0,-0.24928090149109816,1,0.006797883353926559,1
8,11824,-1,1,0,-0.2996801870959768,3,-0.09185847688835608,1
10,4916,2,0,1,0.5925533554141714,1,-1.2216670022223737,1
4,11967,1,0,0,-0.17802512258863656,2,-0.26564230439786346,1
9,7634,2,0,0,-0.5161266354888664,2,1.6009003898785266,1
7,13169,2,1,0,0.8008765769105508,0,-0.46176801335956874,1
2,6857,1,1,0,-1.104481891993444,2,0.14316617072537174,1
6,9759,-1,0,1,0.17766790677918676,1,0.9062861380285445,1
11,12677,0,1,0,-0.2987017328182536,0,-1.1164839697482591,1
2,10521,3,0,0,-0.630923895565655,0,-0.7844877254731408,1
7,5086,2,0,0,1.3553762489907162,0,-0.9207444351213268,1
6,9481,0,0,0,-0.5951890134454239,2,-0.1738038591069065,1
11,12922,-1,1,0,0.27242555264445745,2,-0.562867660397129,1
0,7576,2,0,1,-1.3429436156615657,1,-0.8174004953999043,1
11,9177,1,1,0,1.9823732234271234,0,-1.0921450023577857,1
1,7662,2,0,0,-0.3793657561797832,1,0.3212762907254499,1
12,12874,3,1,0,-0.03468208553726204,3,-1.475525317557736,1
6,11182,3,0,0,-0.8495744480974519,1,2.9228599207983597,1
10,8199,0,1,0,0.08981739780886766,2,0.5751709627603621,1
9,5679,-1,1,0,-0.2632630411933057,1,1.639394369941413,1
7,12167,-1,1,0,-1.6459597149484866,2,-0.48727710679311875,1
9,5668,0,1,0,2.333404793434441,2,-1.9761310783192518,1
6,12192,1,0,0,-0.5203304659668132,0,-0.631875577533282,1
-1,11423,2,1,0,-0.5859144516948691,1,-0.2775385767848686,1
8,7264,2,0,0,0.13927668023104464,3,1.863242540443148,1
6,8010,0,1,0,-1.8530547149525605,0,-0.9338806215208943,1
10,7775,0,1,1,-0.5016721028931262,2,1.4904913889631928,1
6,12562,1,0,0,-0.17379871334827646,3,2.9600116889054835,1
5,8064,1,0,0,1.5615646568163641,0,0.029918872661866935,1
4,11562,0,1,1,-0.9486909611180006,1,-0.8236400608393668,1
6,10443,3,0,0,-0.8172895601489522,0,-0.2476672585979871,1
13,5816,2,0,0,-1.3202212853667212,1,0.32525151311230677,1
2,5331,2,1,0,-1.0667822055455878,2,-1.142494812734751,1
9,8168,0,1,0,-1.3159003249834522,0,3.6118621229663743,1
5,12271,-1,0,1,-1.0697180763960223,1,-0.28657698650649954,1
3,9125,2,0,1,0.8853188336470569,2,2.150997100762514,1
9,7225,2,0,0,-1.0518256041277756,2,-0.9407387639106668,1
2,4979,2,1,0,-0.819134809114854,2,2.7063732780939787,1
8,8119,2,1,0,-1.6845861719323323,3,-1.4999011082963463,1
4,13044,2,0,0,-1.1103057900999742,2,-1.4056082900030502,1
8,8450,2,0,0,1.1411290363911097,1,0.4509074024533328,1
10,7860,2,1,1,0.1945322814962801,1,-0.02804939755323982,1
8,9426,3,0,0,0.7736375193302162,1,0.6772515043895158,1
11,9824,0,2,0,1.486294288006258,1,-0.44265324946285756,1
4,11935,1,0,0,0.2079909874963468,2,1.8933765065536445,1
11,6438,-1,0,0,-1.5584698674109823,2,-0.07843085119886162,1
11,12145,-1,0,1,0.8394468964719144,1,1.6984782550238076,1
9,8767,2,0,0,-0.685104418801447,1,0.12390573361281403,1
5,12830,2,0,0,-0.9147775782364994,2,3.4352581360543093,1
12,9259,-1,0,0,1.1204461272533854,1,1.8236145548215572,1
3,9398,1,0,0,-0.8027194165825877,2,1.8618036807525653,1
5,6052,2,0,0,0.21074064100319892,1,2.053236413520273,1
7,8279,2,1,0,-0.05441419041165563,2,0.7644942127178298,1
11,12060,-1,1,0,-0.897457810764557,2,0.9844430944650884,1
7,12298,2,1,0,-1.4698171553287014,2,-1.4752526349940434,1
11,8126,-1,1,0,-0.45072791829587866,2,2.292272127770894,1
8,9666,0,1,1,0.28191491043738337,1,-0.8512369684631209,1
9,13325,-1,1,0,0.4438694996621124,2,1.465309705175197,1
11,940,0,0,0,-1.0085774430873102,0,1.4516700883195033,1
6,12122,1,0,0,0.8207622273676441,0,1.3435937170322114,1
8,9255,1,1,0,-0.9490468109089464,2,2.138187945671599,1
6,8024,2,0,0,2.2135765271579753,2,1.2325791167302762,1
7,9070,0,1,0,-0.8269496879957365,1,2.153777757436161,1
10,4465,0,0,1,-0.7196017349634085,0,0.4376998260277345,1
0,11370,2,1,0,-0.3675627826537514,1,0.10987111688211432,1
13,11779,2,0,0,1.4606858818379473,0,-0.6159766354500172,1
4,9771,2,1,0,-1.3023301192502539,1,-1.9830461903526666,1
4,11077,3,0,1,-0.27744985961389207,0,0.5077082795312202,1
7,7176,3,1,1,-1.2224244188344584,1,2.3617671027892504,1
7,2759,3,0,0,-1.051388865593215,2,-0.22872028048483026,1
14,11019,3,1,0,1.7261356173974354,1,-1.273264344369679,1
0,12204,-1,1,0,-1.2129834780932742,1,-0.7490357376410575,1
9,7713,2,0,0,0.5270064112471705,1,0.2020419530444142,1
7,8747,-1,1,0,1.0506070410927861,3,2.4788848324720236,1
9,7879,0,0,0,-1.6694084997265572,2,0.763359069411826,1
10,7352,2,1,0,-1.1454571980292472,1,1.02092066367686,1
6,7604,0,1,0,-1.098930840658502,0,0.09160515944673336,1
13,7072,1,0,0,-0.15227239959700828,3,0.6138803194069841,1
-1,13889,3,0,0,-0.16682937785736252,1,-0.39456073168459527,1
8,12148,2,0,0,-1.0511011101359875,0,-1.7392285902310642,1
9,11758,2,1,0,-1.0120787501793398,2,-1.028411351694393,1
8,10166,-1,1,0,-0.6573336941097728,0,1.2812511801241366,1
10,12986,-1,1,0,-1.6014485448316975,2,-0.6692686656065753,1
6,10515,1,0,1,-0.8953644670083533,3,0.11720355825825785,1
12,13322,2,1,1,0.23235127505593833,1,-0.7641645733747073,1
4,13101,3,0,0,-1.3742947472205176,1,1.946804333832753,1
12,11548,-1,1,0,-1.511837444826513,2,2.399378008745073,1
-2,7580,3,0,0,0.11732803807191894,0,-1.1721481278529313,1
5,8515,3,1,1,-0.3389191070342628,1,1.0789197105601245,1
5,7655,0,1,0,-0.6237335460268024,0,-1.298249614315258,1
8,13244,0,1,0,2.0588329970200308,1,-0.23608538941506807,1
12,7818,0,0,0,-0.18999679773677924,1,-1.0352304589720296,1
12,12282,2,0,0,1.3456786669454368,2,-0.0875719230914645,1
5,5613,2,0,0,-1.6989306490772416,1,-0.13470244505491297,1
7,11426,2,0,0,-0.5252640322508597,2,1.6658480390443784,1
8,7503,3,0,1,-0.11274857825381995,0,3.4326303966472347,1
3,7492,2,0,1,2.1266076462894135,2,0.3321919409886553,1
5,10737,2,0,0,-0.741506878596384,1,0.7306627046076881,1
3,12975,2,0,0,0.9223019830345562,2,-0.2603176052170332,1
8,12031,1,1,0,-0.10101963196150049,2,-0.8973565109975332,1
5,12649,3,1,0,-1.3388723967501193,0,-0.6334404439217252,1
11,11097,1,0,0,-1.6192642674147368,1,1.5987007633993051,1
4,8380,1,1,0,0.3926773381961319,3,1.5954553381639291,1
13,12002,1,0,0,1.1016943723315054,1,-1.7187051476187214,1
9,13004,3,0,0,1.4409557743631987,1,-0.28674795987466695,1
5,8967,2,1,0,-1.166113097640629,0,-1.522082762242353,1
9,11905,0,1,1,-1.5470135831028378,1,0.48824247243019203,1
8,7004,2,0,0,-0.05111948471650459,1,0.161984215437966,1
11,13354,0,0,0,0.00116194460769814,0,1.8362708974831752,1
4,6110,0,0,1,-0.49087635751807424,3,2.3126054477159546,1
0,7263,-1,1,0,-0.5690234934511498,2,-1.4950141944082758,1
10,11979,-1,0,0,-0.04564687036217008,2,2.0283002007242867,1
7,7564,2,1,0,-0.8041948289798533,0,-0.9593736752282076,1
11,7060,0,1,1,0.562097101728361,1,-1.3371092495716617,1
8,8410,2,0,0,1.2120034354941158,0,0.5359083616192072,1
9,9026,-1,1,1,-0.08222880280425088,2,0.17293410420233296,1
0,11802,2,1,0,1.1914576648585276,1,0.00758864361427139,1
9,12597,2,0,0,-2.246736435539997,0,1.184332560352272,1
5,3808,3,1,0,0.3831435112252159,0,-0.8151159904555045,1
7,6494,2,0,1,-0.7165968099242032,3,0.061893947388232284,1
10,7186,2,0,1,0.434922631335842,2,1.1803061773920336,1
5,11725,2,1,0,-1.2399616958521562,1,-0.9922999155862142,1
0,10356,2,1,0,-0.3817525707497925,1,-1.2406367950274075,1
11,11038,2,0,0,0.3958538961932041,1,0.3274184742540803,1
2,6186,2,0,0,0.08544430873577247,0,-0.47268442675058986,1
9,12392,0,1,1,-0.1369338284658156,1,0.5884886463931297,1
7,9349,0,1,0,-0.9372632820896787,1,0.3417129548326916,1
9,11639,2,1,0,-0.8834711315396393,1,1.9311961269599573,1
10,5448,-1,1,0,-1.5426636006050676,0,-0.08749490746893326,1
4,1663,3,0,0,-0.935193916595526,2,-0.11314963900409875,1
3,9729,0,0,1,-0.6607464108065044,1,1.058280311430355,1
6,8664,2,0,0,-0.7429088259279545,1,3.0512063607311752,1
1,6162,2,1,0,-2.487756926051257,2,-1.1006547304568006,1
12,6619,-1,1,0,-0.1022123014666162,0,1.959009404819889,1
1,9074,2,1,0,-0.7848398292331763,3,0.5664267163612668,1
1,5152,2,0,1,-1.1108907133627963,1,-0.7523601106370048,1
12,13698,2,0,0,0.08045431990788854,1,0.2176874855942902,1
3,7427,0,1,0,0.16656784827611945,2,0.5657183432799839,1
5,3967,2,0,1,-0.8415952447335978,3,0.3062536401370328,1
12,8903,2,0,1,-0.22299115395704583,1,2.3244944890796,1
9,11346,2,2,1,-0.5659078851190722,1,-0.7002825845977717,1
3,1797,2,0,0,-1.4785901833146489,0,0.10184254390992237,1
9,6205,1,1,0,-1.2850120418773678,3,-0.052618633892427824,1
7,12061,-1,0,0,-0.11986454541830549,3,0.21424585717903172,1
8,9318,1,1,0,-1.1612226672671635,0,0.8892268400348848,1
11,13029,-1,0,0,0.22802706215793733,2,0.66083355183765,1
10,4807,2,1,0,-1.512138643720896,2,-0.3700916826147828,1
12,4537,-1,0,0,-1.630740768204796,1,0.02804869167802959,1
9,10762,2,1,1,-0.19066167236275697,2,1.2416974431340124,1
10,12689,0,0,0,1.0742239543678909,1,2.4947952507206645,1
10,10739,1,1,1,-1.109057159259826,-1,0.37812035908370134,1
6,5626,1,1,0,-0.7800207201805734,1,-1.5506444734941522,1
10,6936,1,1,0,-0.39474949590846303,2,0.6546467763289574,1
7,8129,2,1,1,-1.2790866324600394,2,0.6347467399353834,1
12,4376,1,1,0,-1.2019711572847165,1,-1.254390150741791,1
10,8719,1,0,0,-1.7755424662145645,1,2.3945126592020873,1
9,5836,3,1,0,0.33442840848596656,1,1.6096553058788445,1
12,11706,2,1,0,-0.8906945638947155,2,-1.3278364300600594,1
8,5665,1,1,0,-0.18081103032179702,1,-2.3551153731423065,1
10,12064,-1,1,0,-1.1735370056351437,1,-0.6003895819393146,1
7,13261,2,1,0,-0.24999820338841772,1,-1.4211648024389798,1
6,7399,-1,0,0,-0.013227188499460474,1,0.46531565362368416,1
4,6343,2,0,0,-0.2868346067498731,2,-0.43905745335114904,1
12,8158,1,1,0,0.9777683588196975,0,-0.2349890185726961,1
6,10165,1,0,1,-0.2963597797043983,2,-0.2496812919539176,1
7,3244,2,0,0,-0.8913799490558766,0,1.0801118740329496,1
10,7075,2,1,1,-1.4858412182542133,1,-0.36342572546495017,1
2,6496,3,0,0,0.004136316499813053,1,-2.175434115408792,1
2,13337,2,0,1,-0.3011351094635698,2,0.5501759581443715,1
10,13459,1,0,1,-0.6545365901290793,0,0.36755505913046277,1
11,13605,4,1,0,-0.6873650486969367,1,-0.6935272761637457,1
13,13015,3,1,0,-0.6588190584349913,1,0.19301996181962927,1
0,7181,0,1,0,-0.9740631148600262,1,-1.10344763275592,1
9,5363,1,0,0,-0.19510211072443917,2,-0.07551673079762278,1
10,12045,1,0,0,-0.5868699745987375,0,-0.16860698527520235,1
8,11527,0,0,0,-0.8405859553477799,1,-0.4342524136050782,1
7,12066,2,1,0,2.647576099229652,1,-0.044916127015785456,1
8,2533,0,0,0,-0.8502091831043732,1,1.5175169834436275,1
5,2774,1,0,0,1.4690911741987551,0,1.6123198364491809,1
9,5267,-1,1,0,1.9584892950744557,1,0.6402262727240473,1
8,4619,3,0,1,-0.5724425567850482,1,0.1367338403828167,1
12,7887,2,1,1,0.7948137642415893,1,2.123554333752857,1
8,6615,0,0,0,-0.033057889919116346,3,1.7889397307710615,1
10,6033,1,0,0,1.0952020614638198,0,1.3241286379710402,1
6,9687,3,0,0,-0.8870176912464702,0,3.6194507174894985,1
2,13119,2,0,0,0.9127758958349942,0,-1.142943800827794,1
12,8047,3,1,1,-0.546380010836938,1,-1.0239535304008378,1
-1,6846,4,1,0,-1.8995429041043226,2,1.051121631030857,1
9,8063,2,0,0,1.2652917697466004,0,-0.6705280516297889,1
11,13435,3,1,0,2.306259718753972,3,-0.8089063611564247,1
7,11267,2,0,0,-0.9393762170757791,1,0.07189447292972002,1
10,5576,0,1,0,-0.20830370788427816,2,2.3525965961732775,1
4,7830,-1,1,0,0.75541593781529,1,0.3897570156846101,1
0,11751,0,1,0,-0.33711984807197554,2,-0.5486913726821754,1
8,6359,-1,1,0,-0.8775725300541647,1,0.7645915503037277,1
9,12404,-1,1,0,-2.1733595063094975,1,1.2663770283885236,1
8,10701,2,1,0,0.7904231912533296,3,-1.7654704350996908,1
3,5661,2,0,1,2.246330594721781,2,-0.008609146823321812,1
9,10940,1,1,0,-0.8784932397028106,3,-0.38829080471881183,1
2,13123,1,1,0,-0.2635564992526583,3,-1.112485244960768,1
12,8271,2,0,0,-1.1012757291430852,2,0.07514002372038142,1
9,5349,1,0,1,-1.008598024299569,2,2.8103898763520387,1
9,9170,-1,1,0,-0.02770838996626701,3,-0.16201792861420594,1
7,9883,2,1,0,0.6615993801237247,1,2.4362225652863527,1
9,6938,1,0,0,-0.32228265868379247,2,-0.8164074065978322,1
4,12734,0,1,0,-0.6195633154139276,3,2.332907860203811,1
9,11821,2,1,0,0.9850569996025191,1,-0.617247525430459,1
1,1041,-1,0,0,-0.8371839851701073,1,-0.621150314969475,1
10,1611,1,1,0,-1.7559330410084995,1,0.5370398590676462,1
10,3738,-1,1,1,0.7999904100111384,2,-1.193482617232302,1
11,7570,1,0,0,-1.2811935613683785,1,-0.06516571413416306,1
2,6829,2,1,0,-0.40897146528339745,1,-0.7798439527881524,1
8,2904,2,1,0,1.4093812442924014,0,-1.528918569612108,1
7,6255,1,1,0,-0.3646876654577309,1,-0.119004636201478,1
5,7222,0,0,0,-1.3206586491532994,0,0.20682067764556805,1
10,10125,0,0,0,-0.12240588224539328,2,-0.2565190243918637,1
8,3449,3,0,0,-1.260292494677528,2,0.6589157236927098,1
12,11166,0,1,1,1.6886865108706575,3,-2.016336697251588,1
6,7855,0,1,0,-0.05468691565700845,0,1.8935757316801038,1
7,6961,3,1,0,2.3754504896351425,0,-2.5477449545799487,1
8,11382,1,0,0,0.029855729908702444,2,-2.11854208616989,1
7,8593,1,0,0,-0.7150954524872264,0,0.26415035468332304,1
12,8824,4,0,0,0.7473304424360439,0,1.2475407003961054,1
7,11666,0,1,0,-0.8862706974501536,1,2.4584190311519567,1
5,7088,3,1,0,-1.5982300600691355,2,1.5707108382985924,1
8,8277,2,1,0,-0.6156505285538566,2,0.4390693760729628,1
14,10999,3,0,0,-1.0515947298201358,1,1.809256625840276,1
8,10607,1,1,0,-0.785473173239392,0,-0.20454980615708335,1
2,6873,0,0,0,3.520698313242735,3,-0.9579760349055413,1
0,9366,0,0,0,-0.868820360493055,1,3.4311257121348637,1
9,12030,1,1,0,-0.526211164496177,2,0.35074624705083085,1
3,11812,2,0,0,-1.4054542336409845,0,-1.2418587479493481,1
10,5798,-1,0,1,-0.28468212365372225,1,0.14630526104223113,1
6,5544,3,0,0,-0.3446523846692008,2,0.8948320114118127,1
12,13271,3,0,0,-1.1166102061972865,2,1.2444912789108515,1
-1,10082,-1,0,0,-1.1912205916250493,1,-0.935321304861799,1
10,3943,1,1,1,-0.4194870449044044,1,0.2022523554390611,1
7,3261,0,1,0,1.5158909462284524,1,-0.5566249410637747,1
9,8977,0,1,0,1.616327537204226,2,-0.7382504518465085,1
4,8692,3,0,0,2.151663480963208,0,1.0353493002284067,1
12,9713,3,0,1,1.197580646202655,0,-1.315155986782127,1
10,11261,3,1,0,-0.16498155868835157,2,2.796734918115426,1
11,4980,2,1,0,1.2049815499338257,2,-0.8658097039000656,1
7,6005,0,0,0,-0.4191145575277335,1,2.271713775823728,1
9,6915,-1,0,1,1.0374127240071127,1,2.128297742461358,1
5,8098,0,0,0,0.8820909013961199,0,2.0298923183165654,1
11,6338,0,1,0,-0.5853524738784985,2,0.16505236825723385,1
11,7273,1,0,0,-0.8978354890355855,2,1.41153243171926,1
10,6101,0,0,0,1.033176120209463,1,-0.6613450223930715,1
4,10474,0,1,0,0.7434201222594332,3,-0.15786171184221548,1
9,12582,2,1,1,0.17586027752955657,3,-0.3015527902055045,1
6,9225,-1,0,0,-1.2690687082857561,1,-1.8867370707837552,1
8,12622,0,1,0,-1.0123612039499346,0,0.5149943689053738,1
13,12175,3,0,1,0.08607299230137044,2,2.670964104378956,1
4,7726,-1,0,0,0.8618964028234686,0,0.5149732417311162,1
10,9502,-1,1,0,-0.9924108748060333,1,-0.29976400241128387,1
9,2741,1,1,1,-1.0813907837577763,3,-0.7143259974095173,1
3,11298,3,0,0,3.2076106037751524,2,0.5434165908362285,1
8,4963,-1,1,0,0.6415004617022635,2,4.102462562615128,1
6,12542,2,0,0,-1.015525678019311,3,0.06382953076540265,1
9,11396,2,0,0,-0.11895969209779489,1,-0.6272049630333685,1
12,4310,1,0,0,-1.9969133512664374,1,-0.3815997998891437,1
11,8016,2,0,1,-1.6440461311474528,2,-0.07609705733005834,1
5,7044,2,1,0,-1.7350323489919715,1,2.932098793393884,1
10,8060,2,0,0,-0.6961446142360947,1,2.7547111780788205,1
8,10630,1,2,1,-1.5185515902009499,2,0.5242714013356009,1
11,5809,2,1,0,0.537857383005164,1,-0.017541975467480736,1
10,11405,0,0,0,-0.9566140504811985,3,1.8733579211349525,1
6,8352,1,1,1,-0.8440786652245621,2,2.1710222601254534,1
10,9614,3,1,0,-1.5484520910496191,2,2.2532622328552714,1
10,6732,1,0,0,-0.31811176757464626,2,-1.1238971161031353,1
4,6079,1,0,0,0.9880757669118325,1,0.9215022212835586,1
6,8654,-1,0,0,0.7998886938180104,2,2.941688580058501,1
7,3340,2,0,0,-0.7624966937441326,1,2.186904643214149,1
8,7746,1,1,0,0.10540825459926972,0,-1.364268974922333,1
6,9412,2,1,1,-0.7670273740750997,0,0.711683434144579,1
12,10546,1,0,1,-0.8981934703375257,3,0.584613373288829,1
13,6989,1,1,0,-0.9944100556304014,1,0.6914127792151266,1
8,13687,-1,1,0,-1.0684844417450368,2,0.7753511556662427,1
5,8980,3,0,0,0.3869443675629698,0,-0.6407648066762197,1
9,6453,0,1,0,-1.0463867973450245,0,-0.48909015229333486,1
9,12507,-2,0,1,0.05177427181162053,1,-1.3216585531966238,1
2,8700,2,0,0,0.5072668238167258,3,0.45927669937219423,1
10,12541,0,1,0,-0.6541613737878715,1,-0.11643700465131751,1
11,5776,3,1,1,0.022816745311856207,3,-0.35253287120471627,1
1,4687,0,1,1,2.267955858709878,1,-0.0066081096817014184,1
9,12053,-1,0,1,-1.0054368543053216,2,1.7302781321222056,1
4,10807,1,0,0,-1.1933710938365638,2,-0.22689990204851324,1
8,10103,0,0,0,-1.4212189798982027,1,-1.6067999470267171,1
7,7988,0,1,1,-1.627971214391145,1,-0.5053002039253943,1
12,7047,1,0,0,1.649666249632395,3,0.8570897954763175,1
2,8493,1,0,0,-1.2347420047078006,0,-0.3798524037208041,1
4,13302,3,1,1,-0.7406646648255432,2,-0.13240597082467787,1
7,6109,-1,0,0,0.47585830316006356,1,1.1266403753032745,1
4,7437,2,0,0,-0.9376442429338017,1,0.8294212407087569,1
1,11509,2,1,0,-0.5625718790292967,0,-1.0585279112283743,1
4,11697,2,1,0,0.23399334316816345,1,0.7486877230796882,1
7,8652,0,1,0,-0.11043529553164089,1,-0.46956047668780515,1
11,9532,-1,0,0,0.0564776780125551,2,2.1870928183001204,1
6,6136,2,0,0,-0.2194410876110845,1,1.4671301374163177,1
12,5972,2,1,0,-0.29174386366059213,2,0.9409609630698474,1
13,11036,2,0,0,0.5111173114112296,1,-0.8050182045744108,1
7,6223,2,0,0,1.6892063493989087,1,2.5997716480778434,1
11,5887,1,1,0,0.3993846184831757,0,-0.6950523686100366,1
6,6306,0,0,1,-0.9177517116574779,0,-0.4614551308784716,1
-1,5656,2,1,0,0.5625070771215095,2,-0.9049123906144501,1
12,5110,2,1,0,0.8556391538576992,1,2.836324377972333,1
0,10574,2,1,0,-0.8240732840223826,1,0.5501281264777544,1
8,13304,3,0,0,-0.07833556874304792,0,1.1438922169804346,1
6,6507,1,0,0,-1.2216200321133246,1,-1.25998024670385,1
10,9653,-1,1,1,-1.3795834414146182,3,0.5179396664256544,1
11,5835,2,0,0,-1.7363757419301464,2,-0.015823782507130457,1
10,4229,2,0,0,-0.3958733603586182,3,-1.0519934891271783,1
12,9841,2,0,0,-0.14233678030093072,2,1.197110733397039,1
8,3608,1,0,0,-1.500861879429477,3,-1.0139425756402032,1
7,8306,-1,0,1,-0.2837846264862439,0,3.456266572050988,1
13,9200,2,1,0,-0.8736835927631539,2,-1.4131547292835505,1
8,9878,-1,0,1,1.8510679287363896,3,0.6187753459104625,1
11,8938,2,0,0,0.4036983080108061,0,-1.2213150586859578,1
4,9899,1,1,0,1.7739716690421952,3,-0.08961639440195962,1
5,6444,0,0,1,0.116465265421005,1,-0.9167274458680299,1
7,8726,-1,0,0,-1.3076948452937769,3,-0.7725290129379493,1
7,9936,2,0,0,-1.296573837211964,1,2.2977968241579396,1
7,7620,-1,0,1,0.831763937440284,0,-1.8608685771596771,1
10,8248,1,1,0,-1.8598042203292908,3,-0.9528420126815056,1
4,5265,-1,0,0,-1.554470859712639,3,-2.4115224464372336,1
5,2470,1,0,0,-0.003218883656292526,2,0.10878033492416478,1
1,6795,-1,1,0,0.4446251740042129,1,2.031019242818,1
0,11176,2,0,0,-0.25731098710587336,0,1.6485669057210155,1
8,6423,1,1,1,-0.9297477267813679,3,1.7548353090885054,1
9,11865,1,1,0,0.9702607555884906,1,-2.585935927962172,1
8,7918,2,0,0,-0.6528085391761403,1,-0.6368635950416209,1
6,12821,2,1,0,-0.2585030821824908,1,-1.440337685329373,1
4,8552,1,0,1,0.12635087747502016,2,-0.23202842026758025,1
11,12645,2,0,0,-0.018480963081913937,0,-0.7533917793891689,1
12,12562,1,0,1,-0.19902316757352956,2,0.45139710050092907,1
9,3882,0,0,0,-0.28497356925060413,1,0.10343887973515374,1
9,8605,-1,0,0,1.3464290626642221,3,0.6870602002192105,1
8,9376,-1,0,1,0.5626127073484067,3,-0.5786486605738204,1
5,7851,3,0,0,1.914608822477974,1,-0.6286604350904299,1
8,12095,2,1,1,-0.2946311077116841,1,-0.5616948771979929,1
3,5770,1,1,0,1.1304408134664607,3,-2.5494365270988135,1
6,11809,2,2,0,-1.824377318493406,2,-2.3427039649475794,1
6,12290,-1,1,1,-0.7047314355879092,0,0.28562415783369643,1
8,12186,3,0,0,0.6110932730999291,1,-0.09407534106550572,1
6,10765,4,1,0,-0.5088546887062152,3,-1.507328459717967,1
5,10070,1,1,0,3.2307502206147185,0,2.2522570210021113,1
2,11977,3,1,0,-0.9055019906019042,1,-0.12488349441575985,1
5,9252,-1,1,0,-1.707572986678458,1,0.9520201524407916,1
6,4821,0,0,0,-1.9711577961750235,2,1.366089088437425,1
7,12026,1,0,1,-0.7445387145643766,0,1.4282519343269453,1
11,6129,3,1,0,0.9487784911006678,0,1.010189405530712,1
9,8445,0,1,0,-1.656092965986581,2,1.2481943517291627,1
11,1726,1,0,1,-0.5580993000482826,1,2.469681008656853,1
7,13569,0,1,0,0.4262653700750024,1,-0.14970091671522912,1
6,9521,-1,1,0,-1.1287181591709905,1,-1.236792071260936,1
12,5787,1,1,0,-1.6634242889058326,1,3.2739484878517615,1
13,13310,2,1,1,-0.4402406058726868,1,-0.4323599884051708,1
7,9797,2,1,0,-1.0065944563122804,2,0.9625095185775652,1
6,7044,0,0,1,0.2970908737953688,3,2.4437432842472657,1
9,6053,2,1,0,1.6305353068618893,1,-0.32315157330784766,1
10,10995,0,0,0,2.2740947115542043,1,3.949585374787537,1
8,8300,2,0,0,1.1023591775942878,2,1.2936998723872049,1
10,11412,2,2,1,1.3859810584596737,2,1.662024945563666,1
1,9515,1,0,0,-0.7121211937681047,1,0.32311958050650136,1
5,2269,1,0,0,1.767269976270172,2,-0.7233739996875793,1
5,8002,0,0,1,1.1107336360826605,3,0.9458415795540194,1
7,5741,2,0,1,0.04822737342661321,2,-1.1069233789341995,1
5,11391,0,0,0,1.31202582714842,2,2.411093922090089,1
9,8406,1,0,1,1.3137183535886232,1,2.2373872502456944,1
7,6360,0,1,0,-0.9551684157112894,2,1.5309906597824798,1
6,12813,2,0,0,0.14479233120580837,1,-1.3024592628403613,1
7,5238,0,1,0,0.9849164911990089,0,-0.40247550919223896,1
5,11058,2,1,0,-1.766887572161844,1,-0.27068680698358216,1
9,8338,1,1,0,0.04304945304836516,1,0.5262105034508693,1
2,9947,1,0,0,-1.2424758863207965,1,-1.4581380879896457,1
12,8622,0,1,1,0.7930296576941008,1,-2.005535342790857,1
9,8029,2,0,0,-0.34927226416583135,1,-0.35954700840725595,1
11,11782,-1,2,0,-1.3842589555086322,2,1.1218416207719428,1
8,7984,2,0,1,0.7175904644535679,1,0.9226254410215201,1
4,11703,1,1,0,-1.1951643642454473,1,1.908554361097102,1
3,11883,2,1,1,0.8787086541977983,3,-0.5955345946356637,1
8,8944,0,0,0,-2.1437719982565078,1,2.5105414411210676,1
14,12723,0,0,0,-1.3333707000352262,2,1.9709951278022253,1
7,7400,1,1,0,-1.7518967291822145,1,-0.21836518089110557,1
14,5175,2,0,0,-0.10812413617232297,2,-1.0668015034107488,1
6,8231,2,0,0,-0.34873359167998186,1,0.5933757177710566,1
9,6931,1,1,0,-1.2127807401264437,2,1.3915341587744081,1
4,10985,1,1,0,0.22575147948446428,1,-1.0572840361587268,1
7,12892,-1,1,0,1.272715551317054,2,0.7771109839007326,1
6,10918,-1,0,0,-1.040693773512629,2,3.509652912235988,1
11,10728,2,1,0,-1.4413586709590134,1,1.8577415972068214,1
10,9489,3,0,0,-0.29601291681519876,1,2.7738959652928346,1
10,10260,2,0,0,-1.0426500307638902,2,1.4130224644766023,1
11,7263,2,1,0,0.020143710099938983,3,0.18801490770011098,1
5,6771,-1,0,0,-0.5590627660566052,2,0.5833521259511876,1
8,10221,2,1,0,-0.28680628712397893,1,2.636624478124962,1
10,7623,2,1,1,-0.344657365357418,1,-0.4909898715921461,1
9,9004,0,0,0,-0.8621805448144977,3,1.6669762096974086,1
2,7713,0,0,1,1.383784758638315,3,-1.1126018873315853,1
10,8296,2,1,1,-0.05512694145881286,1,0.7749960491503056,1
9,11653,3,1,0,-1.4087359730660327,3,-0.09741576718362255,1
11,12295,1,0,0,1.1663518759616747,2,0.08909590078516011,1
11,11209,3,0,0,-0.8791952153538325,3,3.1492488629927484,1
3,2947,2,0,1,-0.993339805751884,0,-0.9406382529315582,1
2,8528,1,1,0,2.6163488133312156,2,1.6287881106951803,1
11,12591,0,1,0,-0.6564221939023085,2,4.426092914943459,1
9,11909,2,1,1,-2.097619043620977,2,-0.5385854047730755,1
6,9953,1,0,0,0.1929895816264443,3,-0.36885296886397345,1
10,12822,-1,1,0,-0.7531433403898008,3,-0.5874879063783691,1
12,11278,2,1,0,-0.4252477913459977,2,-0.6504954482864029,1
12,6346,-1,1,0,0.3133574734624485,0,2.7988336701209016,1
9,11966,-1,1,0,-1.1067068915888048,1,3.6975637294851236,1
8,12712,3,1,0,2.497449680227766,3,0.5383443022073862,1
2,7881,3,1,1,1.2403753231304449,1,2.3146355656699935,1
3,9704,2,1,0,-0.6953025006581562,2,1.5682170100895523,1
8,4533,-1,0,0,-1.464905488101444,0,0.23586679775575803,1
8,7926,2,1,0,0.26965911995830183,2,-1.8142816506456916,1
10,11990,3,1,0,1.324132554877438,2,0.5002569891848976,1
9,6819,2,0,1,0.0024619477617523478,2,0.712893923163335,1
7,10392,1,0,0,-0.6666772518491563,0,0.16664570511072646,1
12,6379,2,1,1,-1.342769853099875,3,-0.03890749382333358,1
6,7000,0,0,0,-0.6254790577061471,0,0.8378135588643802,1
5,10454,0,0,1,-0.23158608701703615,2,0.3992945493524613,1
5,5785,2,1,1,-0.7201644246368478,0,3.082954177424133,1
10,7776,2,0,0,0.01327792189914856,1,0.09875617436933154,1
12,11749,0,0,0,-0.5497804314775857,2,-2.603514888137054,1
3,3051,3,1,0,2.0172763855487528,0,-0.5860767258135351,1
